
> rms@1.0.0 start
> react-scripts start

Starting the development server...

Compiled with warnings.

[eslint] 
src\pages\modules\Customer\AboutPage.jsx
  Line 9:9:    'primaryColor' is assigned a value but never used  no-unused-vars
  Line 11:21:  'setThemeMode' is assigned a value but never used  no-unused-vars

src\pages\modules\Customer\HomePage.jsx
  Line 21:7:     'RECOMMENDED_CATEGORY' is assigned a value but never used                                                                                                                      no-unused-vars
  Line 23:7:     'FREQUENTLY_CATEGORY' is assigned a value but never used                                                                                                                       no-unused-vars
  Line 82:7:     'getCategoryBgImage' is assigned a value but never used                                                                                                                        no-unused-vars
  Line 189:9:    'heroContent' is assigned a value but never used                                                                                                                               no-unused-vars
  Line 203:48:   'socialMediaDetails' is assigned a value but never used                                                                                                                        no-unused-vars
  Line 220:10:   'hoursLoading' is assigned a value but never used                                                                                                                              no-unused-vars
  Line 222:10:   'sectionsLoading' is assigned a value but never used                                                                                                                           no-unused-vars
  Line 238:9:    'renderHoursList' is assigned a value but never used                                                                                                                           no-unused-vars
  Line 283:9:    'renderDiningSections' is assigned a value but never used                                                                                                                      no-unused-vars
  Line 319:9:    'getBranchAddress' is assigned a value but never used                                                                                                                          no-unused-vars
  Line 327:10:   'currentBannerSlide' is assigned a value but never used                                                                                                                        no-unused-vars
  Line 328:25:   'setBannerHovered' is assigned a value but never used                                                                                                                          no-unused-vars
  Line 361:10:   'branchesLoading' is assigned a value but never used                                                                                                                           no-unused-vars
  Line 362:24:   'setUserLocation' is assigned a value but never used                                                                                                                           no-unused-vars
  Line 363:10:   'locationStatus' is assigned a value but never used                                                                                                                            no-unused-vars
  Line 363:26:   'setLocationStatus' is assigned a value but never used                                                                                                                         no-unused-vars
  Line 368:10:   'locationSuggestions' is assigned a value but never used                                                                                                                       no-unused-vars
  Line 369:10:   'showLocationSuggestions' is assigned a value but never used                                                                                                                   no-unused-vars
  Line 370:10:   'locationSearchLoading' is assigned a value but never used                                                                                                                     no-unused-vars
  Line 371:10:   'showCartBranchDropdown' is assigned a value but never used                                                                                                                    no-unused-vars
  Line 371:34:   'setShowCartBranchDropdown' is assigned a value but never used                                                                                                                 no-unused-vars
  Line 373:10:   'noBranchMessage' is assigned a value but never used                                                                                                                           no-unused-vars
  Line 379:9:    'locationModalSelectedRef' is assigned a value but never used                                                                                                                  no-unused-vars
  Line 380:9:    'debounceModalRef' is assigned a value but never used                                                                                                                          no-unused-vars
  Line 411:10:   'slidersLoading' is assigned a value but never used                                                                                                                            no-unused-vars
  Line 470:6:    React Hook useEffect has a missing dependency: 'heroSlideImages.length'. Either include it or remove the dependency array                                                      react-hooks/exhaustive-deps
  Line 477:6:    React Hook useEffect has a missing dependency: 'signatureDishes.length'. Either include it or remove the dependency array                                                      react-hooks/exhaustive-deps
  Line 484:6:    React Hook useEffect has a missing dependency: 'menuHeroImages.length'. Either include it or remove the dependency array                                                       react-hooks/exhaustive-deps
  Line 510:10:   'marqueeMessages' is assigned a value but never used                                                                                                                           no-unused-vars
  Line 678:25:   Expected '===' and instead saw '=='                                                                                                                                            eqeqeq
  Line 685:57:   Expected '===' and instead saw '=='                                                                                                                                            eqeqeq
  Line 717:57:   Expected '!==' and instead saw '!='                                                                                                                                            eqeqeq
  Line 723:55:   Expected '===' and instead saw '=='                                                                                                                                            eqeqeq
  Line 730:111:  Expected '===' and instead saw '=='                                                                                                                                            eqeqeq
  Line 741:96:   Expected '===' and instead saw '=='                                                                                                                                            eqeqeq
  Line 750:89:   Expected '===' and instead saw '=='                                                                                                                                            eqeqeq
  Line 756:75:   Expected '===' and instead saw '=='                                                                                                                                            eqeqeq
  Line 1416:9:   'updateCartAddonQuantity' is assigned a value but never used                                                                                                                   no-unused-vars
  Line 1436:51:  Expected '===' and instead saw '=='                                                                                                                                            eqeqeq
  Line 1562:9:   'handleLogoError' is assigned a value but never used                                                                                                                           no-unused-vars
  Line 1569:9:   'scrollCategories' is assigned a value but never used                                                                                                                          no-unused-vars
  Line 1902:9:   'selectLocation' is assigned a value but never used                                                                                                                            no-unused-vars
  Line 2080:6:   React Hook useEffect has a missing dependency: 'fetchCategories'. Either include it or remove the dependency array                                                             react-hooks/exhaustive-deps
  Line 2255:9:   'branchId' is assigned a value but never used                                                                                                                                  no-unused-vars
  Line 2356:6:   React Hook useEffect has a missing dependency: 'fetchTrendingItems'. Either include it or remove the dependency array                                                          react-hooks/exhaustive-deps
  Line 2396:6:   React Hook useEffect has missing dependencies: 'fetchFrequentlyOrderedItems', 'fetchMenuItems', and 'selectedSubcategory'. Either include them or remove the dependency array  react-hooks/exhaustive-deps
  Line 2597:6:   React Hook useEffect has a missing dependency: 'handleCategoryScroll'. Either include it or remove the dependency array                                                        react-hooks/exhaustive-deps
  Line 2631:6:   React Hook useEffect has missing dependencies: 'fetchAddresses' and 'fetchPaymentGateways'. Either include them or remove the dependency array                                 react-hooks/exhaustive-deps
  Line 2675:9:   'goToSlide' is assigned a value but never used                                                                                                                                 no-unused-vars
  Line 2679:9:   'nextSlide' is assigned a value but never used                                                                                                                                 no-unused-vars
  Line 2683:9:   'prevSlide' is assigned a value but never used                                                                                                                                 no-unused-vars
  Line 2723:9:   'handlePortraitCategoryClick' is assigned a value but never used                                                                                                               no-unused-vars

src\routes\LoginRoutes.js
  Line 4:25:  'Navigate' is defined but never used  no-unused-vars

Search for the keywords to learn more about each warning.
To ignore, add // eslint-disable-next-line to the line before.

[1m[33mWARNING[39m[22m in [1m[eslint] 
src\pages\modules\Customer\AboutPage.jsx
  Line 9:9:    'primaryColor' is assigned a value but never used  no-unused-vars
  Line 11:21:  'setThemeMode' is assigned a value but never used  no-unused-vars

src\pages\modules\Customer\HomePage.jsx
  Line 21:7:     'RECOMMENDED_CATEGORY' is assigned a value but never used                                                                                                                      no-unused-vars
  Line 23:7:     'FREQUENTLY_CATEGORY' is assigned a value but never used                                                                                                                       no-unused-vars
  Line 82:7:     'getCategoryBgImage' is assigned a value but never used                                                                                                                        no-unused-vars
  Line 189:9:    'heroContent' is assigned a value but never used                                                                                                                               no-unused-vars
  Line 203:48:   'socialMediaDetails' is assigned a value but never used                                                                                                                        no-unused-vars
  Line 220:10:   'hoursLoading' is assigned a value but never used                                                                                                                              no-unused-vars
  Line 222:10:   'sectionsLoading' is assigned a value but never used                                                                                                                           no-unused-vars
  Line 238:9:    'renderHoursList' is assigned a value but never used                                                                                                                           no-unused-vars
  Line 283:9:    'renderDiningSections' is assigned a value but never used                                                                                                                      no-unused-vars
  Line 319:9:    'getBranchAddress' is assigned a value but never used                                                                                                                          no-unused-vars
  Line 327:10:   'currentBannerSlide' is assigned a value but never used                                                                                                                        no-unused-vars
  Line 328:25:   'setBannerHovered' is assigned a value but never used                                                                                                                          no-unused-vars
  Line 361:10:   'branchesLoading' is assigned a value but never used                                                                                                                           no-unused-vars
  Line 362:24:   'setUserLocation' is assigned a value but never used                                                                                                                           no-unused-vars
  Line 363:10:   'locationStatus' is assigned a value but never used                                                                                                                            no-unused-vars
  Line 363:26:   'setLocationStatus' is assigned a value but never used                                                                                                                         no-unused-vars
  Line 368:10:   'locationSuggestions' is assigned a value but never used                                                                                                                       no-unused-vars
  Line 369:10:   'showLocationSuggestions' is assigned a value but never used                                                                                                                   no-unused-vars
  Line 370:10:   'locationSearchLoading' is assigned a value but never used                                                                                                                     no-unused-vars
  Line 371:10:   'showCartBranchDropdown' is assigned a value but never used                                                                                                                    no-unused-vars
  Line 371:34:   'setShowCartBranchDropdown' is assigned a value but never used                                                                                                                 no-unused-vars
  Line 373:10:   'noBranchMessage' is assigned a value but never used                                                                                                                           no-unused-vars
  Line 379:9:    'locationModalSelectedRef' is assigned a value but never used                                                                                                                  no-unused-vars
  Line 380:9:    'debounceModalRef' is assigned a value but never used                                                                                                                          no-unused-vars
  Line 411:10:   'slidersLoading' is assigned a value but never used                                                                                                                            no-unused-vars
  Line 470:6:    React Hook useEffect has a missing dependency: 'heroSlideImages.length'. Either include it or remove the dependency array                                                      react-hooks/exhaustive-deps
  Line 477:6:    React Hook useEffect has a missing dependency: 'signatureDishes.length'. Either include it or remove the dependency array                                                      react-hooks/exhaustive-deps
  Line 484:6:    React Hook useEffect has a missing dependency: 'menuHeroImages.length'. Either include it or remove the dependency array                                                       react-hooks/exhaustive-deps
  Line 510:10:   'marqueeMessages' is assigned a value but never used                                                                                                                           no-unused-vars
  Line 678:25:   Expected '===' and instead saw '=='                                                                                                                                            eqeqeq
  Line 685:57:   Expected '===' and instead saw '=='                                                                                                                                            eqeqeq
  Line 717:57:   Expected '!==' and instead saw '!='                                                                                                                                            eqeqeq
  Line 723:55:   Expected '===' and instead saw '=='                                                                                                                                            eqeqeq
  Line 730:111:  Expected '===' and instead saw '=='                                                                                                                                            eqeqeq
  Line 741:96:   Expected '===' and instead saw '=='                                                                                                                                            eqeqeq
  Line 750:89:   Expected '===' and instead saw '=='                                                                                                                                            eqeqeq
  Line 756:75:   Expected '===' and instead saw '=='                                                                                                                                            eqeqeq
  Line 1416:9:   'updateCartAddonQuantity' is assigned a value but never used                                                                                                                   no-unused-vars
  Line 1436:51:  Expected '===' and instead saw '=='                                                                                                                                            eqeqeq
  Line 1562:9:   'handleLogoError' is assigned a value but never used                                                                                                                           no-unused-vars
  Line 1569:9:   'scrollCategories' is assigned a value but never used                                                                                                                          no-unused-vars
  Line 1902:9:   'selectLocation' is assigned a value but never used                                                                                                                            no-unused-vars
  Line 2080:6:   React Hook useEffect has a missing dependency: 'fetchCategories'. Either include it or remove the dependency array                                                             react-hooks/exhaustive-deps
  Line 2255:9:   'branchId' is assigned a value but never used                                                                                                                                  no-unused-vars
  Line 2356:6:   React Hook useEffect has a missing dependency: 'fetchTrendingItems'. Either include it or remove the dependency array                                                          react-hooks/exhaustive-deps
  Line 2396:6:   React Hook useEffect has missing dependencies: 'fetchFrequentlyOrderedItems', 'fetchMenuItems', and 'selectedSubcategory'. Either include them or remove the dependency array  react-hooks/exhaustive-deps
  Line 2597:6:   React Hook useEffect has a missing dependency: 'handleCategoryScroll'. Either include it or remove the dependency array                                                        react-hooks/exhaustive-deps
  Line 2631:6:   React Hook useEffect has missing dependencies: 'fetchAddresses' and 'fetchPaymentGateways'. Either include them or remove the dependency array                                 react-hooks/exhaustive-deps
  Line 2675:9:   'goToSlide' is assigned a value but never used                                                                                                                                 no-unused-vars
  Line 2679:9:   'nextSlide' is assigned a value but never used                                                                                                                                 no-unused-vars
  Line 2683:9:   'prevSlide' is assigned a value but never used                                                                                                                                 no-unused-vars
  Line 2723:9:   'handlePortraitCategoryClick' is assigned a value but never used                                                                                                               no-unused-vars

src\routes\LoginRoutes.js
  Line 4:25:  'Navigate' is defined but never used  no-unused-vars

[39m[22m

webpack compiled with [1m[33m1 warning[39m[22m
Compiling...
Compiled with warnings.

[eslint] 
src\pages\modules\Customer\AboutPage.jsx
  Line 9:9:    'primaryColor' is assigned a value but never used  no-unused-vars
  Line 11:21:  'setThemeMode' is assigned a value but never used  no-unused-vars

src\pages\modules\Customer\HomePage.jsx
  Line 21:7:     'RECOMMENDED_CATEGORY' is assigned a value but never used                                                                                                                      no-unused-vars
  Line 23:7:     'FREQUENTLY_CATEGORY' is assigned a value but never used                                                                                                                       no-unused-vars
  Line 82:7:     'getCategoryBgImage' is assigned a value but never used                                                                                                                        no-unused-vars
  Line 189:9:    'heroContent' is assigned a value but never used                                                                                                                               no-unused-vars
  Line 203:48:   'socialMediaDetails' is assigned a value but never used                                                                                                                        no-unused-vars
  Line 220:10:   'hoursLoading' is assigned a value but never used                                                                                                                              no-unused-vars
  Line 222:10:   'sectionsLoading' is assigned a value but never used                                                                                                                           no-unused-vars
  Line 238:9:    'renderHoursList' is assigned a value but never used                                                                                                                           no-unused-vars
  Line 283:9:    'renderDiningSections' is assigned a value but never used                                                                                                                      no-unused-vars
  Line 319:9:    'getBranchAddress' is assigned a value but never used                                                                                                                          no-unused-vars
  Line 327:10:   'currentBannerSlide' is assigned a value but never used                                                                                                                        no-unused-vars
  Line 328:25:   'setBannerHovered' is assigned a value but never used                                                                                                                          no-unused-vars
  Line 361:10:   'branchesLoading' is assigned a value but never used                                                                                                                           no-unused-vars
  Line 362:24:   'setUserLocation' is assigned a value but never used                                                                                                                           no-unused-vars
  Line 363:10:   'locationStatus' is assigned a value but never used                                                                                                                            no-unused-vars
  Line 363:26:   'setLocationStatus' is assigned a value but never used                                                                                                                         no-unused-vars
  Line 368:10:   'locationSuggestions' is assigned a value but never used                                                                                                                       no-unused-vars
  Line 369:10:   'showLocationSuggestions' is assigned a value but never used                                                                                                                   no-unused-vars
  Line 370:10:   'locationSearchLoading' is assigned a value but never used                                                                                                                     no-unused-vars
  Line 371:10:   'showCartBranchDropdown' is assigned a value but never used                                                                                                                    no-unused-vars
  Line 371:34:   'setShowCartBranchDropdown' is assigned a value but never used                                                                                                                 no-unused-vars
  Line 373:10:   'noBranchMessage' is assigned a value but never used                                                                                                                           no-unused-vars
  Line 379:9:    'locationModalSelectedRef' is assigned a value but never used                                                                                                                  no-unused-vars
  Line 380:9:    'debounceModalRef' is assigned a value but never used                                                                                                                          no-unused-vars
  Line 411:10:   'slidersLoading' is assigned a value but never used                                                                                                                            no-unused-vars
  Line 470:6:    React Hook useEffect has a missing dependency: 'heroSlideImages.length'. Either include it or remove the dependency array                                                      react-hooks/exhaustive-deps
  Line 477:6:    React Hook useEffect has a missing dependency: 'signatureDishes.length'. Either include it or remove the dependency array                                                      react-hooks/exhaustive-deps
  Line 484:6:    React Hook useEffect has a missing dependency: 'menuHeroImages.length'. Either include it or remove the dependency array                                                       react-hooks/exhaustive-deps
  Line 510:10:   'marqueeMessages' is assigned a value but never used                                                                                                                           no-unused-vars
  Line 678:25:   Expected '===' and instead saw '=='                                                                                                                                            eqeqeq
  Line 685:57:   Expected '===' and instead saw '=='                                                                                                                                            eqeqeq
  Line 717:57:   Expected '!==' and instead saw '!='                                                                                                                                            eqeqeq
  Line 723:55:   Expected '===' and instead saw '=='                                                                                                                                            eqeqeq
  Line 730:111:  Expected '===' and instead saw '=='                                                                                                                                            eqeqeq
  Line 741:96:   Expected '===' and instead saw '=='                                                                                                                                            eqeqeq
  Line 750:89:   Expected '===' and instead saw '=='                                                                                                                                            eqeqeq
  Line 756:75:   Expected '===' and instead saw '=='                                                                                                                                            eqeqeq
  Line 1416:9:   'updateCartAddonQuantity' is assigned a value but never used                                                                                                                   no-unused-vars
  Line 1436:51:  Expected '===' and instead saw '=='                                                                                                                                            eqeqeq
  Line 1562:9:   'handleLogoError' is assigned a value but never used                                                                                                                           no-unused-vars
  Line 1569:9:   'scrollCategories' is assigned a value but never used                                                                                                                          no-unused-vars
  Line 1902:9:   'selectLocation' is assigned a value but never used                                                                                                                            no-unused-vars
  Line 2080:6:   React Hook useEffect has a missing dependency: 'fetchCategories'. Either include it or remove the dependency array                                                             react-hooks/exhaustive-deps
  Line 2255:9:   'branchId' is assigned a value but never used                                                                                                                                  no-unused-vars
  Line 2356:6:   React Hook useEffect has a missing dependency: 'fetchTrendingItems'. Either include it or remove the dependency array                                                          react-hooks/exhaustive-deps
  Line 2396:6:   React Hook useEffect has missing dependencies: 'fetchFrequentlyOrderedItems', 'fetchMenuItems', and 'selectedSubcategory'. Either include them or remove the dependency array  react-hooks/exhaustive-deps
  Line 2597:6:   React Hook useEffect has a missing dependency: 'handleCategoryScroll'. Either include it or remove the dependency array                                                        react-hooks/exhaustive-deps
  Line 2631:6:   React Hook useEffect has missing dependencies: 'fetchAddresses' and 'fetchPaymentGateways'. Either include them or remove the dependency array                                 react-hooks/exhaustive-deps
  Line 2675:9:   'goToSlide' is assigned a value but never used                                                                                                                                 no-unused-vars
  Line 2679:9:   'nextSlide' is assigned a value but never used                                                                                                                                 no-unused-vars
  Line 2683:9:   'prevSlide' is assigned a value but never used                                                                                                                                 no-unused-vars
  Line 2723:9:   'handlePortraitCategoryClick' is assigned a value but never used                                                                                                               no-unused-vars

src\routes\LoginRoutes.js
  Line 4:25:  'Navigate' is defined but never used  no-unused-vars

Search for the keywords to learn more about each warning.
To ignore, add // eslint-disable-next-line to the line before.

[1m[33mWARNING[39m[22m in [1m[eslint] 
src\pages\modules\Customer\AboutPage.jsx
  Line 9:9:    'primaryColor' is assigned a value but never used  no-unused-vars
  Line 11:21:  'setThemeMode' is assigned a value but never used  no-unused-vars

src\pages\modules\Customer\HomePage.jsx
  Line 21:7:     'RECOMMENDED_CATEGORY' is assigned a value but never used                                                                                                                      no-unused-vars
  Line 23:7:     'FREQUENTLY_CATEGORY' is assigned a value but never used                                                                                                                       no-unused-vars
  Line 82:7:     'getCategoryBgImage' is assigned a value but never used                                                                                                                        no-unused-vars
  Line 189:9:    'heroContent' is assigned a value but never used                                                                                                                               no-unused-vars
  Line 203:48:   'socialMediaDetails' is assigned a value but never used                                                                                                                        no-unused-vars
  Line 220:10:   'hoursLoading' is assigned a value but never used                                                                                                                              no-unused-vars
  Line 222:10:   'sectionsLoading' is assigned a value but never used                                                                                                                           no-unused-vars
  Line 238:9:    'renderHoursList' is assigned a value but never used                                                                                                                           no-unused-vars
  Line 283:9:    'renderDiningSections' is assigned a value but never used                                                                                                                      no-unused-vars
  Line 319:9:    'getBranchAddress' is assigned a value but never used                                                                                                                          no-unused-vars
  Line 327:10:   'currentBannerSlide' is assigned a value but never used                                                                                                                        no-unused-vars
  Line 328:25:   'setBannerHovered' is assigned a value but never used                                                                                                                          no-unused-vars
  Line 361:10:   'branchesLoading' is assigned a value but never used                                                                                                                           no-unused-vars
  Line 362:24:   'setUserLocation' is assigned a value but never used                                                                                                                           no-unused-vars
  Line 363:10:   'locationStatus' is assigned a value but never used                                                                                                                            no-unused-vars
  Line 363:26:   'setLocationStatus' is assigned a value but never used                                                                                                                         no-unused-vars
  Line 368:10:   'locationSuggestions' is assigned a value but never used                                                                                                                       no-unused-vars
  Line 369:10:   'showLocationSuggestions' is assigned a value but never used                                                                                                                   no-unused-vars
  Line 370:10:   'locationSearchLoading' is assigned a value but never used                                                                                                                     no-unused-vars
  Line 371:10:   'showCartBranchDropdown' is assigned a value but never used                                                                                                                    no-unused-vars
  Line 371:34:   'setShowCartBranchDropdown' is assigned a value but never used                                                                                                                 no-unused-vars
  Line 373:10:   'noBranchMessage' is assigned a value but never used                                                                                                                           no-unused-vars
  Line 379:9:    'locationModalSelectedRef' is assigned a value but never used                                                                                                                  no-unused-vars
  Line 380:9:    'debounceModalRef' is assigned a value but never used                                                                                                                          no-unused-vars
  Line 411:10:   'slidersLoading' is assigned a value but never used                                                                                                                            no-unused-vars
  Line 470:6:    React Hook useEffect has a missing dependency: 'heroSlideImages.length'. Either include it or remove the dependency array                                                      react-hooks/exhaustive-deps
  Line 477:6:    React Hook useEffect has a missing dependency: 'signatureDishes.length'. Either include it or remove the dependency array                                                      react-hooks/exhaustive-deps
  Line 484:6:    React Hook useEffect has a missing dependency: 'menuHeroImages.length'. Either include it or remove the dependency array                                                       react-hooks/exhaustive-deps
  Line 510:10:   'marqueeMessages' is assigned a value but never used                                                                                                                           no-unused-vars
  Line 678:25:   Expected '===' and instead saw '=='                                                                                                                                            eqeqeq
  Line 685:57:   Expected '===' and instead saw '=='                                                                                                                                            eqeqeq
  Line 717:57:   Expected '!==' and instead saw '!='                                                                                                                                            eqeqeq
  Line 723:55:   Expected '===' and instead saw '=='                                                                                                                                            eqeqeq
  Line 730:111:  Expected '===' and instead saw '=='                                                                                                                                            eqeqeq
  Line 741:96:   Expected '===' and instead saw '=='                                                                                                                                            eqeqeq
  Line 750:89:   Expected '===' and instead saw '=='                                                                                                                                            eqeqeq
  Line 756:75:   Expected '===' and instead saw '=='                                                                                                                                            eqeqeq
  Line 1416:9:   'updateCartAddonQuantity' is assigned a value but never used                                                                                                                   no-unused-vars
  Line 1436:51:  Expected '===' and instead saw '=='                                                                                                                                            eqeqeq
  Line 1562:9:   'handleLogoError' is assigned a value but never used                                                                                                                           no-unused-vars
  Line 1569:9:   'scrollCategories' is assigned a value but never used                                                                                                                          no-unused-vars
  Line 1902:9:   'selectLocation' is assigned a value but never used                                                                                                                            no-unused-vars
  Line 2080:6:   React Hook useEffect has a missing dependency: 'fetchCategories'. Either include it or remove the dependency array                                                             react-hooks/exhaustive-deps
  Line 2255:9:   'branchId' is assigned a value but never used                                                                                                                                  no-unused-vars
  Line 2356:6:   React Hook useEffect has a missing dependency: 'fetchTrendingItems'. Either include it or remove the dependency array                                                          react-hooks/exhaustive-deps
  Line 2396:6:   React Hook useEffect has missing dependencies: 'fetchFrequentlyOrderedItems', 'fetchMenuItems', and 'selectedSubcategory'. Either include them or remove the dependency array  react-hooks/exhaustive-deps
  Line 2597:6:   React Hook useEffect has a missing dependency: 'handleCategoryScroll'. Either include it or remove the dependency array                                                        react-hooks/exhaustive-deps
  Line 2631:6:   React Hook useEffect has missing dependencies: 'fetchAddresses' and 'fetchPaymentGateways'. Either include them or remove the dependency array                                 react-hooks/exhaustive-deps
  Line 2675:9:   'goToSlide' is assigned a value but never used                                                                                                                                 no-unused-vars
  Line 2679:9:   'nextSlide' is assigned a value but never used                                                                                                                                 no-unused-vars
  Line 2683:9:   'prevSlide' is assigned a value but never used                                                                                                                                 no-unused-vars
  Line 2723:9:   'handlePortraitCategoryClick' is assigned a value but never used                                                                                                               no-unused-vars

src\routes\LoginRoutes.js
  Line 4:25:  'Navigate' is defined but never used  no-unused-vars

[39m[22m

webpack compiled with [1m[33m1 warning[39m[22m
Compiling...
Compiled with warnings.

[eslint] 
src\pages\modules\Customer\AboutPage.jsx
  Line 9:9:    'primaryColor' is assigned a value but never used  no-unused-vars
  Line 11:21:  'setThemeMode' is assigned a value but never used  no-unused-vars

src\pages\modules\Customer\HomePage.jsx
  Line 21:7:     'RECOMMENDED_CATEGORY' is assigned a value but never used                                                                                                                      no-unused-vars
  Line 23:7:     'FREQUENTLY_CATEGORY' is assigned a value but never used                                                                                                                       no-unused-vars
  Line 82:7:     'getCategoryBgImage' is assigned a value but never used                                                                                                                        no-unused-vars
  Line 189:9:    'heroContent' is assigned a value but never used                                                                                                                               no-unused-vars
  Line 203:48:   'socialMediaDetails' is assigned a value but never used                                                                                                                        no-unused-vars
  Line 220:10:   'hoursLoading' is assigned a value but never used                                                                                                                              no-unused-vars
  Line 222:10:   'sectionsLoading' is assigned a value but never used                                                                                                                           no-unused-vars
  Line 238:9:    'renderHoursList' is assigned a value but never used                                                                                                                           no-unused-vars
  Line 283:9:    'renderDiningSections' is assigned a value but never used                                                                                                                      no-unused-vars
  Line 319:9:    'getBranchAddress' is assigned a value but never used                                                                                                                          no-unused-vars
  Line 327:10:   'currentBannerSlide' is assigned a value but never used                                                                                                                        no-unused-vars
  Line 328:25:   'setBannerHovered' is assigned a value but never used                                                                                                                          no-unused-vars
  Line 361:10:   'branchesLoading' is assigned a value but never used                                                                                                                           no-unused-vars
  Line 362:24:   'setUserLocation' is assigned a value but never used                                                                                                                           no-unused-vars
  Line 363:10:   'locationStatus' is assigned a value but never used                                                                                                                            no-unused-vars
  Line 363:26:   'setLocationStatus' is assigned a value but never used                                                                                                                         no-unused-vars
  Line 368:10:   'locationSuggestions' is assigned a value but never used                                                                                                                       no-unused-vars
  Line 369:10:   'showLocationSuggestions' is assigned a value but never used                                                                                                                   no-unused-vars
  Line 370:10:   'locationSearchLoading' is assigned a value but never used                                                                                                                     no-unused-vars
  Line 371:10:   'showCartBranchDropdown' is assigned a value but never used                                                                                                                    no-unused-vars
  Line 371:34:   'setShowCartBranchDropdown' is assigned a value but never used                                                                                                                 no-unused-vars
  Line 373:10:   'noBranchMessage' is assigned a value but never used                                                                                                                           no-unused-vars
  Line 379:9:    'locationModalSelectedRef' is assigned a value but never used                                                                                                                  no-unused-vars
  Line 380:9:    'debounceModalRef' is assigned a value but never used                                                                                                                          no-unused-vars
  Line 411:10:   'slidersLoading' is assigned a value but never used                                                                                                                            no-unused-vars
  Line 470:6:    React Hook useEffect has a missing dependency: 'heroSlideImages.length'. Either include it or remove the dependency array                                                      react-hooks/exhaustive-deps
  Line 477:6:    React Hook useEffect has a missing dependency: 'signatureDishes.length'. Either include it or remove the dependency array                                                      react-hooks/exhaustive-deps
  Line 484:6:    React Hook useEffect has a missing dependency: 'menuHeroImages.length'. Either include it or remove the dependency array                                                       react-hooks/exhaustive-deps
  Line 510:10:   'marqueeMessages' is assigned a value but never used                                                                                                                           no-unused-vars
  Line 678:25:   Expected '===' and instead saw '=='                                                                                                                                            eqeqeq
  Line 685:57:   Expected '===' and instead saw '=='                                                                                                                                            eqeqeq
  Line 717:57:   Expected '!==' and instead saw '!='                                                                                                                                            eqeqeq
  Line 723:55:   Expected '===' and instead saw '=='                                                                                                                                            eqeqeq
  Line 730:111:  Expected '===' and instead saw '=='                                                                                                                                            eqeqeq
  Line 741:96:   Expected '===' and instead saw '=='                                                                                                                                            eqeqeq
  Line 750:89:   Expected '===' and instead saw '=='                                                                                                                                            eqeqeq
  Line 756:75:   Expected '===' and instead saw '=='                                                                                                                                            eqeqeq
  Line 1416:9:   'updateCartAddonQuantity' is assigned a value but never used                                                                                                                   no-unused-vars
  Line 1436:51:  Expected '===' and instead saw '=='                                                                                                                                            eqeqeq
  Line 1562:9:   'handleLogoError' is assigned a value but never used                                                                                                                           no-unused-vars
  Line 1569:9:   'scrollCategories' is assigned a value but never used                                                                                                                          no-unused-vars
  Line 1902:9:   'selectLocation' is assigned a value but never used                                                                                                                            no-unused-vars
  Line 2080:6:   React Hook useEffect has a missing dependency: 'fetchCategories'. Either include it or remove the dependency array                                                             react-hooks/exhaustive-deps
  Line 2255:9:   'branchId' is assigned a value but never used                                                                                                                                  no-unused-vars
  Line 2356:6:   React Hook useEffect has a missing dependency: 'fetchTrendingItems'. Either include it or remove the dependency array                                                          react-hooks/exhaustive-deps
  Line 2396:6:   React Hook useEffect has missing dependencies: 'fetchFrequentlyOrderedItems', 'fetchMenuItems', and 'selectedSubcategory'. Either include them or remove the dependency array  react-hooks/exhaustive-deps
  Line 2597:6:   React Hook useEffect has a missing dependency: 'handleCategoryScroll'. Either include it or remove the dependency array                                                        react-hooks/exhaustive-deps
  Line 2631:6:   React Hook useEffect has missing dependencies: 'fetchAddresses' and 'fetchPaymentGateways'. Either include them or remove the dependency array                                 react-hooks/exhaustive-deps
  Line 2675:9:   'goToSlide' is assigned a value but never used                                                                                                                                 no-unused-vars
  Line 2679:9:   'nextSlide' is assigned a value but never used                                                                                                                                 no-unused-vars
  Line 2683:9:   'prevSlide' is assigned a value but never used                                                                                                                                 no-unused-vars
  Line 2723:9:   'handlePortraitCategoryClick' is assigned a value but never used                                                                                                               no-unused-vars

src\routes\LoginRoutes.js
  Line 4:25:  'Navigate' is defined but never used  no-unused-vars

Search for the keywords to learn more about each warning.
To ignore, add // eslint-disable-next-line to the line before.

[1m[33mWARNING[39m[22m in [1m[eslint] 
src\pages\modules\Customer\AboutPage.jsx
  Line 9:9:    'primaryColor' is assigned a value but never used  no-unused-vars
  Line 11:21:  'setThemeMode' is assigned a value but never used  no-unused-vars

src\pages\modules\Customer\HomePage.jsx
  Line 21:7:     'RECOMMENDED_CATEGORY' is assigned a value but never used                                                                                                                      no-unused-vars
  Line 23:7:     'FREQUENTLY_CATEGORY' is assigned a value but never used                                                                                                                       no-unused-vars
  Line 82:7:     'getCategoryBgImage' is assigned a value but never used                                                                                                                        no-unused-vars
  Line 189:9:    'heroContent' is assigned a value but never used                                                                                                                               no-unused-vars
  Line 203:48:   'socialMediaDetails' is assigned a value but never used                                                                                                                        no-unused-vars
  Line 220:10:   'hoursLoading' is assigned a value but never used                                                                                                                              no-unused-vars
  Line 222:10:   'sectionsLoading' is assigned a value but never used                                                                                                                           no-unused-vars
  Line 238:9:    'renderHoursList' is assigned a value but never used                                                                                                                           no-unused-vars
  Line 283:9:    'renderDiningSections' is assigned a value but never used                                                                                                                      no-unused-vars
  Line 319:9:    'getBranchAddress' is assigned a value but never used                                                                                                                          no-unused-vars
  Line 327:10:   'currentBannerSlide' is assigned a value but never used                                                                                                                        no-unused-vars
  Line 328:25:   'setBannerHovered' is assigned a value but never used                                                                                                                          no-unused-vars
  Line 361:10:   'branchesLoading' is assigned a value but never used                                                                                                                           no-unused-vars
  Line 362:24:   'setUserLocation' is assigned a value but never used                                                                                                                           no-unused-vars
  Line 363:10:   'locationStatus' is assigned a value but never used                                                                                                                            no-unused-vars
  Line 363:26:   'setLocationStatus' is assigned a value but never used                                                                                                                         no-unused-vars
  Line 368:10:   'locationSuggestions' is assigned a value but never used                                                                                                                       no-unused-vars
  Line 369:10:   'showLocationSuggestions' is assigned a value but never used                                                                                                                   no-unused-vars
  Line 370:10:   'locationSearchLoading' is assigned a value but never used                                                                                                                     no-unused-vars
  Line 371:10:   'showCartBranchDropdown' is assigned a value but never used                                                                                                                    no-unused-vars
  Line 371:34:   'setShowCartBranchDropdown' is assigned a value but never used                                                                                                                 no-unused-vars
  Line 373:10:   'noBranchMessage' is assigned a value but never used                                                                                                                           no-unused-vars
  Line 379:9:    'locationModalSelectedRef' is assigned a value but never used                                                                                                                  no-unused-vars
  Line 380:9:    'debounceModalRef' is assigned a value but never used                                                                                                                          no-unused-vars
  Line 411:10:   'slidersLoading' is assigned a value but never used                                                                                                                            no-unused-vars
  Line 470:6:    React Hook useEffect has a missing dependency: 'heroSlideImages.length'. Either include it or remove the dependency array                                                      react-hooks/exhaustive-deps
  Line 477:6:    React Hook useEffect has a missing dependency: 'signatureDishes.length'. Either include it or remove the dependency array                                                      react-hooks/exhaustive-deps
  Line 484:6:    React Hook useEffect has a missing dependency: 'menuHeroImages.length'. Either include it or remove the dependency array                                                       react-hooks/exhaustive-deps
  Line 510:10:   'marqueeMessages' is assigned a value but never used                                                                                                                           no-unused-vars
  Line 678:25:   Expected '===' and instead saw '=='                                                                                                                                            eqeqeq
  Line 685:57:   Expected '===' and instead saw '=='                                                                                                                                            eqeqeq
  Line 717:57:   Expected '!==' and instead saw '!='                                                                                                                                            eqeqeq
  Line 723:55:   Expected '===' and instead saw '=='                                                                                                                                            eqeqeq
  Line 730:111:  Expected '===' and instead saw '=='                                                                                                                                            eqeqeq
  Line 741:96:   Expected '===' and instead saw '=='                                                                                                                                            eqeqeq
  Line 750:89:   Expected '===' and instead saw '=='                                                                                                                                            eqeqeq
  Line 756:75:   Expected '===' and instead saw '=='                                                                                                                                            eqeqeq
  Line 1416:9:   'updateCartAddonQuantity' is assigned a value but never used                                                                                                                   no-unused-vars
  Line 1436:51:  Expected '===' and instead saw '=='                                                                                                                                            eqeqeq
  Line 1562:9:   'handleLogoError' is assigned a value but never used                                                                                                                           no-unused-vars
  Line 1569:9:   'scrollCategories' is assigned a value but never used                                                                                                                          no-unused-vars
  Line 1902:9:   'selectLocation' is assigned a value but never used                                                                                                                            no-unused-vars
  Line 2080:6:   React Hook useEffect has a missing dependency: 'fetchCategories'. Either include it or remove the dependency array                                                             react-hooks/exhaustive-deps
  Line 2255:9:   'branchId' is assigned a value but never used                                                                                                                                  no-unused-vars
  Line 2356:6:   React Hook useEffect has a missing dependency: 'fetchTrendingItems'. Either include it or remove the dependency array                                                          react-hooks/exhaustive-deps
  Line 2396:6:   React Hook useEffect has missing dependencies: 'fetchFrequentlyOrderedItems', 'fetchMenuItems', and 'selectedSubcategory'. Either include them or remove the dependency array  react-hooks/exhaustive-deps
  Line 2597:6:   React Hook useEffect has a missing dependency: 'handleCategoryScroll'. Either include it or remove the dependency array                                                        react-hooks/exhaustive-deps
  Line 2631:6:   React Hook useEffect has missing dependencies: 'fetchAddresses' and 'fetchPaymentGateways'. Either include them or remove the dependency array                                 react-hooks/exhaustive-deps
  Line 2675:9:   'goToSlide' is assigned a value but never used                                                                                                                                 no-unused-vars
  Line 2679:9:   'nextSlide' is assigned a value but never used                                                                                                                                 no-unused-vars
  Line 2683:9:   'prevSlide' is assigned a value but never used                                                                                                                                 no-unused-vars
  Line 2723:9:   'handlePortraitCategoryClick' is assigned a value but never used                                                                                                               no-unused-vars

src\routes\LoginRoutes.js
  Line 4:25:  'Navigate' is defined but never used  no-unused-vars

[39m[22m

webpack compiled with [1m[33m1 warning[39m[22m
Compiling...
Compiled with warnings.

[eslint] 
src\pages\modules\Customer\AboutPage.jsx
  Line 9:9:    'primaryColor' is assigned a value but never used  no-unused-vars
  Line 11:21:  'setThemeMode' is assigned a value but never used  no-unused-vars

src\pages\modules\Customer\HomePage.jsx
  Line 21:7:     'RECOMMENDED_CATEGORY' is assigned a value but never used                                                                                                                      no-unused-vars
  Line 23:7:     'FREQUENTLY_CATEGORY' is assigned a value but never used                                                                                                                       no-unused-vars
  Line 82:7:     'getCategoryBgImage' is assigned a value but never used                                                                                                                        no-unused-vars
  Line 189:9:    'heroContent' is assigned a value but never used                                                                                                                               no-unused-vars
  Line 203:48:   'socialMediaDetails' is assigned a value but never used                                                                                                                        no-unused-vars
  Line 220:10:   'hoursLoading' is assigned a value but never used                                                                                                                              no-unused-vars
  Line 222:10:   'sectionsLoading' is assigned a value but never used                                                                                                                           no-unused-vars
  Line 238:9:    'renderHoursList' is assigned a value but never used                                                                                                                           no-unused-vars
  Line 283:9:    'renderDiningSections' is assigned a value but never used                                                                                                                      no-unused-vars
  Line 319:9:    'getBranchAddress' is assigned a value but never used                                                                                                                          no-unused-vars
  Line 327:10:   'currentBannerSlide' is assigned a value but never used                                                                                                                        no-unused-vars
  Line 328:25:   'setBannerHovered' is assigned a value but never used                                                                                                                          no-unused-vars
  Line 361:10:   'branchesLoading' is assigned a value but never used                                                                                                                           no-unused-vars
  Line 362:24:   'setUserLocation' is assigned a value but never used                                                                                                                           no-unused-vars
  Line 363:10:   'locationStatus' is assigned a value but never used                                                                                                                            no-unused-vars
  Line 363:26:   'setLocationStatus' is assigned a value but never used                                                                                                                         no-unused-vars
  Line 368:10:   'locationSuggestions' is assigned a value but never used                                                                                                                       no-unused-vars
  Line 369:10:   'showLocationSuggestions' is assigned a value but never used                                                                                                                   no-unused-vars
  Line 370:10:   'locationSearchLoading' is assigned a value but never used                                                                                                                     no-unused-vars
  Line 371:10:   'showCartBranchDropdown' is assigned a value but never used                                                                                                                    no-unused-vars
  Line 371:34:   'setShowCartBranchDropdown' is assigned a value but never used                                                                                                                 no-unused-vars
  Line 373:10:   'noBranchMessage' is assigned a value but never used                                                                                                                           no-unused-vars
  Line 379:9:    'locationModalSelectedRef' is assigned a value but never used                                                                                                                  no-unused-vars
  Line 380:9:    'debounceModalRef' is assigned a value but never used                                                                                                                          no-unused-vars
  Line 411:10:   'slidersLoading' is assigned a value but never used                                                                                                                            no-unused-vars
  Line 470:6:    React Hook useEffect has a missing dependency: 'heroSlideImages.length'. Either include it or remove the dependency array                                                      react-hooks/exhaustive-deps
  Line 477:6:    React Hook useEffect has a missing dependency: 'signatureDishes.length'. Either include it or remove the dependency array                                                      react-hooks/exhaustive-deps
  Line 484:6:    React Hook useEffect has a missing dependency: 'menuHeroImages.length'. Either include it or remove the dependency array                                                       react-hooks/exhaustive-deps
  Line 510:10:   'marqueeMessages' is assigned a value but never used                                                                                                                           no-unused-vars
  Line 678:25:   Expected '===' and instead saw '=='                                                                                                                                            eqeqeq
  Line 685:57:   Expected '===' and instead saw '=='                                                                                                                                            eqeqeq
  Line 717:57:   Expected '!==' and instead saw '!='                                                                                                                                            eqeqeq
  Line 723:55:   Expected '===' and instead saw '=='                                                                                                                                            eqeqeq
  Line 730:111:  Expected '===' and instead saw '=='                                                                                                                                            eqeqeq
  Line 741:96:   Expected '===' and instead saw '=='                                                                                                                                            eqeqeq
  Line 750:89:   Expected '===' and instead saw '=='                                                                                                                                            eqeqeq
  Line 756:75:   Expected '===' and instead saw '=='                                                                                                                                            eqeqeq
  Line 1416:9:   'updateCartAddonQuantity' is assigned a value but never used                                                                                                                   no-unused-vars
  Line 1436:51:  Expected '===' and instead saw '=='                                                                                                                                            eqeqeq
  Line 1562:9:   'handleLogoError' is assigned a value but never used                                                                                                                           no-unused-vars
  Line 1569:9:   'scrollCategories' is assigned a value but never used                                                                                                                          no-unused-vars
  Line 1902:9:   'selectLocation' is assigned a value but never used                                                                                                                            no-unused-vars
  Line 2080:6:   React Hook useEffect has a missing dependency: 'fetchCategories'. Either include it or remove the dependency array                                                             react-hooks/exhaustive-deps
  Line 2255:9:   'branchId' is assigned a value but never used                                                                                                                                  no-unused-vars
  Line 2356:6:   React Hook useEffect has a missing dependency: 'fetchTrendingItems'. Either include it or remove the dependency array                                                          react-hooks/exhaustive-deps
  Line 2396:6:   React Hook useEffect has missing dependencies: 'fetchFrequentlyOrderedItems', 'fetchMenuItems', and 'selectedSubcategory'. Either include them or remove the dependency array  react-hooks/exhaustive-deps
  Line 2597:6:   React Hook useEffect has a missing dependency: 'handleCategoryScroll'. Either include it or remove the dependency array                                                        react-hooks/exhaustive-deps
  Line 2631:6:   React Hook useEffect has missing dependencies: 'fetchAddresses' and 'fetchPaymentGateways'. Either include them or remove the dependency array                                 react-hooks/exhaustive-deps
  Line 2675:9:   'goToSlide' is assigned a value but never used                                                                                                                                 no-unused-vars
  Line 2679:9:   'nextSlide' is assigned a value but never used                                                                                                                                 no-unused-vars
  Line 2683:9:   'prevSlide' is assigned a value but never used                                                                                                                                 no-unused-vars
  Line 2723:9:   'handlePortraitCategoryClick' is assigned a value but never used                                                                                                               no-unused-vars

src\routes\LoginRoutes.js
  Line 4:25:  'Navigate' is defined but never used  no-unused-vars

Search for the keywords to learn more about each warning.
To ignore, add // eslint-disable-next-line to the line before.

[1m[33mWARNING[39m[22m in [1m[eslint] 
src\pages\modules\Customer\AboutPage.jsx
  Line 9:9:    'primaryColor' is assigned a value but never used  no-unused-vars
  Line 11:21:  'setThemeMode' is assigned a value but never used  no-unused-vars

src\pages\modules\Customer\HomePage.jsx
  Line 21:7:     'RECOMMENDED_CATEGORY' is assigned a value but never used                                                                                                                      no-unused-vars
  Line 23:7:     'FREQUENTLY_CATEGORY' is assigned a value but never used                                                                                                                       no-unused-vars
  Line 82:7:     'getCategoryBgImage' is assigned a value but never used                                                                                                                        no-unused-vars
  Line 189:9:    'heroContent' is assigned a value but never used                                                                                                                               no-unused-vars
  Line 203:48:   'socialMediaDetails' is assigned a value but never used                                                                                                                        no-unused-vars
  Line 220:10:   'hoursLoading' is assigned a value but never used                                                                                                                              no-unused-vars
  Line 222:10:   'sectionsLoading' is assigned a value but never used                                                                                                                           no-unused-vars
  Line 238:9:    'renderHoursList' is assigned a value but never used                                                                                                                           no-unused-vars
  Line 283:9:    'renderDiningSections' is assigned a value but never used                                                                                                                      no-unused-vars
  Line 319:9:    'getBranchAddress' is assigned a value but never used                                                                                                                          no-unused-vars
  Line 327:10:   'currentBannerSlide' is assigned a value but never used                                                                                                                        no-unused-vars
  Line 328:25:   'setBannerHovered' is assigned a value but never used                                                                                                                          no-unused-vars
  Line 361:10:   'branchesLoading' is assigned a value but never used                                                                                                                           no-unused-vars
  Line 362:24:   'setUserLocation' is assigned a value but never used                                                                                                                           no-unused-vars
  Line 363:10:   'locationStatus' is assigned a value but never used                                                                                                                            no-unused-vars
  Line 363:26:   'setLocationStatus' is assigned a value but never used                                                                                                                         no-unused-vars
  Line 368:10:   'locationSuggestions' is assigned a value but never used                                                                                                                       no-unused-vars
  Line 369:10:   'showLocationSuggestions' is assigned a value but never used                                                                                                                   no-unused-vars
  Line 370:10:   'locationSearchLoading' is assigned a value but never used                                                                                                                     no-unused-vars
  Line 371:10:   'showCartBranchDropdown' is assigned a value but never used                                                                                                                    no-unused-vars
  Line 371:34:   'setShowCartBranchDropdown' is assigned a value but never used                                                                                                                 no-unused-vars
  Line 373:10:   'noBranchMessage' is assigned a value but never used                                                                                                                           no-unused-vars
  Line 379:9:    'locationModalSelectedRef' is assigned a value but never used                                                                                                                  no-unused-vars
  Line 380:9:    'debounceModalRef' is assigned a value but never used                                                                                                                          no-unused-vars
  Line 411:10:   'slidersLoading' is assigned a value but never used                                                                                                                            no-unused-vars
  Line 470:6:    React Hook useEffect has a missing dependency: 'heroSlideImages.length'. Either include it or remove the dependency array                                                      react-hooks/exhaustive-deps
  Line 477:6:    React Hook useEffect has a missing dependency: 'signatureDishes.length'. Either include it or remove the dependency array                                                      react-hooks/exhaustive-deps
  Line 484:6:    React Hook useEffect has a missing dependency: 'menuHeroImages.length'. Either include it or remove the dependency array                                                       react-hooks/exhaustive-deps
  Line 510:10:   'marqueeMessages' is assigned a value but never used                                                                                                                           no-unused-vars
  Line 678:25:   Expected '===' and instead saw '=='                                                                                                                                            eqeqeq
  Line 685:57:   Expected '===' and instead saw '=='                                                                                                                                            eqeqeq
  Line 717:57:   Expected '!==' and instead saw '!='                                                                                                                                            eqeqeq
  Line 723:55:   Expected '===' and instead saw '=='                                                                                                                                            eqeqeq
  Line 730:111:  Expected '===' and instead saw '=='                                                                                                                                            eqeqeq
  Line 741:96:   Expected '===' and instead saw '=='                                                                                                                                            eqeqeq
  Line 750:89:   Expected '===' and instead saw '=='                                                                                                                                            eqeqeq
  Line 756:75:   Expected '===' and instead saw '=='                                                                                                                                            eqeqeq
  Line 1416:9:   'updateCartAddonQuantity' is assigned a value but never used                                                                                                                   no-unused-vars
  Line 1436:51:  Expected '===' and instead saw '=='                                                                                                                                            eqeqeq
  Line 1562:9:   'handleLogoError' is assigned a value but never used                                                                                                                           no-unused-vars
  Line 1569:9:   'scrollCategories' is assigned a value but never used                                                                                                                          no-unused-vars
  Line 1902:9:   'selectLocation' is assigned a value but never used                                                                                                                            no-unused-vars
  Line 2080:6:   React Hook useEffect has a missing dependency: 'fetchCategories'. Either include it or remove the dependency array                                                             react-hooks/exhaustive-deps
  Line 2255:9:   'branchId' is assigned a value but never used                                                                                                                                  no-unused-vars
  Line 2356:6:   React Hook useEffect has a missing dependency: 'fetchTrendingItems'. Either include it or remove the dependency array                                                          react-hooks/exhaustive-deps
  Line 2396:6:   React Hook useEffect has missing dependencies: 'fetchFrequentlyOrderedItems', 'fetchMenuItems', and 'selectedSubcategory'. Either include them or remove the dependency array  react-hooks/exhaustive-deps
  Line 2597:6:   React Hook useEffect has a missing dependency: 'handleCategoryScroll'. Either include it or remove the dependency array                                                        react-hooks/exhaustive-deps
  Line 2631:6:   React Hook useEffect has missing dependencies: 'fetchAddresses' and 'fetchPaymentGateways'. Either include them or remove the dependency array                                 react-hooks/exhaustive-deps
  Line 2675:9:   'goToSlide' is assigned a value but never used                                                                                                                                 no-unused-vars
  Line 2679:9:   'nextSlide' is assigned a value but never used                                                                                                                                 no-unused-vars
  Line 2683:9:   'prevSlide' is assigned a value but never used                                                                                                                                 no-unused-vars
  Line 2723:9:   'handlePortraitCategoryClick' is assigned a value but never used                                                                                                               no-unused-vars

src\routes\LoginRoutes.js
  Line 4:25:  'Navigate' is defined but never used  no-unused-vars

[39m[22m

webpack compiled with [1m[33m1 warning[39m[22m
Compiling...
Compiled with warnings.

[eslint] 
src\pages\modules\Customer\AboutPage.jsx
  Line 9:9:    'primaryColor' is assigned a value but never used  no-unused-vars
  Line 11:21:  'setThemeMode' is assigned a value but never used  no-unused-vars

src\pages\modules\Customer\HomePage.jsx
  Line 21:7:     'RECOMMENDED_CATEGORY' is assigned a value but never used                                                                                                                      no-unused-vars
  Line 23:7:     'FREQUENTLY_CATEGORY' is assigned a value but never used                                                                                                                       no-unused-vars
  Line 82:7:     'getCategoryBgImage' is assigned a value but never used                                                                                                                        no-unused-vars
  Line 189:9:    'heroContent' is assigned a value but never used                                                                                                                               no-unused-vars
  Line 203:48:   'socialMediaDetails' is assigned a value but never used                                                                                                                        no-unused-vars
  Line 220:10:   'hoursLoading' is assigned a value but never used                                                                                                                              no-unused-vars
  Line 222:10:   'sectionsLoading' is assigned a value but never used                                                                                                                           no-unused-vars
  Line 238:9:    'renderHoursList' is assigned a value but never used                                                                                                                           no-unused-vars
  Line 283:9:    'renderDiningSections' is assigned a value but never used                                                                                                                      no-unused-vars
  Line 319:9:    'getBranchAddress' is assigned a value but never used                                                                                                                          no-unused-vars
  Line 327:10:   'currentBannerSlide' is assigned a value but never used                                                                                                                        no-unused-vars
  Line 328:25:   'setBannerHovered' is assigned a value but never used                                                                                                                          no-unused-vars
  Line 361:10:   'branchesLoading' is assigned a value but never used                                                                                                                           no-unused-vars
  Line 362:24:   'setUserLocation' is assigned a value but never used                                                                                                                           no-unused-vars
  Line 363:10:   'locationStatus' is assigned a value but never used                                                                                                                            no-unused-vars
  Line 363:26:   'setLocationStatus' is assigned a value but never used                                                                                                                         no-unused-vars
  Line 368:10:   'locationSuggestions' is assigned a value but never used                                                                                                                       no-unused-vars
  Line 369:10:   'showLocationSuggestions' is assigned a value but never used                                                                                                                   no-unused-vars
  Line 370:10:   'locationSearchLoading' is assigned a value but never used                                                                                                                     no-unused-vars
  Line 371:10:   'showCartBranchDropdown' is assigned a value but never used                                                                                                                    no-unused-vars
  Line 371:34:   'setShowCartBranchDropdown' is assigned a value but never used                                                                                                                 no-unused-vars
  Line 373:10:   'noBranchMessage' is assigned a value but never used                                                                                                                           no-unused-vars
  Line 379:9:    'locationModalSelectedRef' is assigned a value but never used                                                                                                                  no-unused-vars
  Line 380:9:    'debounceModalRef' is assigned a value but never used                                                                                                                          no-unused-vars
  Line 411:10:   'slidersLoading' is assigned a value but never used                                                                                                                            no-unused-vars
  Line 470:6:    React Hook useEffect has a missing dependency: 'heroSlideImages.length'. Either include it or remove the dependency array                                                      react-hooks/exhaustive-deps
  Line 477:6:    React Hook useEffect has a missing dependency: 'signatureDishes.length'. Either include it or remove the dependency array                                                      react-hooks/exhaustive-deps
  Line 484:6:    React Hook useEffect has a missing dependency: 'menuHeroImages.length'. Either include it or remove the dependency array                                                       react-hooks/exhaustive-deps
  Line 510:10:   'marqueeMessages' is assigned a value but never used                                                                                                                           no-unused-vars
  Line 678:25:   Expected '===' and instead saw '=='                                                                                                                                            eqeqeq
  Line 685:57:   Expected '===' and instead saw '=='                                                                                                                                            eqeqeq
  Line 717:57:   Expected '!==' and instead saw '!='                                                                                                                                            eqeqeq
  Line 723:55:   Expected '===' and instead saw '=='                                                                                                                                            eqeqeq
  Line 730:111:  Expected '===' and instead saw '=='                                                                                                                                            eqeqeq
  Line 741:96:   Expected '===' and instead saw '=='                                                                                                                                            eqeqeq
  Line 750:89:   Expected '===' and instead saw '=='                                                                                                                                            eqeqeq
  Line 756:75:   Expected '===' and instead saw '=='                                                                                                                                            eqeqeq
  Line 1416:9:   'updateCartAddonQuantity' is assigned a value but never used                                                                                                                   no-unused-vars
  Line 1436:51:  Expected '===' and instead saw '=='                                                                                                                                            eqeqeq
  Line 1562:9:   'handleLogoError' is assigned a value but never used                                                                                                                           no-unused-vars
  Line 1569:9:   'scrollCategories' is assigned a value but never used                                                                                                                          no-unused-vars
  Line 1902:9:   'selectLocation' is assigned a value but never used                                                                                                                            no-unused-vars
  Line 2080:6:   React Hook useEffect has a missing dependency: 'fetchCategories'. Either include it or remove the dependency array                                                             react-hooks/exhaustive-deps
  Line 2255:9:   'branchId' is assigned a value but never used                                                                                                                                  no-unused-vars
  Line 2356:6:   React Hook useEffect has a missing dependency: 'fetchTrendingItems'. Either include it or remove the dependency array                                                          react-hooks/exhaustive-deps
  Line 2396:6:   React Hook useEffect has missing dependencies: 'fetchFrequentlyOrderedItems', 'fetchMenuItems', and 'selectedSubcategory'. Either include them or remove the dependency array  react-hooks/exhaustive-deps
  Line 2597:6:   React Hook useEffect has a missing dependency: 'handleCategoryScroll'. Either include it or remove the dependency array                                                        react-hooks/exhaustive-deps
  Line 2631:6:   React Hook useEffect has missing dependencies: 'fetchAddresses' and 'fetchPaymentGateways'. Either include them or remove the dependency array                                 react-hooks/exhaustive-deps
  Line 2675:9:   'goToSlide' is assigned a value but never used                                                                                                                                 no-unused-vars
  Line 2679:9:   'nextSlide' is assigned a value but never used                                                                                                                                 no-unused-vars
  Line 2683:9:   'prevSlide' is assigned a value but never used                                                                                                                                 no-unused-vars
  Line 2723:9:   'handlePortraitCategoryClick' is assigned a value but never used                                                                                                               no-unused-vars

src\routes\LoginRoutes.js
  Line 4:25:  'Navigate' is defined but never used  no-unused-vars

Search for the keywords to learn more about each warning.
To ignore, add // eslint-disable-next-line to the line before.

[1m[33mWARNING[39m[22m in [1m[eslint] 
src\pages\modules\Customer\AboutPage.jsx
  Line 9:9:    'primaryColor' is assigned a value but never used  no-unused-vars
  Line 11:21:  'setThemeMode' is assigned a value but never used  no-unused-vars

src\pages\modules\Customer\HomePage.jsx
  Line 21:7:     'RECOMMENDED_CATEGORY' is assigned a value but never used                                                                                                                      no-unused-vars
  Line 23:7:     'FREQUENTLY_CATEGORY' is assigned a value but never used                                                                                                                       no-unused-vars
  Line 82:7:     'getCategoryBgImage' is assigned a value but never used                                                                                                                        no-unused-vars
  Line 189:9:    'heroContent' is assigned a value but never used                                                                                                                               no-unused-vars
  Line 203:48:   'socialMediaDetails' is assigned a value but never used                                                                                                                        no-unused-vars
  Line 220:10:   'hoursLoading' is assigned a value but never used                                                                                                                              no-unused-vars
  Line 222:10:   'sectionsLoading' is assigned a value but never used                                                                                                                           no-unused-vars
  Line 238:9:    'renderHoursList' is assigned a value but never used                                                                                                                           no-unused-vars
  Line 283:9:    'renderDiningSections' is assigned a value but never used                                                                                                                      no-unused-vars
  Line 319:9:    'getBranchAddress' is assigned a value but never used                                                                                                                          no-unused-vars
  Line 327:10:   'currentBannerSlide' is assigned a value but never used                                                                                                                        no-unused-vars
  Line 328:25:   'setBannerHovered' is assigned a value but never used                                                                                                                          no-unused-vars
  Line 361:10:   'branchesLoading' is assigned a value but never used                                                                                                                           no-unused-vars
  Line 362:24:   'setUserLocation' is assigned a value but never used                                                                                                                           no-unused-vars
  Line 363:10:   'locationStatus' is assigned a value but never used                                                                                                                            no-unused-vars
  Line 363:26:   'setLocationStatus' is assigned a value but never used                                                                                                                         no-unused-vars
  Line 368:10:   'locationSuggestions' is assigned a value but never used                                                                                                                       no-unused-vars
  Line 369:10:   'showLocationSuggestions' is assigned a value but never used                                                                                                                   no-unused-vars
  Line 370:10:   'locationSearchLoading' is assigned a value but never used                                                                                                                     no-unused-vars
  Line 371:10:   'showCartBranchDropdown' is assigned a value but never used                                                                                                                    no-unused-vars
  Line 371:34:   'setShowCartBranchDropdown' is assigned a value but never used                                                                                                                 no-unused-vars
  Line 373:10:   'noBranchMessage' is assigned a value but never used                                                                                                                           no-unused-vars
  Line 379:9:    'locationModalSelectedRef' is assigned a value but never used                                                                                                                  no-unused-vars
  Line 380:9:    'debounceModalRef' is assigned a value but never used                                                                                                                          no-unused-vars
  Line 411:10:   'slidersLoading' is assigned a value but never used                                                                                                                            no-unused-vars
  Line 470:6:    React Hook useEffect has a missing dependency: 'heroSlideImages.length'. Either include it or remove the dependency array                                                      react-hooks/exhaustive-deps
  Line 477:6:    React Hook useEffect has a missing dependency: 'signatureDishes.length'. Either include it or remove the dependency array                                                      react-hooks/exhaustive-deps
  Line 484:6:    React Hook useEffect has a missing dependency: 'menuHeroImages.length'. Either include it or remove the dependency array                                                       react-hooks/exhaustive-deps
  Line 510:10:   'marqueeMessages' is assigned a value but never used                                                                                                                           no-unused-vars
  Line 678:25:   Expected '===' and instead saw '=='                                                                                                                                            eqeqeq
  Line 685:57:   Expected '===' and instead saw '=='                                                                                                                                            eqeqeq
  Line 717:57:   Expected '!==' and instead saw '!='                                                                                                                                            eqeqeq
  Line 723:55:   Expected '===' and instead saw '=='                                                                                                                                            eqeqeq
  Line 730:111:  Expected '===' and instead saw '=='                                                                                                                                            eqeqeq
  Line 741:96:   Expected '===' and instead saw '=='                                                                                                                                            eqeqeq
  Line 750:89:   Expected '===' and instead saw '=='                                                                                                                                            eqeqeq
  Line 756:75:   Expected '===' and instead saw '=='                                                                                                                                            eqeqeq
  Line 1416:9:   'updateCartAddonQuantity' is assigned a value but never used                                                                                                                   no-unused-vars
  Line 1436:51:  Expected '===' and instead saw '=='                                                                                                                                            eqeqeq
  Line 1562:9:   'handleLogoError' is assigned a value but never used                                                                                                                           no-unused-vars
  Line 1569:9:   'scrollCategories' is assigned a value but never used                                                                                                                          no-unused-vars
  Line 1902:9:   'selectLocation' is assigned a value but never used                                                                                                                            no-unused-vars
  Line 2080:6:   React Hook useEffect has a missing dependency: 'fetchCategories'. Either include it or remove the dependency array                                                             react-hooks/exhaustive-deps
  Line 2255:9:   'branchId' is assigned a value but never used                                                                                                                                  no-unused-vars
  Line 2356:6:   React Hook useEffect has a missing dependency: 'fetchTrendingItems'. Either include it or remove the dependency array                                                          react-hooks/exhaustive-deps
  Line 2396:6:   React Hook useEffect has missing dependencies: 'fetchFrequentlyOrderedItems', 'fetchMenuItems', and 'selectedSubcategory'. Either include them or remove the dependency array  react-hooks/exhaustive-deps
  Line 2597:6:   React Hook useEffect has a missing dependency: 'handleCategoryScroll'. Either include it or remove the dependency array                                                        react-hooks/exhaustive-deps
  Line 2631:6:   React Hook useEffect has missing dependencies: 'fetchAddresses' and 'fetchPaymentGateways'. Either include them or remove the dependency array                                 react-hooks/exhaustive-deps
  Line 2675:9:   'goToSlide' is assigned a value but never used                                                                                                                                 no-unused-vars
  Line 2679:9:   'nextSlide' is assigned a value but never used                                                                                                                                 no-unused-vars
  Line 2683:9:   'prevSlide' is assigned a value but never used                                                                                                                                 no-unused-vars
  Line 2723:9:   'handlePortraitCategoryClick' is assigned a value but never used                                                                                                               no-unused-vars

src\routes\LoginRoutes.js
  Line 4:25:  'Navigate' is defined but never used  no-unused-vars

[39m[22m

webpack compiled with [1m[33m1 warning[39m[22m
Compiling...
Compiled with warnings.

[eslint] 
src\pages\modules\Customer\AboutPage.jsx
  Line 9:9:    'primaryColor' is assigned a value but never used  no-unused-vars
  Line 11:21:  'setThemeMode' is assigned a value but never used  no-unused-vars

src\pages\modules\Customer\HomePage.jsx
  Line 21:7:     'RECOMMENDED_CATEGORY' is assigned a value but never used                                                                                                                      no-unused-vars
  Line 23:7:     'FREQUENTLY_CATEGORY' is assigned a value but never used                                                                                                                       no-unused-vars
  Line 82:7:     'getCategoryBgImage' is assigned a value but never used                                                                                                                        no-unused-vars
  Line 189:9:    'heroContent' is assigned a value but never used                                                                                                                               no-unused-vars
  Line 203:48:   'socialMediaDetails' is assigned a value but never used                                                                                                                        no-unused-vars
  Line 220:10:   'hoursLoading' is assigned a value but never used                                                                                                                              no-unused-vars
  Line 222:10:   'sectionsLoading' is assigned a value but never used                                                                                                                           no-unused-vars
  Line 238:9:    'renderHoursList' is assigned a value but never used                                                                                                                           no-unused-vars
  Line 283:9:    'renderDiningSections' is assigned a value but never used                                                                                                                      no-unused-vars
  Line 319:9:    'getBranchAddress' is assigned a value but never used                                                                                                                          no-unused-vars
  Line 327:10:   'currentBannerSlide' is assigned a value but never used                                                                                                                        no-unused-vars
  Line 328:25:   'setBannerHovered' is assigned a value but never used                                                                                                                          no-unused-vars
  Line 361:10:   'branchesLoading' is assigned a value but never used                                                                                                                           no-unused-vars
  Line 362:24:   'setUserLocation' is assigned a value but never used                                                                                                                           no-unused-vars
  Line 363:10:   'locationStatus' is assigned a value but never used                                                                                                                            no-unused-vars
  Line 363:26:   'setLocationStatus' is assigned a value but never used                                                                                                                         no-unused-vars
  Line 368:10:   'locationSuggestions' is assigned a value but never used                                                                                                                       no-unused-vars
  Line 369:10:   'showLocationSuggestions' is assigned a value but never used                                                                                                                   no-unused-vars
  Line 370:10:   'locationSearchLoading' is assigned a value but never used                                                                                                                     no-unused-vars
  Line 371:10:   'showCartBranchDropdown' is assigned a value but never used                                                                                                                    no-unused-vars
  Line 371:34:   'setShowCartBranchDropdown' is assigned a value but never used                                                                                                                 no-unused-vars
  Line 373:10:   'noBranchMessage' is assigned a value but never used                                                                                                                           no-unused-vars
  Line 379:9:    'locationModalSelectedRef' is assigned a value but never used                                                                                                                  no-unused-vars
  Line 380:9:    'debounceModalRef' is assigned a value but never used                                                                                                                          no-unused-vars
  Line 411:10:   'slidersLoading' is assigned a value but never used                                                                                                                            no-unused-vars
  Line 470:6:    React Hook useEffect has a missing dependency: 'heroSlideImages.length'. Either include it or remove the dependency array                                                      react-hooks/exhaustive-deps
  Line 477:6:    React Hook useEffect has a missing dependency: 'signatureDishes.length'. Either include it or remove the dependency array                                                      react-hooks/exhaustive-deps
  Line 484:6:    React Hook useEffect has a missing dependency: 'menuHeroImages.length'. Either include it or remove the dependency array                                                       react-hooks/exhaustive-deps
  Line 510:10:   'marqueeMessages' is assigned a value but never used                                                                                                                           no-unused-vars
  Line 678:25:   Expected '===' and instead saw '=='                                                                                                                                            eqeqeq
  Line 685:57:   Expected '===' and instead saw '=='                                                                                                                                            eqeqeq
  Line 717:57:   Expected '!==' and instead saw '!='                                                                                                                                            eqeqeq
  Line 723:55:   Expected '===' and instead saw '=='                                                                                                                                            eqeqeq
  Line 730:111:  Expected '===' and instead saw '=='                                                                                                                                            eqeqeq
  Line 741:96:   Expected '===' and instead saw '=='                                                                                                                                            eqeqeq
  Line 750:89:   Expected '===' and instead saw '=='                                                                                                                                            eqeqeq
  Line 756:75:   Expected '===' and instead saw '=='                                                                                                                                            eqeqeq
  Line 1416:9:   'updateCartAddonQuantity' is assigned a value but never used                                                                                                                   no-unused-vars
  Line 1436:51:  Expected '===' and instead saw '=='                                                                                                                                            eqeqeq
  Line 1562:9:   'handleLogoError' is assigned a value but never used                                                                                                                           no-unused-vars
  Line 1569:9:   'scrollCategories' is assigned a value but never used                                                                                                                          no-unused-vars
  Line 1902:9:   'selectLocation' is assigned a value but never used                                                                                                                            no-unused-vars
  Line 2080:6:   React Hook useEffect has a missing dependency: 'fetchCategories'. Either include it or remove the dependency array                                                             react-hooks/exhaustive-deps
  Line 2255:9:   'branchId' is assigned a value but never used                                                                                                                                  no-unused-vars
  Line 2356:6:   React Hook useEffect has a missing dependency: 'fetchTrendingItems'. Either include it or remove the dependency array                                                          react-hooks/exhaustive-deps
  Line 2396:6:   React Hook useEffect has missing dependencies: 'fetchFrequentlyOrderedItems', 'fetchMenuItems', and 'selectedSubcategory'. Either include them or remove the dependency array  react-hooks/exhaustive-deps
  Line 2597:6:   React Hook useEffect has a missing dependency: 'handleCategoryScroll'. Either include it or remove the dependency array                                                        react-hooks/exhaustive-deps
  Line 2631:6:   React Hook useEffect has missing dependencies: 'fetchAddresses' and 'fetchPaymentGateways'. Either include them or remove the dependency array                                 react-hooks/exhaustive-deps
  Line 2675:9:   'goToSlide' is assigned a value but never used                                                                                                                                 no-unused-vars
  Line 2679:9:   'nextSlide' is assigned a value but never used                                                                                                                                 no-unused-vars
  Line 2683:9:   'prevSlide' is assigned a value but never used                                                                                                                                 no-unused-vars
  Line 2723:9:   'handlePortraitCategoryClick' is assigned a value but never used                                                                                                               no-unused-vars

src\routes\LoginRoutes.js
  Line 4:25:  'Navigate' is defined but never used  no-unused-vars

Search for the keywords to learn more about each warning.
To ignore, add // eslint-disable-next-line to the line before.

[1m[33mWARNING[39m[22m in [1m[eslint] 
src\pages\modules\Customer\AboutPage.jsx
  Line 9:9:    'primaryColor' is assigned a value but never used  no-unused-vars
  Line 11:21:  'setThemeMode' is assigned a value but never used  no-unused-vars

src\pages\modules\Customer\HomePage.jsx
  Line 21:7:     'RECOMMENDED_CATEGORY' is assigned a value but never used                                                                                                                      no-unused-vars
  Line 23:7:     'FREQUENTLY_CATEGORY' is assigned a value but never used                                                                                                                       no-unused-vars
  Line 82:7:     'getCategoryBgImage' is assigned a value but never used                                                                                                                        no-unused-vars
  Line 189:9:    'heroContent' is assigned a value but never used                                                                                                                               no-unused-vars
  Line 203:48:   'socialMediaDetails' is assigned a value but never used                                                                                                                        no-unused-vars
  Line 220:10:   'hoursLoading' is assigned a value but never used                                                                                                                              no-unused-vars
  Line 222:10:   'sectionsLoading' is assigned a value but never used                                                                                                                           no-unused-vars
  Line 238:9:    'renderHoursList' is assigned a value but never used                                                                                                                           no-unused-vars
  Line 283:9:    'renderDiningSections' is assigned a value but never used                                                                                                                      no-unused-vars
  Line 319:9:    'getBranchAddress' is assigned a value but never used                                                                                                                          no-unused-vars
  Line 327:10:   'currentBannerSlide' is assigned a value but never used                                                                                                                        no-unused-vars
  Line 328:25:   'setBannerHovered' is assigned a value but never used                                                                                                                          no-unused-vars
  Line 361:10:   'branchesLoading' is assigned a value but never used                                                                                                                           no-unused-vars
  Line 362:24:   'setUserLocation' is assigned a value but never used                                                                                                                           no-unused-vars
  Line 363:10:   'locationStatus' is assigned a value but never used                                                                                                                            no-unused-vars
  Line 363:26:   'setLocationStatus' is assigned a value but never used                                                                                                                         no-unused-vars
  Line 368:10:   'locationSuggestions' is assigned a value but never used                                                                                                                       no-unused-vars
  Line 369:10:   'showLocationSuggestions' is assigned a value but never used                                                                                                                   no-unused-vars
  Line 370:10:   'locationSearchLoading' is assigned a value but never used                                                                                                                     no-unused-vars
  Line 371:10:   'showCartBranchDropdown' is assigned a value but never used                                                                                                                    no-unused-vars
  Line 371:34:   'setShowCartBranchDropdown' is assigned a value but never used                                                                                                                 no-unused-vars
  Line 373:10:   'noBranchMessage' is assigned a value but never used                                                                                                                           no-unused-vars
  Line 379:9:    'locationModalSelectedRef' is assigned a value but never used                                                                                                                  no-unused-vars
  Line 380:9:    'debounceModalRef' is assigned a value but never used                                                                                                                          no-unused-vars
  Line 411:10:   'slidersLoading' is assigned a value but never used                                                                                                                            no-unused-vars
  Line 470:6:    React Hook useEffect has a missing dependency: 'heroSlideImages.length'. Either include it or remove the dependency array                                                      react-hooks/exhaustive-deps
  Line 477:6:    React Hook useEffect has a missing dependency: 'signatureDishes.length'. Either include it or remove the dependency array                                                      react-hooks/exhaustive-deps
  Line 484:6:    React Hook useEffect has a missing dependency: 'menuHeroImages.length'. Either include it or remove the dependency array                                                       react-hooks/exhaustive-deps
  Line 510:10:   'marqueeMessages' is assigned a value but never used                                                                                                                           no-unused-vars
  Line 678:25:   Expected '===' and instead saw '=='                                                                                                                                            eqeqeq
  Line 685:57:   Expected '===' and instead saw '=='                                                                                                                                            eqeqeq
  Line 717:57:   Expected '!==' and instead saw '!='                                                                                                                                            eqeqeq
  Line 723:55:   Expected '===' and instead saw '=='                                                                                                                                            eqeqeq
  Line 730:111:  Expected '===' and instead saw '=='                                                                                                                                            eqeqeq
  Line 741:96:   Expected '===' and instead saw '=='                                                                                                                                            eqeqeq
  Line 750:89:   Expected '===' and instead saw '=='                                                                                                                                            eqeqeq
  Line 756:75:   Expected '===' and instead saw '=='                                                                                                                                            eqeqeq
  Line 1416:9:   'updateCartAddonQuantity' is assigned a value but never used                                                                                                                   no-unused-vars
  Line 1436:51:  Expected '===' and instead saw '=='                                                                                                                                            eqeqeq
  Line 1562:9:   'handleLogoError' is assigned a value but never used                                                                                                                           no-unused-vars
  Line 1569:9:   'scrollCategories' is assigned a value but never used                                                                                                                          no-unused-vars
  Line 1902:9:   'selectLocation' is assigned a value but never used                                                                                                                            no-unused-vars
  Line 2080:6:   React Hook useEffect has a missing dependency: 'fetchCategories'. Either include it or remove the dependency array                                                             react-hooks/exhaustive-deps
  Line 2255:9:   'branchId' is assigned a value but never used                                                                                                                                  no-unused-vars
  Line 2356:6:   React Hook useEffect has a missing dependency: 'fetchTrendingItems'. Either include it or remove the dependency array                                                          react-hooks/exhaustive-deps
  Line 2396:6:   React Hook useEffect has missing dependencies: 'fetchFrequentlyOrderedItems', 'fetchMenuItems', and 'selectedSubcategory'. Either include them or remove the dependency array  react-hooks/exhaustive-deps
  Line 2597:6:   React Hook useEffect has a missing dependency: 'handleCategoryScroll'. Either include it or remove the dependency array                                                        react-hooks/exhaustive-deps
  Line 2631:6:   React Hook useEffect has missing dependencies: 'fetchAddresses' and 'fetchPaymentGateways'. Either include them or remove the dependency array                                 react-hooks/exhaustive-deps
  Line 2675:9:   'goToSlide' is assigned a value but never used                                                                                                                                 no-unused-vars
  Line 2679:9:   'nextSlide' is assigned a value but never used                                                                                                                                 no-unused-vars
  Line 2683:9:   'prevSlide' is assigned a value but never used                                                                                                                                 no-unused-vars
  Line 2723:9:   'handlePortraitCategoryClick' is assigned a value but never used                                                                                                               no-unused-vars

src\routes\LoginRoutes.js
  Line 4:25:  'Navigate' is defined but never used  no-unused-vars

[39m[22m

webpack compiled with [1m[33m1 warning[39m[22m
Compiling...
Compiled with warnings.

[eslint] 
src\pages\modules\Customer\AboutPage.jsx
  Line 9:9:    'primaryColor' is assigned a value but never used  no-unused-vars
  Line 11:21:  'setThemeMode' is assigned a value but never used  no-unused-vars

src\pages\modules\Customer\HomePage.jsx
  Line 21:7:     'RECOMMENDED_CATEGORY' is assigned a value but never used                                                                                                                      no-unused-vars
  Line 23:7:     'FREQUENTLY_CATEGORY' is assigned a value but never used                                                                                                                       no-unused-vars
  Line 82:7:     'getCategoryBgImage' is assigned a value but never used                                                                                                                        no-unused-vars
  Line 189:9:    'heroContent' is assigned a value but never used                                                                                                                               no-unused-vars
  Line 203:48:   'socialMediaDetails' is assigned a value but never used                                                                                                                        no-unused-vars
  Line 220:10:   'hoursLoading' is assigned a value but never used                                                                                                                              no-unused-vars
  Line 222:10:   'sectionsLoading' is assigned a value but never used                                                                                                                           no-unused-vars
  Line 238:9:    'renderHoursList' is assigned a value but never used                                                                                                                           no-unused-vars
  Line 283:9:    'renderDiningSections' is assigned a value but never used                                                                                                                      no-unused-vars
  Line 319:9:    'getBranchAddress' is assigned a value but never used                                                                                                                          no-unused-vars
  Line 327:10:   'currentBannerSlide' is assigned a value but never used                                                                                                                        no-unused-vars
  Line 328:25:   'setBannerHovered' is assigned a value but never used                                                                                                                          no-unused-vars
  Line 361:10:   'branchesLoading' is assigned a value but never used                                                                                                                           no-unused-vars
  Line 362:24:   'setUserLocation' is assigned a value but never used                                                                                                                           no-unused-vars
  Line 363:10:   'locationStatus' is assigned a value but never used                                                                                                                            no-unused-vars
  Line 363:26:   'setLocationStatus' is assigned a value but never used                                                                                                                         no-unused-vars
  Line 368:10:   'locationSuggestions' is assigned a value but never used                                                                                                                       no-unused-vars
  Line 369:10:   'showLocationSuggestions' is assigned a value but never used                                                                                                                   no-unused-vars
  Line 370:10:   'locationSearchLoading' is assigned a value but never used                                                                                                                     no-unused-vars
  Line 371:10:   'showCartBranchDropdown' is assigned a value but never used                                                                                                                    no-unused-vars
  Line 371:34:   'setShowCartBranchDropdown' is assigned a value but never used                                                                                                                 no-unused-vars
  Line 373:10:   'noBranchMessage' is assigned a value but never used                                                                                                                           no-unused-vars
  Line 379:9:    'locationModalSelectedRef' is assigned a value but never used                                                                                                                  no-unused-vars
  Line 380:9:    'debounceModalRef' is assigned a value but never used                                                                                                                          no-unused-vars
  Line 411:10:   'slidersLoading' is assigned a value but never used                                                                                                                            no-unused-vars
  Line 470:6:    React Hook useEffect has a missing dependency: 'heroSlideImages.length'. Either include it or remove the dependency array                                                      react-hooks/exhaustive-deps
  Line 477:6:    React Hook useEffect has a missing dependency: 'signatureDishes.length'. Either include it or remove the dependency array                                                      react-hooks/exhaustive-deps
  Line 484:6:    React Hook useEffect has a missing dependency: 'menuHeroImages.length'. Either include it or remove the dependency array                                                       react-hooks/exhaustive-deps
  Line 510:10:   'marqueeMessages' is assigned a value but never used                                                                                                                           no-unused-vars
  Line 678:25:   Expected '===' and instead saw '=='                                                                                                                                            eqeqeq
  Line 685:57:   Expected '===' and instead saw '=='                                                                                                                                            eqeqeq
  Line 717:57:   Expected '!==' and instead saw '!='                                                                                                                                            eqeqeq
  Line 723:55:   Expected '===' and instead saw '=='                                                                                                                                            eqeqeq
  Line 730:111:  Expected '===' and instead saw '=='                                                                                                                                            eqeqeq
  Line 741:96:   Expected '===' and instead saw '=='                                                                                                                                            eqeqeq
  Line 750:89:   Expected '===' and instead saw '=='                                                                                                                                            eqeqeq
  Line 756:75:   Expected '===' and instead saw '=='                                                                                                                                            eqeqeq
  Line 1416:9:   'updateCartAddonQuantity' is assigned a value but never used                                                                                                                   no-unused-vars
  Line 1436:51:  Expected '===' and instead saw '=='                                                                                                                                            eqeqeq
  Line 1562:9:   'handleLogoError' is assigned a value but never used                                                                                                                           no-unused-vars
  Line 1569:9:   'scrollCategories' is assigned a value but never used                                                                                                                          no-unused-vars
  Line 1902:9:   'selectLocation' is assigned a value but never used                                                                                                                            no-unused-vars
  Line 2080:6:   React Hook useEffect has a missing dependency: 'fetchCategories'. Either include it or remove the dependency array                                                             react-hooks/exhaustive-deps
  Line 2255:9:   'branchId' is assigned a value but never used                                                                                                                                  no-unused-vars
  Line 2356:6:   React Hook useEffect has a missing dependency: 'fetchTrendingItems'. Either include it or remove the dependency array                                                          react-hooks/exhaustive-deps
  Line 2396:6:   React Hook useEffect has missing dependencies: 'fetchFrequentlyOrderedItems', 'fetchMenuItems', and 'selectedSubcategory'. Either include them or remove the dependency array  react-hooks/exhaustive-deps
  Line 2597:6:   React Hook useEffect has a missing dependency: 'handleCategoryScroll'. Either include it or remove the dependency array                                                        react-hooks/exhaustive-deps
  Line 2631:6:   React Hook useEffect has missing dependencies: 'fetchAddresses' and 'fetchPaymentGateways'. Either include them or remove the dependency array                                 react-hooks/exhaustive-deps
  Line 2675:9:   'goToSlide' is assigned a value but never used                                                                                                                                 no-unused-vars
  Line 2679:9:   'nextSlide' is assigned a value but never used                                                                                                                                 no-unused-vars
  Line 2683:9:   'prevSlide' is assigned a value but never used                                                                                                                                 no-unused-vars
  Line 2723:9:   'handlePortraitCategoryClick' is assigned a value but never used                                                                                                               no-unused-vars

src\routes\LoginRoutes.js
  Line 4:25:  'Navigate' is defined but never used  no-unused-vars

Search for the keywords to learn more about each warning.
To ignore, add // eslint-disable-next-line to the line before.

[1m[33mWARNING[39m[22m in [1m[eslint] 
src\pages\modules\Customer\AboutPage.jsx
  Line 9:9:    'primaryColor' is assigned a value but never used  no-unused-vars
  Line 11:21:  'setThemeMode' is assigned a value but never used  no-unused-vars

src\pages\modules\Customer\HomePage.jsx
  Line 21:7:     'RECOMMENDED_CATEGORY' is assigned a value but never used                                                                                                                      no-unused-vars
  Line 23:7:     'FREQUENTLY_CATEGORY' is assigned a value but never used                                                                                                                       no-unused-vars
  Line 82:7:     'getCategoryBgImage' is assigned a value but never used                                                                                                                        no-unused-vars
  Line 189:9:    'heroContent' is assigned a value but never used                                                                                                                               no-unused-vars
  Line 203:48:   'socialMediaDetails' is assigned a value but never used                                                                                                                        no-unused-vars
  Line 220:10:   'hoursLoading' is assigned a value but never used                                                                                                                              no-unused-vars
  Line 222:10:   'sectionsLoading' is assigned a value but never used                                                                                                                           no-unused-vars
  Line 238:9:    'renderHoursList' is assigned a value but never used                                                                                                                           no-unused-vars
  Line 283:9:    'renderDiningSections' is assigned a value but never used                                                                                                                      no-unused-vars
  Line 319:9:    'getBranchAddress' is assigned a value but never used                                                                                                                          no-unused-vars
  Line 327:10:   'currentBannerSlide' is assigned a value but never used                                                                                                                        no-unused-vars
  Line 328:25:   'setBannerHovered' is assigned a value but never used                                                                                                                          no-unused-vars
  Line 361:10:   'branchesLoading' is assigned a value but never used                                                                                                                           no-unused-vars
  Line 362:24:   'setUserLocation' is assigned a value but never used                                                                                                                           no-unused-vars
  Line 363:10:   'locationStatus' is assigned a value but never used                                                                                                                            no-unused-vars
  Line 363:26:   'setLocationStatus' is assigned a value but never used                                                                                                                         no-unused-vars
  Line 368:10:   'locationSuggestions' is assigned a value but never used                                                                                                                       no-unused-vars
  Line 369:10:   'showLocationSuggestions' is assigned a value but never used                                                                                                                   no-unused-vars
  Line 370:10:   'locationSearchLoading' is assigned a value but never used                                                                                                                     no-unused-vars
  Line 371:10:   'showCartBranchDropdown' is assigned a value but never used                                                                                                                    no-unused-vars
  Line 371:34:   'setShowCartBranchDropdown' is assigned a value but never used                                                                                                                 no-unused-vars
  Line 373:10:   'noBranchMessage' is assigned a value but never used                                                                                                                           no-unused-vars
  Line 379:9:    'locationModalSelectedRef' is assigned a value but never used                                                                                                                  no-unused-vars
  Line 380:9:    'debounceModalRef' is assigned a value but never used                                                                                                                          no-unused-vars
  Line 411:10:   'slidersLoading' is assigned a value but never used                                                                                                                            no-unused-vars
  Line 470:6:    React Hook useEffect has a missing dependency: 'heroSlideImages.length'. Either include it or remove the dependency array                                                      react-hooks/exhaustive-deps
  Line 477:6:    React Hook useEffect has a missing dependency: 'signatureDishes.length'. Either include it or remove the dependency array                                                      react-hooks/exhaustive-deps
  Line 484:6:    React Hook useEffect has a missing dependency: 'menuHeroImages.length'. Either include it or remove the dependency array                                                       react-hooks/exhaustive-deps
  Line 510:10:   'marqueeMessages' is assigned a value but never used                                                                                                                           no-unused-vars
  Line 678:25:   Expected '===' and instead saw '=='                                                                                                                                            eqeqeq
  Line 685:57:   Expected '===' and instead saw '=='                                                                                                                                            eqeqeq
  Line 717:57:   Expected '!==' and instead saw '!='                                                                                                                                            eqeqeq
  Line 723:55:   Expected '===' and instead saw '=='                                                                                                                                            eqeqeq
  Line 730:111:  Expected '===' and instead saw '=='                                                                                                                                            eqeqeq
  Line 741:96:   Expected '===' and instead saw '=='                                                                                                                                            eqeqeq
  Line 750:89:   Expected '===' and instead saw '=='                                                                                                                                            eqeqeq
  Line 756:75:   Expected '===' and instead saw '=='                                                                                                                                            eqeqeq
  Line 1416:9:   'updateCartAddonQuantity' is assigned a value but never used                                                                                                                   no-unused-vars
  Line 1436:51:  Expected '===' and instead saw '=='                                                                                                                                            eqeqeq
  Line 1562:9:   'handleLogoError' is assigned a value but never used                                                                                                                           no-unused-vars
  Line 1569:9:   'scrollCategories' is assigned a value but never used                                                                                                                          no-unused-vars
  Line 1902:9:   'selectLocation' is assigned a value but never used                                                                                                                            no-unused-vars
  Line 2080:6:   React Hook useEffect has a missing dependency: 'fetchCategories'. Either include it or remove the dependency array                                                             react-hooks/exhaustive-deps
  Line 2255:9:   'branchId' is assigned a value but never used                                                                                                                                  no-unused-vars
  Line 2356:6:   React Hook useEffect has a missing dependency: 'fetchTrendingItems'. Either include it or remove the dependency array                                                          react-hooks/exhaustive-deps
  Line 2396:6:   React Hook useEffect has missing dependencies: 'fetchFrequentlyOrderedItems', 'fetchMenuItems', and 'selectedSubcategory'. Either include them or remove the dependency array  react-hooks/exhaustive-deps
  Line 2597:6:   React Hook useEffect has a missing dependency: 'handleCategoryScroll'. Either include it or remove the dependency array                                                        react-hooks/exhaustive-deps
  Line 2631:6:   React Hook useEffect has missing dependencies: 'fetchAddresses' and 'fetchPaymentGateways'. Either include them or remove the dependency array                                 react-hooks/exhaustive-deps
  Line 2675:9:   'goToSlide' is assigned a value but never used                                                                                                                                 no-unused-vars
  Line 2679:9:   'nextSlide' is assigned a value but never used                                                                                                                                 no-unused-vars
  Line 2683:9:   'prevSlide' is assigned a value but never used                                                                                                                                 no-unused-vars
  Line 2723:9:   'handlePortraitCategoryClick' is assigned a value but never used                                                                                                               no-unused-vars

src\routes\LoginRoutes.js
  Line 4:25:  'Navigate' is defined but never used  no-unused-vars

[39m[22m

webpack compiled with [1m[33m1 warning[39m[22m
Compiling...
Compiled with warnings.

[eslint] 
src\pages\modules\Customer\AboutPage.jsx
  Line 9:9:    'primaryColor' is assigned a value but never used  no-unused-vars
  Line 11:21:  'setThemeMode' is assigned a value but never used  no-unused-vars

src\pages\modules\Customer\HomePage.jsx
  Line 21:7:     'RECOMMENDED_CATEGORY' is assigned a value but never used                                                                                                                      no-unused-vars
  Line 23:7:     'FREQUENTLY_CATEGORY' is assigned a value but never used                                                                                                                       no-unused-vars
  Line 82:7:     'getCategoryBgImage' is assigned a value but never used                                                                                                                        no-unused-vars
  Line 189:9:    'heroContent' is assigned a value but never used                                                                                                                               no-unused-vars
  Line 203:48:   'socialMediaDetails' is assigned a value but never used                                                                                                                        no-unused-vars
  Line 220:10:   'hoursLoading' is assigned a value but never used                                                                                                                              no-unused-vars
  Line 222:10:   'sectionsLoading' is assigned a value but never used                                                                                                                           no-unused-vars
  Line 238:9:    'renderHoursList' is assigned a value but never used                                                                                                                           no-unused-vars
  Line 283:9:    'renderDiningSections' is assigned a value but never used                                                                                                                      no-unused-vars
  Line 319:9:    'getBranchAddress' is assigned a value but never used                                                                                                                          no-unused-vars
  Line 327:10:   'currentBannerSlide' is assigned a value but never used                                                                                                                        no-unused-vars
  Line 328:25:   'setBannerHovered' is assigned a value but never used                                                                                                                          no-unused-vars
  Line 361:10:   'branchesLoading' is assigned a value but never used                                                                                                                           no-unused-vars
  Line 362:24:   'setUserLocation' is assigned a value but never used                                                                                                                           no-unused-vars
  Line 363:10:   'locationStatus' is assigned a value but never used                                                                                                                            no-unused-vars
  Line 363:26:   'setLocationStatus' is assigned a value but never used                                                                                                                         no-unused-vars
  Line 368:10:   'locationSuggestions' is assigned a value but never used                                                                                                                       no-unused-vars
  Line 369:10:   'showLocationSuggestions' is assigned a value but never used                                                                                                                   no-unused-vars
  Line 370:10:   'locationSearchLoading' is assigned a value but never used                                                                                                                     no-unused-vars
  Line 371:10:   'showCartBranchDropdown' is assigned a value but never used                                                                                                                    no-unused-vars
  Line 371:34:   'setShowCartBranchDropdown' is assigned a value but never used                                                                                                                 no-unused-vars
  Line 373:10:   'noBranchMessage' is assigned a value but never used                                                                                                                           no-unused-vars
  Line 379:9:    'locationModalSelectedRef' is assigned a value but never used                                                                                                                  no-unused-vars
  Line 380:9:    'debounceModalRef' is assigned a value but never used                                                                                                                          no-unused-vars
  Line 411:10:   'slidersLoading' is assigned a value but never used                                                                                                                            no-unused-vars
  Line 470:6:    React Hook useEffect has a missing dependency: 'heroSlideImages.length'. Either include it or remove the dependency array                                                      react-hooks/exhaustive-deps
  Line 477:6:    React Hook useEffect has a missing dependency: 'signatureDishes.length'. Either include it or remove the dependency array                                                      react-hooks/exhaustive-deps
  Line 484:6:    React Hook useEffect has a missing dependency: 'menuHeroImages.length'. Either include it or remove the dependency array                                                       react-hooks/exhaustive-deps
  Line 510:10:   'marqueeMessages' is assigned a value but never used                                                                                                                           no-unused-vars
  Line 678:25:   Expected '===' and instead saw '=='                                                                                                                                            eqeqeq
  Line 685:57:   Expected '===' and instead saw '=='                                                                                                                                            eqeqeq
  Line 717:57:   Expected '!==' and instead saw '!='                                                                                                                                            eqeqeq
  Line 723:55:   Expected '===' and instead saw '=='                                                                                                                                            eqeqeq
  Line 730:111:  Expected '===' and instead saw '=='                                                                                                                                            eqeqeq
  Line 741:96:   Expected '===' and instead saw '=='                                                                                                                                            eqeqeq
  Line 750:89:   Expected '===' and instead saw '=='                                                                                                                                            eqeqeq
  Line 756:75:   Expected '===' and instead saw '=='                                                                                                                                            eqeqeq
  Line 1416:9:   'updateCartAddonQuantity' is assigned a value but never used                                                                                                                   no-unused-vars
  Line 1436:51:  Expected '===' and instead saw '=='                                                                                                                                            eqeqeq
  Line 1562:9:   'handleLogoError' is assigned a value but never used                                                                                                                           no-unused-vars
  Line 1569:9:   'scrollCategories' is assigned a value but never used                                                                                                                          no-unused-vars
  Line 1902:9:   'selectLocation' is assigned a value but never used                                                                                                                            no-unused-vars
  Line 2080:6:   React Hook useEffect has a missing dependency: 'fetchCategories'. Either include it or remove the dependency array                                                             react-hooks/exhaustive-deps
  Line 2255:9:   'branchId' is assigned a value but never used                                                                                                                                  no-unused-vars
  Line 2356:6:   React Hook useEffect has a missing dependency: 'fetchTrendingItems'. Either include it or remove the dependency array                                                          react-hooks/exhaustive-deps
  Line 2396:6:   React Hook useEffect has missing dependencies: 'fetchFrequentlyOrderedItems', 'fetchMenuItems', and 'selectedSubcategory'. Either include them or remove the dependency array  react-hooks/exhaustive-deps
  Line 2597:6:   React Hook useEffect has a missing dependency: 'handleCategoryScroll'. Either include it or remove the dependency array                                                        react-hooks/exhaustive-deps
  Line 2631:6:   React Hook useEffect has missing dependencies: 'fetchAddresses' and 'fetchPaymentGateways'. Either include them or remove the dependency array                                 react-hooks/exhaustive-deps
  Line 2675:9:   'goToSlide' is assigned a value but never used                                                                                                                                 no-unused-vars
  Line 2679:9:   'nextSlide' is assigned a value but never used                                                                                                                                 no-unused-vars
  Line 2683:9:   'prevSlide' is assigned a value but never used                                                                                                                                 no-unused-vars
  Line 2723:9:   'handlePortraitCategoryClick' is assigned a value but never used                                                                                                               no-unused-vars

src\routes\LoginRoutes.js
  Line 4:25:  'Navigate' is defined but never used  no-unused-vars

Search for the keywords to learn more about each warning.
To ignore, add // eslint-disable-next-line to the line before.

[1m[33mWARNING[39m[22m in [1m[eslint] 
src\pages\modules\Customer\AboutPage.jsx
  Line 9:9:    'primaryColor' is assigned a value but never used  no-unused-vars
  Line 11:21:  'setThemeMode' is assigned a value but never used  no-unused-vars

src\pages\modules\Customer\HomePage.jsx
  Line 21:7:     'RECOMMENDED_CATEGORY' is assigned a value but never used                                                                                                                      no-unused-vars
  Line 23:7:     'FREQUENTLY_CATEGORY' is assigned a value but never used                                                                                                                       no-unused-vars
  Line 82:7:     'getCategoryBgImage' is assigned a value but never used                                                                                                                        no-unused-vars
  Line 189:9:    'heroContent' is assigned a value but never used                                                                                                                               no-unused-vars
  Line 203:48:   'socialMediaDetails' is assigned a value but never used                                                                                                                        no-unused-vars
  Line 220:10:   'hoursLoading' is assigned a value but never used                                                                                                                              no-unused-vars
  Line 222:10:   'sectionsLoading' is assigned a value but never used                                                                                                                           no-unused-vars
  Line 238:9:    'renderHoursList' is assigned a value but never used                                                                                                                           no-unused-vars
  Line 283:9:    'renderDiningSections' is assigned a value but never used                                                                                                                      no-unused-vars
  Line 319:9:    'getBranchAddress' is assigned a value but never used                                                                                                                          no-unused-vars
  Line 327:10:   'currentBannerSlide' is assigned a value but never used                                                                                                                        no-unused-vars
  Line 328:25:   'setBannerHovered' is assigned a value but never used                                                                                                                          no-unused-vars
  Line 361:10:   'branchesLoading' is assigned a value but never used                                                                                                                           no-unused-vars
  Line 362:24:   'setUserLocation' is assigned a value but never used                                                                                                                           no-unused-vars
  Line 363:10:   'locationStatus' is assigned a value but never used                                                                                                                            no-unused-vars
  Line 363:26:   'setLocationStatus' is assigned a value but never used                                                                                                                         no-unused-vars
  Line 368:10:   'locationSuggestions' is assigned a value but never used                                                                                                                       no-unused-vars
  Line 369:10:   'showLocationSuggestions' is assigned a value but never used                                                                                                                   no-unused-vars
  Line 370:10:   'locationSearchLoading' is assigned a value but never used                                                                                                                     no-unused-vars
  Line 371:10:   'showCartBranchDropdown' is assigned a value but never used                                                                                                                    no-unused-vars
  Line 371:34:   'setShowCartBranchDropdown' is assigned a value but never used                                                                                                                 no-unused-vars
  Line 373:10:   'noBranchMessage' is assigned a value but never used                                                                                                                           no-unused-vars
  Line 379:9:    'locationModalSelectedRef' is assigned a value but never used                                                                                                                  no-unused-vars
  Line 380:9:    'debounceModalRef' is assigned a value but never used                                                                                                                          no-unused-vars
  Line 411:10:   'slidersLoading' is assigned a value but never used                                                                                                                            no-unused-vars
  Line 470:6:    React Hook useEffect has a missing dependency: 'heroSlideImages.length'. Either include it or remove the dependency array                                                      react-hooks/exhaustive-deps
  Line 477:6:    React Hook useEffect has a missing dependency: 'signatureDishes.length'. Either include it or remove the dependency array                                                      react-hooks/exhaustive-deps
  Line 484:6:    React Hook useEffect has a missing dependency: 'menuHeroImages.length'. Either include it or remove the dependency array                                                       react-hooks/exhaustive-deps
  Line 510:10:   'marqueeMessages' is assigned a value but never used                                                                                                                           no-unused-vars
  Line 678:25:   Expected '===' and instead saw '=='                                                                                                                                            eqeqeq
  Line 685:57:   Expected '===' and instead saw '=='                                                                                                                                            eqeqeq
  Line 717:57:   Expected '!==' and instead saw '!='                                                                                                                                            eqeqeq
  Line 723:55:   Expected '===' and instead saw '=='                                                                                                                                            eqeqeq
  Line 730:111:  Expected '===' and instead saw '=='                                                                                                                                            eqeqeq
  Line 741:96:   Expected '===' and instead saw '=='                                                                                                                                            eqeqeq
  Line 750:89:   Expected '===' and instead saw '=='                                                                                                                                            eqeqeq
  Line 756:75:   Expected '===' and instead saw '=='                                                                                                                                            eqeqeq
  Line 1416:9:   'updateCartAddonQuantity' is assigned a value but never used                                                                                                                   no-unused-vars
  Line 1436:51:  Expected '===' and instead saw '=='                                                                                                                                            eqeqeq
  Line 1562:9:   'handleLogoError' is assigned a value but never used                                                                                                                           no-unused-vars
  Line 1569:9:   'scrollCategories' is assigned a value but never used                                                                                                                          no-unused-vars
  Line 1902:9:   'selectLocation' is assigned a value but never used                                                                                                                            no-unused-vars
  Line 2080:6:   React Hook useEffect has a missing dependency: 'fetchCategories'. Either include it or remove the dependency array                                                             react-hooks/exhaustive-deps
  Line 2255:9:   'branchId' is assigned a value but never used                                                                                                                                  no-unused-vars
  Line 2356:6:   React Hook useEffect has a missing dependency: 'fetchTrendingItems'. Either include it or remove the dependency array                                                          react-hooks/exhaustive-deps
  Line 2396:6:   React Hook useEffect has missing dependencies: 'fetchFrequentlyOrderedItems', 'fetchMenuItems', and 'selectedSubcategory'. Either include them or remove the dependency array  react-hooks/exhaustive-deps
  Line 2597:6:   React Hook useEffect has a missing dependency: 'handleCategoryScroll'. Either include it or remove the dependency array                                                        react-hooks/exhaustive-deps
  Line 2631:6:   React Hook useEffect has missing dependencies: 'fetchAddresses' and 'fetchPaymentGateways'. Either include them or remove the dependency array                                 react-hooks/exhaustive-deps
  Line 2675:9:   'goToSlide' is assigned a value but never used                                                                                                                                 no-unused-vars
  Line 2679:9:   'nextSlide' is assigned a value but never used                                                                                                                                 no-unused-vars
  Line 2683:9:   'prevSlide' is assigned a value but never used                                                                                                                                 no-unused-vars
  Line 2723:9:   'handlePortraitCategoryClick' is assigned a value but never used                                                                                                               no-unused-vars

src\routes\LoginRoutes.js
  Line 4:25:  'Navigate' is defined but never used  no-unused-vars

[39m[22m

webpack compiled with [1m[33m1 warning[39m[22m
Compiling...
Compiled with warnings.

[eslint] 
src\pages\modules\Customer\AboutPage.jsx
  Line 9:9:    'primaryColor' is assigned a value but never used  no-unused-vars
  Line 11:21:  'setThemeMode' is assigned a value but never used  no-unused-vars

src\pages\modules\Customer\HomePage.jsx
  Line 21:7:     'RECOMMENDED_CATEGORY' is assigned a value but never used                                                                                                                      no-unused-vars
  Line 23:7:     'FREQUENTLY_CATEGORY' is assigned a value but never used                                                                                                                       no-unused-vars
  Line 82:7:     'getCategoryBgImage' is assigned a value but never used                                                                                                                        no-unused-vars
  Line 189:9:    'heroContent' is assigned a value but never used                                                                                                                               no-unused-vars
  Line 203:48:   'socialMediaDetails' is assigned a value but never used                                                                                                                        no-unused-vars
  Line 220:10:   'hoursLoading' is assigned a value but never used                                                                                                                              no-unused-vars
  Line 222:10:   'sectionsLoading' is assigned a value but never used                                                                                                                           no-unused-vars
  Line 238:9:    'renderHoursList' is assigned a value but never used                                                                                                                           no-unused-vars
  Line 283:9:    'renderDiningSections' is assigned a value but never used                                                                                                                      no-unused-vars
  Line 319:9:    'getBranchAddress' is assigned a value but never used                                                                                                                          no-unused-vars
  Line 327:10:   'currentBannerSlide' is assigned a value but never used                                                                                                                        no-unused-vars
  Line 328:25:   'setBannerHovered' is assigned a value but never used                                                                                                                          no-unused-vars
  Line 361:10:   'branchesLoading' is assigned a value but never used                                                                                                                           no-unused-vars
  Line 362:24:   'setUserLocation' is assigned a value but never used                                                                                                                           no-unused-vars
  Line 363:10:   'locationStatus' is assigned a value but never used                                                                                                                            no-unused-vars
  Line 363:26:   'setLocationStatus' is assigned a value but never used                                                                                                                         no-unused-vars
  Line 368:10:   'locationSuggestions' is assigned a value but never used                                                                                                                       no-unused-vars
  Line 369:10:   'showLocationSuggestions' is assigned a value but never used                                                                                                                   no-unused-vars
  Line 370:10:   'locationSearchLoading' is assigned a value but never used                                                                                                                     no-unused-vars
  Line 371:10:   'showCartBranchDropdown' is assigned a value but never used                                                                                                                    no-unused-vars
  Line 371:34:   'setShowCartBranchDropdown' is assigned a value but never used                                                                                                                 no-unused-vars
  Line 373:10:   'noBranchMessage' is assigned a value but never used                                                                                                                           no-unused-vars
  Line 379:9:    'locationModalSelectedRef' is assigned a value but never used                                                                                                                  no-unused-vars
  Line 380:9:    'debounceModalRef' is assigned a value but never used                                                                                                                          no-unused-vars
  Line 411:10:   'slidersLoading' is assigned a value but never used                                                                                                                            no-unused-vars
  Line 470:6:    React Hook useEffect has a missing dependency: 'heroSlideImages.length'. Either include it or remove the dependency array                                                      react-hooks/exhaustive-deps
  Line 477:6:    React Hook useEffect has a missing dependency: 'signatureDishes.length'. Either include it or remove the dependency array                                                      react-hooks/exhaustive-deps
  Line 484:6:    React Hook useEffect has a missing dependency: 'menuHeroImages.length'. Either include it or remove the dependency array                                                       react-hooks/exhaustive-deps
  Line 510:10:   'marqueeMessages' is assigned a value but never used                                                                                                                           no-unused-vars
  Line 678:25:   Expected '===' and instead saw '=='                                                                                                                                            eqeqeq
  Line 685:57:   Expected '===' and instead saw '=='                                                                                                                                            eqeqeq
  Line 717:57:   Expected '!==' and instead saw '!='                                                                                                                                            eqeqeq
  Line 723:55:   Expected '===' and instead saw '=='                                                                                                                                            eqeqeq
  Line 730:111:  Expected '===' and instead saw '=='                                                                                                                                            eqeqeq
  Line 741:96:   Expected '===' and instead saw '=='                                                                                                                                            eqeqeq
  Line 750:89:   Expected '===' and instead saw '=='                                                                                                                                            eqeqeq
  Line 756:75:   Expected '===' and instead saw '=='                                                                                                                                            eqeqeq
  Line 1416:9:   'updateCartAddonQuantity' is assigned a value but never used                                                                                                                   no-unused-vars
  Line 1436:51:  Expected '===' and instead saw '=='                                                                                                                                            eqeqeq
  Line 1562:9:   'handleLogoError' is assigned a value but never used                                                                                                                           no-unused-vars
  Line 1569:9:   'scrollCategories' is assigned a value but never used                                                                                                                          no-unused-vars
  Line 1902:9:   'selectLocation' is assigned a value but never used                                                                                                                            no-unused-vars
  Line 2080:6:   React Hook useEffect has a missing dependency: 'fetchCategories'. Either include it or remove the dependency array                                                             react-hooks/exhaustive-deps
  Line 2255:9:   'branchId' is assigned a value but never used                                                                                                                                  no-unused-vars
  Line 2356:6:   React Hook useEffect has a missing dependency: 'fetchTrendingItems'. Either include it or remove the dependency array                                                          react-hooks/exhaustive-deps
  Line 2396:6:   React Hook useEffect has missing dependencies: 'fetchFrequentlyOrderedItems', 'fetchMenuItems', and 'selectedSubcategory'. Either include them or remove the dependency array  react-hooks/exhaustive-deps
  Line 2597:6:   React Hook useEffect has a missing dependency: 'handleCategoryScroll'. Either include it or remove the dependency array                                                        react-hooks/exhaustive-deps
  Line 2631:6:   React Hook useEffect has missing dependencies: 'fetchAddresses' and 'fetchPaymentGateways'. Either include them or remove the dependency array                                 react-hooks/exhaustive-deps
  Line 2675:9:   'goToSlide' is assigned a value but never used                                                                                                                                 no-unused-vars
  Line 2679:9:   'nextSlide' is assigned a value but never used                                                                                                                                 no-unused-vars
  Line 2683:9:   'prevSlide' is assigned a value but never used                                                                                                                                 no-unused-vars
  Line 2723:9:   'handlePortraitCategoryClick' is assigned a value but never used                                                                                                               no-unused-vars

src\routes\LoginRoutes.js
  Line 4:25:  'Navigate' is defined but never used  no-unused-vars

Search for the keywords to learn more about each warning.
To ignore, add // eslint-disable-next-line to the line before.

[1m[33mWARNING[39m[22m in [1m[eslint] 
src\pages\modules\Customer\AboutPage.jsx
  Line 9:9:    'primaryColor' is assigned a value but never used  no-unused-vars
  Line 11:21:  'setThemeMode' is assigned a value but never used  no-unused-vars

src\pages\modules\Customer\HomePage.jsx
  Line 21:7:     'RECOMMENDED_CATEGORY' is assigned a value but never used                                                                                                                      no-unused-vars
  Line 23:7:     'FREQUENTLY_CATEGORY' is assigned a value but never used                                                                                                                       no-unused-vars
  Line 82:7:     'getCategoryBgImage' is assigned a value but never used                                                                                                                        no-unused-vars
  Line 189:9:    'heroContent' is assigned a value but never used                                                                                                                               no-unused-vars
  Line 203:48:   'socialMediaDetails' is assigned a value but never used                                                                                                                        no-unused-vars
  Line 220:10:   'hoursLoading' is assigned a value but never used                                                                                                                              no-unused-vars
  Line 222:10:   'sectionsLoading' is assigned a value but never used                                                                                                                           no-unused-vars
  Line 238:9:    'renderHoursList' is assigned a value but never used                                                                                                                           no-unused-vars
  Line 283:9:    'renderDiningSections' is assigned a value but never used                                                                                                                      no-unused-vars
  Line 319:9:    'getBranchAddress' is assigned a value but never used                                                                                                                          no-unused-vars
  Line 327:10:   'currentBannerSlide' is assigned a value but never used                                                                                                                        no-unused-vars
  Line 328:25:   'setBannerHovered' is assigned a value but never used                                                                                                                          no-unused-vars
  Line 361:10:   'branchesLoading' is assigned a value but never used                                                                                                                           no-unused-vars
  Line 362:24:   'setUserLocation' is assigned a value but never used                                                                                                                           no-unused-vars
  Line 363:10:   'locationStatus' is assigned a value but never used                                                                                                                            no-unused-vars
  Line 363:26:   'setLocationStatus' is assigned a value but never used                                                                                                                         no-unused-vars
  Line 368:10:   'locationSuggestions' is assigned a value but never used                                                                                                                       no-unused-vars
  Line 369:10:   'showLocationSuggestions' is assigned a value but never used                                                                                                                   no-unused-vars
  Line 370:10:   'locationSearchLoading' is assigned a value but never used                                                                                                                     no-unused-vars
  Line 371:10:   'showCartBranchDropdown' is assigned a value but never used                                                                                                                    no-unused-vars
  Line 371:34:   'setShowCartBranchDropdown' is assigned a value but never used                                                                                                                 no-unused-vars
  Line 373:10:   'noBranchMessage' is assigned a value but never used                                                                                                                           no-unused-vars
  Line 379:9:    'locationModalSelectedRef' is assigned a value but never used                                                                                                                  no-unused-vars
  Line 380:9:    'debounceModalRef' is assigned a value but never used                                                                                                                          no-unused-vars
  Line 411:10:   'slidersLoading' is assigned a value but never used                                                                                                                            no-unused-vars
  Line 470:6:    React Hook useEffect has a missing dependency: 'heroSlideImages.length'. Either include it or remove the dependency array                                                      react-hooks/exhaustive-deps
  Line 477:6:    React Hook useEffect has a missing dependency: 'signatureDishes.length'. Either include it or remove the dependency array                                                      react-hooks/exhaustive-deps
  Line 484:6:    React Hook useEffect has a missing dependency: 'menuHeroImages.length'. Either include it or remove the dependency array                                                       react-hooks/exhaustive-deps
  Line 510:10:   'marqueeMessages' is assigned a value but never used                                                                                                                           no-unused-vars
  Line 678:25:   Expected '===' and instead saw '=='                                                                                                                                            eqeqeq
  Line 685:57:   Expected '===' and instead saw '=='                                                                                                                                            eqeqeq
  Line 717:57:   Expected '!==' and instead saw '!='                                                                                                                                            eqeqeq
  Line 723:55:   Expected '===' and instead saw '=='                                                                                                                                            eqeqeq
  Line 730:111:  Expected '===' and instead saw '=='                                                                                                                                            eqeqeq
  Line 741:96:   Expected '===' and instead saw '=='                                                                                                                                            eqeqeq
  Line 750:89:   Expected '===' and instead saw '=='                                                                                                                                            eqeqeq
  Line 756:75:   Expected '===' and instead saw '=='                                                                                                                                            eqeqeq
  Line 1416:9:   'updateCartAddonQuantity' is assigned a value but never used                                                                                                                   no-unused-vars
  Line 1436:51:  Expected '===' and instead saw '=='                                                                                                                                            eqeqeq
  Line 1562:9:   'handleLogoError' is assigned a value but never used                                                                                                                           no-unused-vars
  Line 1569:9:   'scrollCategories' is assigned a value but never used                                                                                                                          no-unused-vars
  Line 1902:9:   'selectLocation' is assigned a value but never used                                                                                                                            no-unused-vars
  Line 2080:6:   React Hook useEffect has a missing dependency: 'fetchCategories'. Either include it or remove the dependency array                                                             react-hooks/exhaustive-deps
  Line 2255:9:   'branchId' is assigned a value but never used                                                                                                                                  no-unused-vars
  Line 2356:6:   React Hook useEffect has a missing dependency: 'fetchTrendingItems'. Either include it or remove the dependency array                                                          react-hooks/exhaustive-deps
  Line 2396:6:   React Hook useEffect has missing dependencies: 'fetchFrequentlyOrderedItems', 'fetchMenuItems', and 'selectedSubcategory'. Either include them or remove the dependency array  react-hooks/exhaustive-deps
  Line 2597:6:   React Hook useEffect has a missing dependency: 'handleCategoryScroll'. Either include it or remove the dependency array                                                        react-hooks/exhaustive-deps
  Line 2631:6:   React Hook useEffect has missing dependencies: 'fetchAddresses' and 'fetchPaymentGateways'. Either include them or remove the dependency array                                 react-hooks/exhaustive-deps
  Line 2675:9:   'goToSlide' is assigned a value but never used                                                                                                                                 no-unused-vars
  Line 2679:9:   'nextSlide' is assigned a value but never used                                                                                                                                 no-unused-vars
  Line 2683:9:   'prevSlide' is assigned a value but never used                                                                                                                                 no-unused-vars
  Line 2723:9:   'handlePortraitCategoryClick' is assigned a value but never used                                                                                                               no-unused-vars

src\routes\LoginRoutes.js
  Line 4:25:  'Navigate' is defined but never used  no-unused-vars

[39m[22m

webpack compiled with [1m[33m1 warning[39m[22m
Compiling...
Compiled with warnings.

[eslint] 
src\pages\modules\Customer\AboutPage.jsx
  Line 9:9:    'primaryColor' is assigned a value but never used  no-unused-vars
  Line 11:21:  'setThemeMode' is assigned a value but never used  no-unused-vars

src\pages\modules\Customer\HomePage.jsx
  Line 21:7:     'RECOMMENDED_CATEGORY' is assigned a value but never used                                                                                                                      no-unused-vars
  Line 23:7:     'FREQUENTLY_CATEGORY' is assigned a value but never used                                                                                                                       no-unused-vars
  Line 82:7:     'getCategoryBgImage' is assigned a value but never used                                                                                                                        no-unused-vars
  Line 189:9:    'heroContent' is assigned a value but never used                                                                                                                               no-unused-vars
  Line 203:48:   'socialMediaDetails' is assigned a value but never used                                                                                                                        no-unused-vars
  Line 220:10:   'hoursLoading' is assigned a value but never used                                                                                                                              no-unused-vars
  Line 222:10:   'sectionsLoading' is assigned a value but never used                                                                                                                           no-unused-vars
  Line 238:9:    'renderHoursList' is assigned a value but never used                                                                                                                           no-unused-vars
  Line 283:9:    'renderDiningSections' is assigned a value but never used                                                                                                                      no-unused-vars
  Line 319:9:    'getBranchAddress' is assigned a value but never used                                                                                                                          no-unused-vars
  Line 327:10:   'currentBannerSlide' is assigned a value but never used                                                                                                                        no-unused-vars
  Line 328:25:   'setBannerHovered' is assigned a value but never used                                                                                                                          no-unused-vars
  Line 361:10:   'branchesLoading' is assigned a value but never used                                                                                                                           no-unused-vars
  Line 362:24:   'setUserLocation' is assigned a value but never used                                                                                                                           no-unused-vars
  Line 363:10:   'locationStatus' is assigned a value but never used                                                                                                                            no-unused-vars
  Line 363:26:   'setLocationStatus' is assigned a value but never used                                                                                                                         no-unused-vars
  Line 368:10:   'locationSuggestions' is assigned a value but never used                                                                                                                       no-unused-vars
  Line 369:10:   'showLocationSuggestions' is assigned a value but never used                                                                                                                   no-unused-vars
  Line 370:10:   'locationSearchLoading' is assigned a value but never used                                                                                                                     no-unused-vars
  Line 371:10:   'showCartBranchDropdown' is assigned a value but never used                                                                                                                    no-unused-vars
  Line 371:34:   'setShowCartBranchDropdown' is assigned a value but never used                                                                                                                 no-unused-vars
  Line 373:10:   'noBranchMessage' is assigned a value but never used                                                                                                                           no-unused-vars
  Line 379:9:    'locationModalSelectedRef' is assigned a value but never used                                                                                                                  no-unused-vars
  Line 380:9:    'debounceModalRef' is assigned a value but never used                                                                                                                          no-unused-vars
  Line 411:10:   'slidersLoading' is assigned a value but never used                                                                                                                            no-unused-vars
  Line 470:6:    React Hook useEffect has a missing dependency: 'heroSlideImages.length'. Either include it or remove the dependency array                                                      react-hooks/exhaustive-deps
  Line 477:6:    React Hook useEffect has a missing dependency: 'signatureDishes.length'. Either include it or remove the dependency array                                                      react-hooks/exhaustive-deps
  Line 484:6:    React Hook useEffect has a missing dependency: 'menuHeroImages.length'. Either include it or remove the dependency array                                                       react-hooks/exhaustive-deps
  Line 510:10:   'marqueeMessages' is assigned a value but never used                                                                                                                           no-unused-vars
  Line 678:25:   Expected '===' and instead saw '=='                                                                                                                                            eqeqeq
  Line 685:57:   Expected '===' and instead saw '=='                                                                                                                                            eqeqeq
  Line 717:57:   Expected '!==' and instead saw '!='                                                                                                                                            eqeqeq
  Line 723:55:   Expected '===' and instead saw '=='                                                                                                                                            eqeqeq
  Line 730:111:  Expected '===' and instead saw '=='                                                                                                                                            eqeqeq
  Line 741:96:   Expected '===' and instead saw '=='                                                                                                                                            eqeqeq
  Line 750:89:   Expected '===' and instead saw '=='                                                                                                                                            eqeqeq
  Line 756:75:   Expected '===' and instead saw '=='                                                                                                                                            eqeqeq
  Line 1416:9:   'updateCartAddonQuantity' is assigned a value but never used                                                                                                                   no-unused-vars
  Line 1436:51:  Expected '===' and instead saw '=='                                                                                                                                            eqeqeq
  Line 1562:9:   'handleLogoError' is assigned a value but never used                                                                                                                           no-unused-vars
  Line 1569:9:   'scrollCategories' is assigned a value but never used                                                                                                                          no-unused-vars
  Line 1902:9:   'selectLocation' is assigned a value but never used                                                                                                                            no-unused-vars
  Line 2080:6:   React Hook useEffect has a missing dependency: 'fetchCategories'. Either include it or remove the dependency array                                                             react-hooks/exhaustive-deps
  Line 2255:9:   'branchId' is assigned a value but never used                                                                                                                                  no-unused-vars
  Line 2356:6:   React Hook useEffect has a missing dependency: 'fetchTrendingItems'. Either include it or remove the dependency array                                                          react-hooks/exhaustive-deps
  Line 2396:6:   React Hook useEffect has missing dependencies: 'fetchFrequentlyOrderedItems', 'fetchMenuItems', and 'selectedSubcategory'. Either include them or remove the dependency array  react-hooks/exhaustive-deps
  Line 2597:6:   React Hook useEffect has a missing dependency: 'handleCategoryScroll'. Either include it or remove the dependency array                                                        react-hooks/exhaustive-deps
  Line 2631:6:   React Hook useEffect has missing dependencies: 'fetchAddresses' and 'fetchPaymentGateways'. Either include them or remove the dependency array                                 react-hooks/exhaustive-deps
  Line 2675:9:   'goToSlide' is assigned a value but never used                                                                                                                                 no-unused-vars
  Line 2679:9:   'nextSlide' is assigned a value but never used                                                                                                                                 no-unused-vars
  Line 2683:9:   'prevSlide' is assigned a value but never used                                                                                                                                 no-unused-vars
  Line 2723:9:   'handlePortraitCategoryClick' is assigned a value but never used                                                                                                               no-unused-vars

src\routes\LoginRoutes.js
  Line 4:25:  'Navigate' is defined but never used  no-unused-vars

Search for the keywords to learn more about each warning.
To ignore, add // eslint-disable-next-line to the line before.

[1m[33mWARNING[39m[22m in [1m[eslint] 
src\pages\modules\Customer\AboutPage.jsx
  Line 9:9:    'primaryColor' is assigned a value but never used  no-unused-vars
  Line 11:21:  'setThemeMode' is assigned a value but never used  no-unused-vars

src\pages\modules\Customer\HomePage.jsx
  Line 21:7:     'RECOMMENDED_CATEGORY' is assigned a value but never used                                                                                                                      no-unused-vars
  Line 23:7:     'FREQUENTLY_CATEGORY' is assigned a value but never used                                                                                                                       no-unused-vars
  Line 82:7:     'getCategoryBgImage' is assigned a value but never used                                                                                                                        no-unused-vars
  Line 189:9:    'heroContent' is assigned a value but never used                                                                                                                               no-unused-vars
  Line 203:48:   'socialMediaDetails' is assigned a value but never used                                                                                                                        no-unused-vars
  Line 220:10:   'hoursLoading' is assigned a value but never used                                                                                                                              no-unused-vars
  Line 222:10:   'sectionsLoading' is assigned a value but never used                                                                                                                           no-unused-vars
  Line 238:9:    'renderHoursList' is assigned a value but never used                                                                                                                           no-unused-vars
  Line 283:9:    'renderDiningSections' is assigned a value but never used                                                                                                                      no-unused-vars
  Line 319:9:    'getBranchAddress' is assigned a value but never used                                                                                                                          no-unused-vars
  Line 327:10:   'currentBannerSlide' is assigned a value but never used                                                                                                                        no-unused-vars
  Line 328:25:   'setBannerHovered' is assigned a value but never used                                                                                                                          no-unused-vars
  Line 361:10:   'branchesLoading' is assigned a value but never used                                                                                                                           no-unused-vars
  Line 362:24:   'setUserLocation' is assigned a value but never used                                                                                                                           no-unused-vars
  Line 363:10:   'locationStatus' is assigned a value but never used                                                                                                                            no-unused-vars
  Line 363:26:   'setLocationStatus' is assigned a value but never used                                                                                                                         no-unused-vars
  Line 368:10:   'locationSuggestions' is assigned a value but never used                                                                                                                       no-unused-vars
  Line 369:10:   'showLocationSuggestions' is assigned a value but never used                                                                                                                   no-unused-vars
  Line 370:10:   'locationSearchLoading' is assigned a value but never used                                                                                                                     no-unused-vars
  Line 371:10:   'showCartBranchDropdown' is assigned a value but never used                                                                                                                    no-unused-vars
  Line 371:34:   'setShowCartBranchDropdown' is assigned a value but never used                                                                                                                 no-unused-vars
  Line 373:10:   'noBranchMessage' is assigned a value but never used                                                                                                                           no-unused-vars
  Line 379:9:    'locationModalSelectedRef' is assigned a value but never used                                                                                                                  no-unused-vars
  Line 380:9:    'debounceModalRef' is assigned a value but never used                                                                                                                          no-unused-vars
  Line 411:10:   'slidersLoading' is assigned a value but never used                                                                                                                            no-unused-vars
  Line 470:6:    React Hook useEffect has a missing dependency: 'heroSlideImages.length'. Either include it or remove the dependency array                                                      react-hooks/exhaustive-deps
  Line 477:6:    React Hook useEffect has a missing dependency: 'signatureDishes.length'. Either include it or remove the dependency array                                                      react-hooks/exhaustive-deps
  Line 484:6:    React Hook useEffect has a missing dependency: 'menuHeroImages.length'. Either include it or remove the dependency array                                                       react-hooks/exhaustive-deps
  Line 510:10:   'marqueeMessages' is assigned a value but never used                                                                                                                           no-unused-vars
  Line 678:25:   Expected '===' and instead saw '=='                                                                                                                                            eqeqeq
  Line 685:57:   Expected '===' and instead saw '=='                                                                                                                                            eqeqeq
  Line 717:57:   Expected '!==' and instead saw '!='                                                                                                                                            eqeqeq
  Line 723:55:   Expected '===' and instead saw '=='                                                                                                                                            eqeqeq
  Line 730:111:  Expected '===' and instead saw '=='                                                                                                                                            eqeqeq
  Line 741:96:   Expected '===' and instead saw '=='                                                                                                                                            eqeqeq
  Line 750:89:   Expected '===' and instead saw '=='                                                                                                                                            eqeqeq
  Line 756:75:   Expected '===' and instead saw '=='                                                                                                                                            eqeqeq
  Line 1416:9:   'updateCartAddonQuantity' is assigned a value but never used                                                                                                                   no-unused-vars
  Line 1436:51:  Expected '===' and instead saw '=='                                                                                                                                            eqeqeq
  Line 1562:9:   'handleLogoError' is assigned a value but never used                                                                                                                           no-unused-vars
  Line 1569:9:   'scrollCategories' is assigned a value but never used                                                                                                                          no-unused-vars
  Line 1902:9:   'selectLocation' is assigned a value but never used                                                                                                                            no-unused-vars
  Line 2080:6:   React Hook useEffect has a missing dependency: 'fetchCategories'. Either include it or remove the dependency array                                                             react-hooks/exhaustive-deps
  Line 2255:9:   'branchId' is assigned a value but never used                                                                                                                                  no-unused-vars
  Line 2356:6:   React Hook useEffect has a missing dependency: 'fetchTrendingItems'. Either include it or remove the dependency array                                                          react-hooks/exhaustive-deps
  Line 2396:6:   React Hook useEffect has missing dependencies: 'fetchFrequentlyOrderedItems', 'fetchMenuItems', and 'selectedSubcategory'. Either include them or remove the dependency array  react-hooks/exhaustive-deps
  Line 2597:6:   React Hook useEffect has a missing dependency: 'handleCategoryScroll'. Either include it or remove the dependency array                                                        react-hooks/exhaustive-deps
  Line 2631:6:   React Hook useEffect has missing dependencies: 'fetchAddresses' and 'fetchPaymentGateways'. Either include them or remove the dependency array                                 react-hooks/exhaustive-deps
  Line 2675:9:   'goToSlide' is assigned a value but never used                                                                                                                                 no-unused-vars
  Line 2679:9:   'nextSlide' is assigned a value but never used                                                                                                                                 no-unused-vars
  Line 2683:9:   'prevSlide' is assigned a value but never used                                                                                                                                 no-unused-vars
  Line 2723:9:   'handlePortraitCategoryClick' is assigned a value but never used                                                                                                               no-unused-vars

src\routes\LoginRoutes.js
  Line 4:25:  'Navigate' is defined but never used  no-unused-vars

[39m[22m

webpack compiled with [1m[33m1 warning[39m[22m
Compiling...
Compiled with warnings.

[eslint] 
src\pages\modules\Customer\AboutPage.jsx
  Line 9:9:    'primaryColor' is assigned a value but never used  no-unused-vars
  Line 11:21:  'setThemeMode' is assigned a value but never used  no-unused-vars

src\pages\modules\Customer\HomePage.jsx
  Line 21:7:     'RECOMMENDED_CATEGORY' is assigned a value but never used                                                                                                                      no-unused-vars
  Line 23:7:     'FREQUENTLY_CATEGORY' is assigned a value but never used                                                                                                                       no-unused-vars
  Line 82:7:     'getCategoryBgImage' is assigned a value but never used                                                                                                                        no-unused-vars
  Line 189:9:    'heroContent' is assigned a value but never used                                                                                                                               no-unused-vars
  Line 203:48:   'socialMediaDetails' is assigned a value but never used                                                                                                                        no-unused-vars
  Line 220:10:   'hoursLoading' is assigned a value but never used                                                                                                                              no-unused-vars
  Line 222:10:   'sectionsLoading' is assigned a value but never used                                                                                                                           no-unused-vars
  Line 238:9:    'renderHoursList' is assigned a value but never used                                                                                                                           no-unused-vars
  Line 283:9:    'renderDiningSections' is assigned a value but never used                                                                                                                      no-unused-vars
  Line 319:9:    'getBranchAddress' is assigned a value but never used                                                                                                                          no-unused-vars
  Line 327:10:   'currentBannerSlide' is assigned a value but never used                                                                                                                        no-unused-vars
  Line 328:25:   'setBannerHovered' is assigned a value but never used                                                                                                                          no-unused-vars
  Line 361:10:   'branchesLoading' is assigned a value but never used                                                                                                                           no-unused-vars
  Line 362:24:   'setUserLocation' is assigned a value but never used                                                                                                                           no-unused-vars
  Line 363:10:   'locationStatus' is assigned a value but never used                                                                                                                            no-unused-vars
  Line 363:26:   'setLocationStatus' is assigned a value but never used                                                                                                                         no-unused-vars
  Line 368:10:   'locationSuggestions' is assigned a value but never used                                                                                                                       no-unused-vars
  Line 369:10:   'showLocationSuggestions' is assigned a value but never used                                                                                                                   no-unused-vars
  Line 370:10:   'locationSearchLoading' is assigned a value but never used                                                                                                                     no-unused-vars
  Line 371:10:   'showCartBranchDropdown' is assigned a value but never used                                                                                                                    no-unused-vars
  Line 371:34:   'setShowCartBranchDropdown' is assigned a value but never used                                                                                                                 no-unused-vars
  Line 373:10:   'noBranchMessage' is assigned a value but never used                                                                                                                           no-unused-vars
  Line 379:9:    'locationModalSelectedRef' is assigned a value but never used                                                                                                                  no-unused-vars
  Line 380:9:    'debounceModalRef' is assigned a value but never used                                                                                                                          no-unused-vars
  Line 411:10:   'slidersLoading' is assigned a value but never used                                                                                                                            no-unused-vars
  Line 491:6:    React Hook useEffect has a missing dependency: 'heroSlideImages.length'. Either include it or remove the dependency array                                                      react-hooks/exhaustive-deps
  Line 498:6:    React Hook useEffect has a missing dependency: 'signatureDishes.length'. Either include it or remove the dependency array                                                      react-hooks/exhaustive-deps
  Line 505:6:    React Hook useEffect has a missing dependency: 'menuHeroImages.length'. Either include it or remove the dependency array                                                       react-hooks/exhaustive-deps
  Line 531:10:   'marqueeMessages' is assigned a value but never used                                                                                                                           no-unused-vars
  Line 699:25:   Expected '===' and instead saw '=='                                                                                                                                            eqeqeq
  Line 706:57:   Expected '===' and instead saw '=='                                                                                                                                            eqeqeq
  Line 738:57:   Expected '!==' and instead saw '!='                                                                                                                                            eqeqeq
  Line 744:55:   Expected '===' and instead saw '=='                                                                                                                                            eqeqeq
  Line 751:111:  Expected '===' and instead saw '=='                                                                                                                                            eqeqeq
  Line 762:96:   Expected '===' and instead saw '=='                                                                                                                                            eqeqeq
  Line 771:89:   Expected '===' and instead saw '=='                                                                                                                                            eqeqeq
  Line 777:75:   Expected '===' and instead saw '=='                                                                                                                                            eqeqeq
  Line 1437:9:   'updateCartAddonQuantity' is assigned a value but never used                                                                                                                   no-unused-vars
  Line 1457:51:  Expected '===' and instead saw '=='                                                                                                                                            eqeqeq
  Line 1583:9:   'handleLogoError' is assigned a value but never used                                                                                                                           no-unused-vars
  Line 1590:9:   'scrollCategories' is assigned a value but never used                                                                                                                          no-unused-vars
  Line 1923:9:   'selectLocation' is assigned a value but never used                                                                                                                            no-unused-vars
  Line 2101:6:   React Hook useEffect has a missing dependency: 'fetchCategories'. Either include it or remove the dependency array                                                             react-hooks/exhaustive-deps
  Line 2276:9:   'branchId' is assigned a value but never used                                                                                                                                  no-unused-vars
  Line 2377:6:   React Hook useEffect has a missing dependency: 'fetchTrendingItems'. Either include it or remove the dependency array                                                          react-hooks/exhaustive-deps
  Line 2417:6:   React Hook useEffect has missing dependencies: 'fetchFrequentlyOrderedItems', 'fetchMenuItems', and 'selectedSubcategory'. Either include them or remove the dependency array  react-hooks/exhaustive-deps
  Line 2618:6:   React Hook useEffect has a missing dependency: 'handleCategoryScroll'. Either include it or remove the dependency array                                                        react-hooks/exhaustive-deps
  Line 2652:6:   React Hook useEffect has missing dependencies: 'fetchAddresses' and 'fetchPaymentGateways'. Either include them or remove the dependency array                                 react-hooks/exhaustive-deps
  Line 2696:9:   'goToSlide' is assigned a value but never used                                                                                                                                 no-unused-vars
  Line 2700:9:   'nextSlide' is assigned a value but never used                                                                                                                                 no-unused-vars
  Line 2704:9:   'prevSlide' is assigned a value but never used                                                                                                                                 no-unused-vars
  Line 2744:9:   'handlePortraitCategoryClick' is assigned a value but never used                                                                                                               no-unused-vars

src\routes\LoginRoutes.js
  Line 4:25:  'Navigate' is defined but never used  no-unused-vars

Search for the keywords to learn more about each warning.
To ignore, add // eslint-disable-next-line to the line before.

[1m[33mWARNING[39m[22m in [1m[eslint] 
src\pages\modules\Customer\AboutPage.jsx
  Line 9:9:    'primaryColor' is assigned a value but never used  no-unused-vars
  Line 11:21:  'setThemeMode' is assigned a value but never used  no-unused-vars

src\pages\modules\Customer\HomePage.jsx
  Line 21:7:     'RECOMMENDED_CATEGORY' is assigned a value but never used                                                                                                                      no-unused-vars
  Line 23:7:     'FREQUENTLY_CATEGORY' is assigned a value but never used                                                                                                                       no-unused-vars
  Line 82:7:     'getCategoryBgImage' is assigned a value but never used                                                                                                                        no-unused-vars
  Line 189:9:    'heroContent' is assigned a value but never used                                                                                                                               no-unused-vars
  Line 203:48:   'socialMediaDetails' is assigned a value but never used                                                                                                                        no-unused-vars
  Line 220:10:   'hoursLoading' is assigned a value but never used                                                                                                                              no-unused-vars
  Line 222:10:   'sectionsLoading' is assigned a value but never used                                                                                                                           no-unused-vars
  Line 238:9:    'renderHoursList' is assigned a value but never used                                                                                                                           no-unused-vars
  Line 283:9:    'renderDiningSections' is assigned a value but never used                                                                                                                      no-unused-vars
  Line 319:9:    'getBranchAddress' is assigned a value but never used                                                                                                                          no-unused-vars
  Line 327:10:   'currentBannerSlide' is assigned a value but never used                                                                                                                        no-unused-vars
  Line 328:25:   'setBannerHovered' is assigned a value but never used                                                                                                                          no-unused-vars
  Line 361:10:   'branchesLoading' is assigned a value but never used                                                                                                                           no-unused-vars
  Line 362:24:   'setUserLocation' is assigned a value but never used                                                                                                                           no-unused-vars
  Line 363:10:   'locationStatus' is assigned a value but never used                                                                                                                            no-unused-vars
  Line 363:26:   'setLocationStatus' is assigned a value but never used                                                                                                                         no-unused-vars
  Line 368:10:   'locationSuggestions' is assigned a value but never used                                                                                                                       no-unused-vars
  Line 369:10:   'showLocationSuggestions' is assigned a value but never used                                                                                                                   no-unused-vars
  Line 370:10:   'locationSearchLoading' is assigned a value but never used                                                                                                                     no-unused-vars
  Line 371:10:   'showCartBranchDropdown' is assigned a value but never used                                                                                                                    no-unused-vars
  Line 371:34:   'setShowCartBranchDropdown' is assigned a value but never used                                                                                                                 no-unused-vars
  Line 373:10:   'noBranchMessage' is assigned a value but never used                                                                                                                           no-unused-vars
  Line 379:9:    'locationModalSelectedRef' is assigned a value but never used                                                                                                                  no-unused-vars
  Line 380:9:    'debounceModalRef' is assigned a value but never used                                                                                                                          no-unused-vars
  Line 411:10:   'slidersLoading' is assigned a value but never used                                                                                                                            no-unused-vars
  Line 491:6:    React Hook useEffect has a missing dependency: 'heroSlideImages.length'. Either include it or remove the dependency array                                                      react-hooks/exhaustive-deps
  Line 498:6:    React Hook useEffect has a missing dependency: 'signatureDishes.length'. Either include it or remove the dependency array                                                      react-hooks/exhaustive-deps
  Line 505:6:    React Hook useEffect has a missing dependency: 'menuHeroImages.length'. Either include it or remove the dependency array                                                       react-hooks/exhaustive-deps
  Line 531:10:   'marqueeMessages' is assigned a value but never used                                                                                                                           no-unused-vars
  Line 699:25:   Expected '===' and instead saw '=='                                                                                                                                            eqeqeq
  Line 706:57:   Expected '===' and instead saw '=='                                                                                                                                            eqeqeq
  Line 738:57:   Expected '!==' and instead saw '!='                                                                                                                                            eqeqeq
  Line 744:55:   Expected '===' and instead saw '=='                                                                                                                                            eqeqeq
  Line 751:111:  Expected '===' and instead saw '=='                                                                                                                                            eqeqeq
  Line 762:96:   Expected '===' and instead saw '=='                                                                                                                                            eqeqeq
  Line 771:89:   Expected '===' and instead saw '=='                                                                                                                                            eqeqeq
  Line 777:75:   Expected '===' and instead saw '=='                                                                                                                                            eqeqeq
  Line 1437:9:   'updateCartAddonQuantity' is assigned a value but never used                                                                                                                   no-unused-vars
  Line 1457:51:  Expected '===' and instead saw '=='                                                                                                                                            eqeqeq
  Line 1583:9:   'handleLogoError' is assigned a value but never used                                                                                                                           no-unused-vars
  Line 1590:9:   'scrollCategories' is assigned a value but never used                                                                                                                          no-unused-vars
  Line 1923:9:   'selectLocation' is assigned a value but never used                                                                                                                            no-unused-vars
  Line 2101:6:   React Hook useEffect has a missing dependency: 'fetchCategories'. Either include it or remove the dependency array                                                             react-hooks/exhaustive-deps
  Line 2276:9:   'branchId' is assigned a value but never used                                                                                                                                  no-unused-vars
  Line 2377:6:   React Hook useEffect has a missing dependency: 'fetchTrendingItems'. Either include it or remove the dependency array                                                          react-hooks/exhaustive-deps
  Line 2417:6:   React Hook useEffect has missing dependencies: 'fetchFrequentlyOrderedItems', 'fetchMenuItems', and 'selectedSubcategory'. Either include them or remove the dependency array  react-hooks/exhaustive-deps
  Line 2618:6:   React Hook useEffect has a missing dependency: 'handleCategoryScroll'. Either include it or remove the dependency array                                                        react-hooks/exhaustive-deps
  Line 2652:6:   React Hook useEffect has missing dependencies: 'fetchAddresses' and 'fetchPaymentGateways'. Either include them or remove the dependency array                                 react-hooks/exhaustive-deps
  Line 2696:9:   'goToSlide' is assigned a value but never used                                                                                                                                 no-unused-vars
  Line 2700:9:   'nextSlide' is assigned a value but never used                                                                                                                                 no-unused-vars
  Line 2704:9:   'prevSlide' is assigned a value but never used                                                                                                                                 no-unused-vars
  Line 2744:9:   'handlePortraitCategoryClick' is assigned a value but never used                                                                                                               no-unused-vars

src\routes\LoginRoutes.js
  Line 4:25:  'Navigate' is defined but never used  no-unused-vars

[39m[22m

webpack compiled with [1m[33m1 warning[39m[22m
Compiling...
Compiled with warnings.

[eslint] 
src\pages\modules\Customer\AboutPage.jsx
  Line 9:9:    'primaryColor' is assigned a value but never used  no-unused-vars
  Line 11:21:  'setThemeMode' is assigned a value but never used  no-unused-vars

src\pages\modules\Customer\HomePage.jsx
  Line 21:7:     'RECOMMENDED_CATEGORY' is assigned a value but never used                                                                                                                      no-unused-vars
  Line 23:7:     'FREQUENTLY_CATEGORY' is assigned a value but never used                                                                                                                       no-unused-vars
  Line 82:7:     'getCategoryBgImage' is assigned a value but never used                                                                                                                        no-unused-vars
  Line 189:9:    'heroContent' is assigned a value but never used                                                                                                                               no-unused-vars
  Line 203:48:   'socialMediaDetails' is assigned a value but never used                                                                                                                        no-unused-vars
  Line 220:10:   'hoursLoading' is assigned a value but never used                                                                                                                              no-unused-vars
  Line 222:10:   'sectionsLoading' is assigned a value but never used                                                                                                                           no-unused-vars
  Line 238:9:    'renderHoursList' is assigned a value but never used                                                                                                                           no-unused-vars
  Line 283:9:    'renderDiningSections' is assigned a value but never used                                                                                                                      no-unused-vars
  Line 319:9:    'getBranchAddress' is assigned a value but never used                                                                                                                          no-unused-vars
  Line 327:10:   'currentBannerSlide' is assigned a value but never used                                                                                                                        no-unused-vars
  Line 328:25:   'setBannerHovered' is assigned a value but never used                                                                                                                          no-unused-vars
  Line 361:10:   'branchesLoading' is assigned a value but never used                                                                                                                           no-unused-vars
  Line 362:24:   'setUserLocation' is assigned a value but never used                                                                                                                           no-unused-vars
  Line 363:10:   'locationStatus' is assigned a value but never used                                                                                                                            no-unused-vars
  Line 363:26:   'setLocationStatus' is assigned a value but never used                                                                                                                         no-unused-vars
  Line 368:10:   'locationSuggestions' is assigned a value but never used                                                                                                                       no-unused-vars
  Line 369:10:   'showLocationSuggestions' is assigned a value but never used                                                                                                                   no-unused-vars
  Line 370:10:   'locationSearchLoading' is assigned a value but never used                                                                                                                     no-unused-vars
  Line 371:10:   'showCartBranchDropdown' is assigned a value but never used                                                                                                                    no-unused-vars
  Line 371:34:   'setShowCartBranchDropdown' is assigned a value but never used                                                                                                                 no-unused-vars
  Line 373:10:   'noBranchMessage' is assigned a value but never used                                                                                                                           no-unused-vars
  Line 379:9:    'locationModalSelectedRef' is assigned a value but never used                                                                                                                  no-unused-vars
  Line 380:9:    'debounceModalRef' is assigned a value but never used                                                                                                                          no-unused-vars
  Line 411:10:   'slidersLoading' is assigned a value but never used                                                                                                                            no-unused-vars
  Line 491:6:    React Hook useEffect has a missing dependency: 'heroSlideImages.length'. Either include it or remove the dependency array                                                      react-hooks/exhaustive-deps
  Line 498:6:    React Hook useEffect has a missing dependency: 'signatureDishes.length'. Either include it or remove the dependency array                                                      react-hooks/exhaustive-deps
  Line 505:6:    React Hook useEffect has a missing dependency: 'menuHeroImages.length'. Either include it or remove the dependency array                                                       react-hooks/exhaustive-deps
  Line 531:10:   'marqueeMessages' is assigned a value but never used                                                                                                                           no-unused-vars
  Line 699:25:   Expected '===' and instead saw '=='                                                                                                                                            eqeqeq
  Line 706:57:   Expected '===' and instead saw '=='                                                                                                                                            eqeqeq
  Line 738:57:   Expected '!==' and instead saw '!='                                                                                                                                            eqeqeq
  Line 744:55:   Expected '===' and instead saw '=='                                                                                                                                            eqeqeq
  Line 751:111:  Expected '===' and instead saw '=='                                                                                                                                            eqeqeq
  Line 762:96:   Expected '===' and instead saw '=='                                                                                                                                            eqeqeq
  Line 771:89:   Expected '===' and instead saw '=='                                                                                                                                            eqeqeq
  Line 777:75:   Expected '===' and instead saw '=='                                                                                                                                            eqeqeq
  Line 1437:9:   'updateCartAddonQuantity' is assigned a value but never used                                                                                                                   no-unused-vars
  Line 1457:51:  Expected '===' and instead saw '=='                                                                                                                                            eqeqeq
  Line 1583:9:   'handleLogoError' is assigned a value but never used                                                                                                                           no-unused-vars
  Line 1590:9:   'scrollCategories' is assigned a value but never used                                                                                                                          no-unused-vars
  Line 1923:9:   'selectLocation' is assigned a value but never used                                                                                                                            no-unused-vars
  Line 2101:6:   React Hook useEffect has a missing dependency: 'fetchCategories'. Either include it or remove the dependency array                                                             react-hooks/exhaustive-deps
  Line 2276:9:   'branchId' is assigned a value but never used                                                                                                                                  no-unused-vars
  Line 2377:6:   React Hook useEffect has a missing dependency: 'fetchTrendingItems'. Either include it or remove the dependency array                                                          react-hooks/exhaustive-deps
  Line 2417:6:   React Hook useEffect has missing dependencies: 'fetchFrequentlyOrderedItems', 'fetchMenuItems', and 'selectedSubcategory'. Either include them or remove the dependency array  react-hooks/exhaustive-deps
  Line 2618:6:   React Hook useEffect has a missing dependency: 'handleCategoryScroll'. Either include it or remove the dependency array                                                        react-hooks/exhaustive-deps
  Line 2652:6:   React Hook useEffect has missing dependencies: 'fetchAddresses' and 'fetchPaymentGateways'. Either include them or remove the dependency array                                 react-hooks/exhaustive-deps
  Line 2696:9:   'goToSlide' is assigned a value but never used                                                                                                                                 no-unused-vars
  Line 2700:9:   'nextSlide' is assigned a value but never used                                                                                                                                 no-unused-vars
  Line 2704:9:   'prevSlide' is assigned a value but never used                                                                                                                                 no-unused-vars
  Line 2744:9:   'handlePortraitCategoryClick' is assigned a value but never used                                                                                                               no-unused-vars

src\routes\LoginRoutes.js
  Line 4:25:  'Navigate' is defined but never used  no-unused-vars

Search for the keywords to learn more about each warning.
To ignore, add // eslint-disable-next-line to the line before.

[1m[33mWARNING[39m[22m in [1m[eslint] 
src\pages\modules\Customer\AboutPage.jsx
  Line 9:9:    'primaryColor' is assigned a value but never used  no-unused-vars
  Line 11:21:  'setThemeMode' is assigned a value but never used  no-unused-vars

src\pages\modules\Customer\HomePage.jsx
  Line 21:7:     'RECOMMENDED_CATEGORY' is assigned a value but never used                                                                                                                      no-unused-vars
  Line 23:7:     'FREQUENTLY_CATEGORY' is assigned a value but never used                                                                                                                       no-unused-vars
  Line 82:7:     'getCategoryBgImage' is assigned a value but never used                                                                                                                        no-unused-vars
  Line 189:9:    'heroContent' is assigned a value but never used                                                                                                                               no-unused-vars
  Line 203:48:   'socialMediaDetails' is assigned a value but never used                                                                                                                        no-unused-vars
  Line 220:10:   'hoursLoading' is assigned a value but never used                                                                                                                              no-unused-vars
  Line 222:10:   'sectionsLoading' is assigned a value but never used                                                                                                                           no-unused-vars
  Line 238:9:    'renderHoursList' is assigned a value but never used                                                                                                                           no-unused-vars
  Line 283:9:    'renderDiningSections' is assigned a value but never used                                                                                                                      no-unused-vars
  Line 319:9:    'getBranchAddress' is assigned a value but never used                                                                                                                          no-unused-vars
  Line 327:10:   'currentBannerSlide' is assigned a value but never used                                                                                                                        no-unused-vars
  Line 328:25:   'setBannerHovered' is assigned a value but never used                                                                                                                          no-unused-vars
  Line 361:10:   'branchesLoading' is assigned a value but never used                                                                                                                           no-unused-vars
  Line 362:24:   'setUserLocation' is assigned a value but never used                                                                                                                           no-unused-vars
  Line 363:10:   'locationStatus' is assigned a value but never used                                                                                                                            no-unused-vars
  Line 363:26:   'setLocationStatus' is assigned a value but never used                                                                                                                         no-unused-vars
  Line 368:10:   'locationSuggestions' is assigned a value but never used                                                                                                                       no-unused-vars
  Line 369:10:   'showLocationSuggestions' is assigned a value but never used                                                                                                                   no-unused-vars
  Line 370:10:   'locationSearchLoading' is assigned a value but never used                                                                                                                     no-unused-vars
  Line 371:10:   'showCartBranchDropdown' is assigned a value but never used                                                                                                                    no-unused-vars
  Line 371:34:   'setShowCartBranchDropdown' is assigned a value but never used                                                                                                                 no-unused-vars
  Line 373:10:   'noBranchMessage' is assigned a value but never used                                                                                                                           no-unused-vars
  Line 379:9:    'locationModalSelectedRef' is assigned a value but never used                                                                                                                  no-unused-vars
  Line 380:9:    'debounceModalRef' is assigned a value but never used                                                                                                                          no-unused-vars
  Line 411:10:   'slidersLoading' is assigned a value but never used                                                                                                                            no-unused-vars
  Line 491:6:    React Hook useEffect has a missing dependency: 'heroSlideImages.length'. Either include it or remove the dependency array                                                      react-hooks/exhaustive-deps
  Line 498:6:    React Hook useEffect has a missing dependency: 'signatureDishes.length'. Either include it or remove the dependency array                                                      react-hooks/exhaustive-deps
  Line 505:6:    React Hook useEffect has a missing dependency: 'menuHeroImages.length'. Either include it or remove the dependency array                                                       react-hooks/exhaustive-deps
  Line 531:10:   'marqueeMessages' is assigned a value but never used                                                                                                                           no-unused-vars
  Line 699:25:   Expected '===' and instead saw '=='                                                                                                                                            eqeqeq
  Line 706:57:   Expected '===' and instead saw '=='                                                                                                                                            eqeqeq
  Line 738:57:   Expected '!==' and instead saw '!='                                                                                                                                            eqeqeq
  Line 744:55:   Expected '===' and instead saw '=='                                                                                                                                            eqeqeq
  Line 751:111:  Expected '===' and instead saw '=='                                                                                                                                            eqeqeq
  Line 762:96:   Expected '===' and instead saw '=='                                                                                                                                            eqeqeq
  Line 771:89:   Expected '===' and instead saw '=='                                                                                                                                            eqeqeq
  Line 777:75:   Expected '===' and instead saw '=='                                                                                                                                            eqeqeq
  Line 1437:9:   'updateCartAddonQuantity' is assigned a value but never used                                                                                                                   no-unused-vars
  Line 1457:51:  Expected '===' and instead saw '=='                                                                                                                                            eqeqeq
  Line 1583:9:   'handleLogoError' is assigned a value but never used                                                                                                                           no-unused-vars
  Line 1590:9:   'scrollCategories' is assigned a value but never used                                                                                                                          no-unused-vars
  Line 1923:9:   'selectLocation' is assigned a value but never used                                                                                                                            no-unused-vars
  Line 2101:6:   React Hook useEffect has a missing dependency: 'fetchCategories'. Either include it or remove the dependency array                                                             react-hooks/exhaustive-deps
  Line 2276:9:   'branchId' is assigned a value but never used                                                                                                                                  no-unused-vars
  Line 2377:6:   React Hook useEffect has a missing dependency: 'fetchTrendingItems'. Either include it or remove the dependency array                                                          react-hooks/exhaustive-deps
  Line 2417:6:   React Hook useEffect has missing dependencies: 'fetchFrequentlyOrderedItems', 'fetchMenuItems', and 'selectedSubcategory'. Either include them or remove the dependency array  react-hooks/exhaustive-deps
  Line 2618:6:   React Hook useEffect has a missing dependency: 'handleCategoryScroll'. Either include it or remove the dependency array                                                        react-hooks/exhaustive-deps
  Line 2652:6:   React Hook useEffect has missing dependencies: 'fetchAddresses' and 'fetchPaymentGateways'. Either include them or remove the dependency array                                 react-hooks/exhaustive-deps
  Line 2696:9:   'goToSlide' is assigned a value but never used                                                                                                                                 no-unused-vars
  Line 2700:9:   'nextSlide' is assigned a value but never used                                                                                                                                 no-unused-vars
  Line 2704:9:   'prevSlide' is assigned a value but never used                                                                                                                                 no-unused-vars
  Line 2744:9:   'handlePortraitCategoryClick' is assigned a value but never used                                                                                                               no-unused-vars

src\routes\LoginRoutes.js
  Line 4:25:  'Navigate' is defined but never used  no-unused-vars

[39m[22m

webpack compiled with [1m[33m1 warning[39m[22m
Compiling...
Compiled with warnings.

[eslint] 
src\pages\modules\Customer\AboutPage.jsx
  Line 9:9:    'primaryColor' is assigned a value but never used  no-unused-vars
  Line 11:21:  'setThemeMode' is assigned a value but never used  no-unused-vars

src\pages\modules\Customer\HomePage.jsx
  Line 21:7:     'RECOMMENDED_CATEGORY' is assigned a value but never used                                                                                                                      no-unused-vars
  Line 23:7:     'FREQUENTLY_CATEGORY' is assigned a value but never used                                                                                                                       no-unused-vars
  Line 82:7:     'getCategoryBgImage' is assigned a value but never used                                                                                                                        no-unused-vars
  Line 189:9:    'heroContent' is assigned a value but never used                                                                                                                               no-unused-vars
  Line 203:48:   'socialMediaDetails' is assigned a value but never used                                                                                                                        no-unused-vars
  Line 220:10:   'hoursLoading' is assigned a value but never used                                                                                                                              no-unused-vars
  Line 222:10:   'sectionsLoading' is assigned a value but never used                                                                                                                           no-unused-vars
  Line 238:9:    'renderHoursList' is assigned a value but never used                                                                                                                           no-unused-vars
  Line 283:9:    'renderDiningSections' is assigned a value but never used                                                                                                                      no-unused-vars
  Line 319:9:    'getBranchAddress' is assigned a value but never used                                                                                                                          no-unused-vars
  Line 327:10:   'currentBannerSlide' is assigned a value but never used                                                                                                                        no-unused-vars
  Line 328:25:   'setBannerHovered' is assigned a value but never used                                                                                                                          no-unused-vars
  Line 361:10:   'branchesLoading' is assigned a value but never used                                                                                                                           no-unused-vars
  Line 362:24:   'setUserLocation' is assigned a value but never used                                                                                                                           no-unused-vars
  Line 363:10:   'locationStatus' is assigned a value but never used                                                                                                                            no-unused-vars
  Line 363:26:   'setLocationStatus' is assigned a value but never used                                                                                                                         no-unused-vars
  Line 368:10:   'locationSuggestions' is assigned a value but never used                                                                                                                       no-unused-vars
  Line 369:10:   'showLocationSuggestions' is assigned a value but never used                                                                                                                   no-unused-vars
  Line 370:10:   'locationSearchLoading' is assigned a value but never used                                                                                                                     no-unused-vars
  Line 371:10:   'showCartBranchDropdown' is assigned a value but never used                                                                                                                    no-unused-vars
  Line 371:34:   'setShowCartBranchDropdown' is assigned a value but never used                                                                                                                 no-unused-vars
  Line 373:10:   'noBranchMessage' is assigned a value but never used                                                                                                                           no-unused-vars
  Line 379:9:    'locationModalSelectedRef' is assigned a value but never used                                                                                                                  no-unused-vars
  Line 380:9:    'debounceModalRef' is assigned a value but never used                                                                                                                          no-unused-vars
  Line 411:10:   'slidersLoading' is assigned a value but never used                                                                                                                            no-unused-vars
  Line 491:6:    React Hook useEffect has a missing dependency: 'heroSlideImages.length'. Either include it or remove the dependency array                                                      react-hooks/exhaustive-deps
  Line 498:6:    React Hook useEffect has a missing dependency: 'signatureDishes.length'. Either include it or remove the dependency array                                                      react-hooks/exhaustive-deps
  Line 505:6:    React Hook useEffect has a missing dependency: 'menuHeroImages.length'. Either include it or remove the dependency array                                                       react-hooks/exhaustive-deps
  Line 531:10:   'marqueeMessages' is assigned a value but never used                                                                                                                           no-unused-vars
  Line 699:25:   Expected '===' and instead saw '=='                                                                                                                                            eqeqeq
  Line 706:57:   Expected '===' and instead saw '=='                                                                                                                                            eqeqeq
  Line 738:57:   Expected '!==' and instead saw '!='                                                                                                                                            eqeqeq
  Line 744:55:   Expected '===' and instead saw '=='                                                                                                                                            eqeqeq
  Line 751:111:  Expected '===' and instead saw '=='                                                                                                                                            eqeqeq
  Line 762:96:   Expected '===' and instead saw '=='                                                                                                                                            eqeqeq
  Line 771:89:   Expected '===' and instead saw '=='                                                                                                                                            eqeqeq
  Line 777:75:   Expected '===' and instead saw '=='                                                                                                                                            eqeqeq
  Line 1437:9:   'updateCartAddonQuantity' is assigned a value but never used                                                                                                                   no-unused-vars
  Line 1457:51:  Expected '===' and instead saw '=='                                                                                                                                            eqeqeq
  Line 1583:9:   'handleLogoError' is assigned a value but never used                                                                                                                           no-unused-vars
  Line 1590:9:   'scrollCategories' is assigned a value but never used                                                                                                                          no-unused-vars
  Line 1923:9:   'selectLocation' is assigned a value but never used                                                                                                                            no-unused-vars
  Line 2101:6:   React Hook useEffect has a missing dependency: 'fetchCategories'. Either include it or remove the dependency array                                                             react-hooks/exhaustive-deps
  Line 2276:9:   'branchId' is assigned a value but never used                                                                                                                                  no-unused-vars
  Line 2377:6:   React Hook useEffect has a missing dependency: 'fetchTrendingItems'. Either include it or remove the dependency array                                                          react-hooks/exhaustive-deps
  Line 2417:6:   React Hook useEffect has missing dependencies: 'fetchFrequentlyOrderedItems', 'fetchMenuItems', and 'selectedSubcategory'. Either include them or remove the dependency array  react-hooks/exhaustive-deps
  Line 2618:6:   React Hook useEffect has a missing dependency: 'handleCategoryScroll'. Either include it or remove the dependency array                                                        react-hooks/exhaustive-deps
  Line 2652:6:   React Hook useEffect has missing dependencies: 'fetchAddresses' and 'fetchPaymentGateways'. Either include them or remove the dependency array                                 react-hooks/exhaustive-deps
  Line 2696:9:   'goToSlide' is assigned a value but never used                                                                                                                                 no-unused-vars
  Line 2700:9:   'nextSlide' is assigned a value but never used                                                                                                                                 no-unused-vars
  Line 2704:9:   'prevSlide' is assigned a value but never used                                                                                                                                 no-unused-vars
  Line 2744:9:   'handlePortraitCategoryClick' is assigned a value but never used                                                                                                               no-unused-vars

src\routes\LoginRoutes.js
  Line 4:25:  'Navigate' is defined but never used  no-unused-vars

Search for the keywords to learn more about each warning.
To ignore, add // eslint-disable-next-line to the line before.

[1m[33mWARNING[39m[22m in [1m[eslint] 
src\pages\modules\Customer\AboutPage.jsx
  Line 9:9:    'primaryColor' is assigned a value but never used  no-unused-vars
  Line 11:21:  'setThemeMode' is assigned a value but never used  no-unused-vars

src\pages\modules\Customer\HomePage.jsx
  Line 21:7:     'RECOMMENDED_CATEGORY' is assigned a value but never used                                                                                                                      no-unused-vars
  Line 23:7:     'FREQUENTLY_CATEGORY' is assigned a value but never used                                                                                                                       no-unused-vars
  Line 82:7:     'getCategoryBgImage' is assigned a value but never used                                                                                                                        no-unused-vars
  Line 189:9:    'heroContent' is assigned a value but never used                                                                                                                               no-unused-vars
  Line 203:48:   'socialMediaDetails' is assigned a value but never used                                                                                                                        no-unused-vars
  Line 220:10:   'hoursLoading' is assigned a value but never used                                                                                                                              no-unused-vars
  Line 222:10:   'sectionsLoading' is assigned a value but never used                                                                                                                           no-unused-vars
  Line 238:9:    'renderHoursList' is assigned a value but never used                                                                                                                           no-unused-vars
  Line 283:9:    'renderDiningSections' is assigned a value but never used                                                                                                                      no-unused-vars
  Line 319:9:    'getBranchAddress' is assigned a value but never used                                                                                                                          no-unused-vars
  Line 327:10:   'currentBannerSlide' is assigned a value but never used                                                                                                                        no-unused-vars
  Line 328:25:   'setBannerHovered' is assigned a value but never used                                                                                                                          no-unused-vars
  Line 361:10:   'branchesLoading' is assigned a value but never used                                                                                                                           no-unused-vars
  Line 362:24:   'setUserLocation' is assigned a value but never used                                                                                                                           no-unused-vars
  Line 363:10:   'locationStatus' is assigned a value but never used                                                                                                                            no-unused-vars
  Line 363:26:   'setLocationStatus' is assigned a value but never used                                                                                                                         no-unused-vars
  Line 368:10:   'locationSuggestions' is assigned a value but never used                                                                                                                       no-unused-vars
  Line 369:10:   'showLocationSuggestions' is assigned a value but never used                                                                                                                   no-unused-vars
  Line 370:10:   'locationSearchLoading' is assigned a value but never used                                                                                                                     no-unused-vars
  Line 371:10:   'showCartBranchDropdown' is assigned a value but never used                                                                                                                    no-unused-vars
  Line 371:34:   'setShowCartBranchDropdown' is assigned a value but never used                                                                                                                 no-unused-vars
  Line 373:10:   'noBranchMessage' is assigned a value but never used                                                                                                                           no-unused-vars
  Line 379:9:    'locationModalSelectedRef' is assigned a value but never used                                                                                                                  no-unused-vars
  Line 380:9:    'debounceModalRef' is assigned a value but never used                                                                                                                          no-unused-vars
  Line 411:10:   'slidersLoading' is assigned a value but never used                                                                                                                            no-unused-vars
  Line 491:6:    React Hook useEffect has a missing dependency: 'heroSlideImages.length'. Either include it or remove the dependency array                                                      react-hooks/exhaustive-deps
  Line 498:6:    React Hook useEffect has a missing dependency: 'signatureDishes.length'. Either include it or remove the dependency array                                                      react-hooks/exhaustive-deps
  Line 505:6:    React Hook useEffect has a missing dependency: 'menuHeroImages.length'. Either include it or remove the dependency array                                                       react-hooks/exhaustive-deps
  Line 531:10:   'marqueeMessages' is assigned a value but never used                                                                                                                           no-unused-vars
  Line 699:25:   Expected '===' and instead saw '=='                                                                                                                                            eqeqeq
  Line 706:57:   Expected '===' and instead saw '=='                                                                                                                                            eqeqeq
  Line 738:57:   Expected '!==' and instead saw '!='                                                                                                                                            eqeqeq
  Line 744:55:   Expected '===' and instead saw '=='                                                                                                                                            eqeqeq
  Line 751:111:  Expected '===' and instead saw '=='                                                                                                                                            eqeqeq
  Line 762:96:   Expected '===' and instead saw '=='                                                                                                                                            eqeqeq
  Line 771:89:   Expected '===' and instead saw '=='                                                                                                                                            eqeqeq
  Line 777:75:   Expected '===' and instead saw '=='                                                                                                                                            eqeqeq
  Line 1437:9:   'updateCartAddonQuantity' is assigned a value but never used                                                                                                                   no-unused-vars
  Line 1457:51:  Expected '===' and instead saw '=='                                                                                                                                            eqeqeq
  Line 1583:9:   'handleLogoError' is assigned a value but never used                                                                                                                           no-unused-vars
  Line 1590:9:   'scrollCategories' is assigned a value but never used                                                                                                                          no-unused-vars
  Line 1923:9:   'selectLocation' is assigned a value but never used                                                                                                                            no-unused-vars
  Line 2101:6:   React Hook useEffect has a missing dependency: 'fetchCategories'. Either include it or remove the dependency array                                                             react-hooks/exhaustive-deps
  Line 2276:9:   'branchId' is assigned a value but never used                                                                                                                                  no-unused-vars
  Line 2377:6:   React Hook useEffect has a missing dependency: 'fetchTrendingItems'. Either include it or remove the dependency array                                                          react-hooks/exhaustive-deps
  Line 2417:6:   React Hook useEffect has missing dependencies: 'fetchFrequentlyOrderedItems', 'fetchMenuItems', and 'selectedSubcategory'. Either include them or remove the dependency array  react-hooks/exhaustive-deps
  Line 2618:6:   React Hook useEffect has a missing dependency: 'handleCategoryScroll'. Either include it or remove the dependency array                                                        react-hooks/exhaustive-deps
  Line 2652:6:   React Hook useEffect has missing dependencies: 'fetchAddresses' and 'fetchPaymentGateways'. Either include them or remove the dependency array                                 react-hooks/exhaustive-deps
  Line 2696:9:   'goToSlide' is assigned a value but never used                                                                                                                                 no-unused-vars
  Line 2700:9:   'nextSlide' is assigned a value but never used                                                                                                                                 no-unused-vars
  Line 2704:9:   'prevSlide' is assigned a value but never used                                                                                                                                 no-unused-vars
  Line 2744:9:   'handlePortraitCategoryClick' is assigned a value but never used                                                                                                               no-unused-vars

src\routes\LoginRoutes.js
  Line 4:25:  'Navigate' is defined but never used  no-unused-vars

[39m[22m

webpack compiled with [1m[33m1 warning[39m[22m
Compiling...
Compiled with warnings.

[eslint] 
src\pages\modules\Customer\AboutPage.jsx
  Line 9:9:    'primaryColor' is assigned a value but never used  no-unused-vars
  Line 11:21:  'setThemeMode' is assigned a value but never used  no-unused-vars

src\pages\modules\Customer\HomePage.jsx
  Line 21:7:     'RECOMMENDED_CATEGORY' is assigned a value but never used                                                                                                                      no-unused-vars
  Line 23:7:     'FREQUENTLY_CATEGORY' is assigned a value but never used                                                                                                                       no-unused-vars
  Line 82:7:     'getCategoryBgImage' is assigned a value but never used                                                                                                                        no-unused-vars
  Line 189:9:    'heroContent' is assigned a value but never used                                                                                                                               no-unused-vars
  Line 203:48:   'socialMediaDetails' is assigned a value but never used                                                                                                                        no-unused-vars
  Line 220:10:   'hoursLoading' is assigned a value but never used                                                                                                                              no-unused-vars
  Line 222:10:   'sectionsLoading' is assigned a value but never used                                                                                                                           no-unused-vars
  Line 238:9:    'renderHoursList' is assigned a value but never used                                                                                                                           no-unused-vars
  Line 283:9:    'renderDiningSections' is assigned a value but never used                                                                                                                      no-unused-vars
  Line 319:9:    'getBranchAddress' is assigned a value but never used                                                                                                                          no-unused-vars
  Line 327:10:   'currentBannerSlide' is assigned a value but never used                                                                                                                        no-unused-vars
  Line 328:25:   'setBannerHovered' is assigned a value but never used                                                                                                                          no-unused-vars
  Line 361:10:   'branchesLoading' is assigned a value but never used                                                                                                                           no-unused-vars
  Line 362:24:   'setUserLocation' is assigned a value but never used                                                                                                                           no-unused-vars
  Line 363:10:   'locationStatus' is assigned a value but never used                                                                                                                            no-unused-vars
  Line 363:26:   'setLocationStatus' is assigned a value but never used                                                                                                                         no-unused-vars
  Line 368:10:   'locationSuggestions' is assigned a value but never used                                                                                                                       no-unused-vars
  Line 369:10:   'showLocationSuggestions' is assigned a value but never used                                                                                                                   no-unused-vars
  Line 370:10:   'locationSearchLoading' is assigned a value but never used                                                                                                                     no-unused-vars
  Line 371:10:   'showCartBranchDropdown' is assigned a value but never used                                                                                                                    no-unused-vars
  Line 371:34:   'setShowCartBranchDropdown' is assigned a value but never used                                                                                                                 no-unused-vars
  Line 373:10:   'noBranchMessage' is assigned a value but never used                                                                                                                           no-unused-vars
  Line 379:9:    'locationModalSelectedRef' is assigned a value but never used                                                                                                                  no-unused-vars
  Line 380:9:    'debounceModalRef' is assigned a value but never used                                                                                                                          no-unused-vars
  Line 411:10:   'slidersLoading' is assigned a value but never used                                                                                                                            no-unused-vars
  Line 491:6:    React Hook useEffect has a missing dependency: 'heroSlideImages.length'. Either include it or remove the dependency array                                                      react-hooks/exhaustive-deps
  Line 498:6:    React Hook useEffect has a missing dependency: 'signatureDishes.length'. Either include it or remove the dependency array                                                      react-hooks/exhaustive-deps
  Line 505:6:    React Hook useEffect has a missing dependency: 'menuHeroImages.length'. Either include it or remove the dependency array                                                       react-hooks/exhaustive-deps
  Line 531:10:   'marqueeMessages' is assigned a value but never used                                                                                                                           no-unused-vars
  Line 699:25:   Expected '===' and instead saw '=='                                                                                                                                            eqeqeq
  Line 706:57:   Expected '===' and instead saw '=='                                                                                                                                            eqeqeq
  Line 738:57:   Expected '!==' and instead saw '!='                                                                                                                                            eqeqeq
  Line 744:55:   Expected '===' and instead saw '=='                                                                                                                                            eqeqeq
  Line 751:111:  Expected '===' and instead saw '=='                                                                                                                                            eqeqeq
  Line 762:96:   Expected '===' and instead saw '=='                                                                                                                                            eqeqeq
  Line 771:89:   Expected '===' and instead saw '=='                                                                                                                                            eqeqeq
  Line 777:75:   Expected '===' and instead saw '=='                                                                                                                                            eqeqeq
  Line 1437:9:   'updateCartAddonQuantity' is assigned a value but never used                                                                                                                   no-unused-vars
  Line 1457:51:  Expected '===' and instead saw '=='                                                                                                                                            eqeqeq
  Line 1583:9:   'handleLogoError' is assigned a value but never used                                                                                                                           no-unused-vars
  Line 1590:9:   'scrollCategories' is assigned a value but never used                                                                                                                          no-unused-vars
  Line 1923:9:   'selectLocation' is assigned a value but never used                                                                                                                            no-unused-vars
  Line 2101:6:   React Hook useEffect has a missing dependency: 'fetchCategories'. Either include it or remove the dependency array                                                             react-hooks/exhaustive-deps
  Line 2276:9:   'branchId' is assigned a value but never used                                                                                                                                  no-unused-vars
  Line 2377:6:   React Hook useEffect has a missing dependency: 'fetchTrendingItems'. Either include it or remove the dependency array                                                          react-hooks/exhaustive-deps
  Line 2417:6:   React Hook useEffect has missing dependencies: 'fetchFrequentlyOrderedItems', 'fetchMenuItems', and 'selectedSubcategory'. Either include them or remove the dependency array  react-hooks/exhaustive-deps
  Line 2618:6:   React Hook useEffect has a missing dependency: 'handleCategoryScroll'. Either include it or remove the dependency array                                                        react-hooks/exhaustive-deps
  Line 2652:6:   React Hook useEffect has missing dependencies: 'fetchAddresses' and 'fetchPaymentGateways'. Either include them or remove the dependency array                                 react-hooks/exhaustive-deps
  Line 2696:9:   'goToSlide' is assigned a value but never used                                                                                                                                 no-unused-vars
  Line 2700:9:   'nextSlide' is assigned a value but never used                                                                                                                                 no-unused-vars
  Line 2704:9:   'prevSlide' is assigned a value but never used                                                                                                                                 no-unused-vars
  Line 2744:9:   'handlePortraitCategoryClick' is assigned a value but never used                                                                                                               no-unused-vars

src\routes\LoginRoutes.js
  Line 4:25:  'Navigate' is defined but never used  no-unused-vars

Search for the keywords to learn more about each warning.
To ignore, add // eslint-disable-next-line to the line before.

[1m[33mWARNING[39m[22m in [1m[eslint] 
src\pages\modules\Customer\AboutPage.jsx
  Line 9:9:    'primaryColor' is assigned a value but never used  no-unused-vars
  Line 11:21:  'setThemeMode' is assigned a value but never used  no-unused-vars

src\pages\modules\Customer\HomePage.jsx
  Line 21:7:     'RECOMMENDED_CATEGORY' is assigned a value but never used                                                                                                                      no-unused-vars
  Line 23:7:     'FREQUENTLY_CATEGORY' is assigned a value but never used                                                                                                                       no-unused-vars
  Line 82:7:     'getCategoryBgImage' is assigned a value but never used                                                                                                                        no-unused-vars
  Line 189:9:    'heroContent' is assigned a value but never used                                                                                                                               no-unused-vars
  Line 203:48:   'socialMediaDetails' is assigned a value but never used                                                                                                                        no-unused-vars
  Line 220:10:   'hoursLoading' is assigned a value but never used                                                                                                                              no-unused-vars
  Line 222:10:   'sectionsLoading' is assigned a value but never used                                                                                                                           no-unused-vars
  Line 238:9:    'renderHoursList' is assigned a value but never used                                                                                                                           no-unused-vars
  Line 283:9:    'renderDiningSections' is assigned a value but never used                                                                                                                      no-unused-vars
  Line 319:9:    'getBranchAddress' is assigned a value but never used                                                                                                                          no-unused-vars
  Line 327:10:   'currentBannerSlide' is assigned a value but never used                                                                                                                        no-unused-vars
  Line 328:25:   'setBannerHovered' is assigned a value but never used                                                                                                                          no-unused-vars
  Line 361:10:   'branchesLoading' is assigned a value but never used                                                                                                                           no-unused-vars
  Line 362:24:   'setUserLocation' is assigned a value but never used                                                                                                                           no-unused-vars
  Line 363:10:   'locationStatus' is assigned a value but never used                                                                                                                            no-unused-vars
  Line 363:26:   'setLocationStatus' is assigned a value but never used                                                                                                                         no-unused-vars
  Line 368:10:   'locationSuggestions' is assigned a value but never used                                                                                                                       no-unused-vars
  Line 369:10:   'showLocationSuggestions' is assigned a value but never used                                                                                                                   no-unused-vars
  Line 370:10:   'locationSearchLoading' is assigned a value but never used                                                                                                                     no-unused-vars
  Line 371:10:   'showCartBranchDropdown' is assigned a value but never used                                                                                                                    no-unused-vars
  Line 371:34:   'setShowCartBranchDropdown' is assigned a value but never used                                                                                                                 no-unused-vars
  Line 373:10:   'noBranchMessage' is assigned a value but never used                                                                                                                           no-unused-vars
  Line 379:9:    'locationModalSelectedRef' is assigned a value but never used                                                                                                                  no-unused-vars
  Line 380:9:    'debounceModalRef' is assigned a value but never used                                                                                                                          no-unused-vars
  Line 411:10:   'slidersLoading' is assigned a value but never used                                                                                                                            no-unused-vars
  Line 491:6:    React Hook useEffect has a missing dependency: 'heroSlideImages.length'. Either include it or remove the dependency array                                                      react-hooks/exhaustive-deps
  Line 498:6:    React Hook useEffect has a missing dependency: 'signatureDishes.length'. Either include it or remove the dependency array                                                      react-hooks/exhaustive-deps
  Line 505:6:    React Hook useEffect has a missing dependency: 'menuHeroImages.length'. Either include it or remove the dependency array                                                       react-hooks/exhaustive-deps
  Line 531:10:   'marqueeMessages' is assigned a value but never used                                                                                                                           no-unused-vars
  Line 699:25:   Expected '===' and instead saw '=='                                                                                                                                            eqeqeq
  Line 706:57:   Expected '===' and instead saw '=='                                                                                                                                            eqeqeq
  Line 738:57:   Expected '!==' and instead saw '!='                                                                                                                                            eqeqeq
  Line 744:55:   Expected '===' and instead saw '=='                                                                                                                                            eqeqeq
  Line 751:111:  Expected '===' and instead saw '=='                                                                                                                                            eqeqeq
  Line 762:96:   Expected '===' and instead saw '=='                                                                                                                                            eqeqeq
  Line 771:89:   Expected '===' and instead saw '=='                                                                                                                                            eqeqeq
  Line 777:75:   Expected '===' and instead saw '=='                                                                                                                                            eqeqeq
  Line 1437:9:   'updateCartAddonQuantity' is assigned a value but never used                                                                                                                   no-unused-vars
  Line 1457:51:  Expected '===' and instead saw '=='                                                                                                                                            eqeqeq
  Line 1583:9:   'handleLogoError' is assigned a value but never used                                                                                                                           no-unused-vars
  Line 1590:9:   'scrollCategories' is assigned a value but never used                                                                                                                          no-unused-vars
  Line 1923:9:   'selectLocation' is assigned a value but never used                                                                                                                            no-unused-vars
  Line 2101:6:   React Hook useEffect has a missing dependency: 'fetchCategories'. Either include it or remove the dependency array                                                             react-hooks/exhaustive-deps
  Line 2276:9:   'branchId' is assigned a value but never used                                                                                                                                  no-unused-vars
  Line 2377:6:   React Hook useEffect has a missing dependency: 'fetchTrendingItems'. Either include it or remove the dependency array                                                          react-hooks/exhaustive-deps
  Line 2417:6:   React Hook useEffect has missing dependencies: 'fetchFrequentlyOrderedItems', 'fetchMenuItems', and 'selectedSubcategory'. Either include them or remove the dependency array  react-hooks/exhaustive-deps
  Line 2618:6:   React Hook useEffect has a missing dependency: 'handleCategoryScroll'. Either include it or remove the dependency array                                                        react-hooks/exhaustive-deps
  Line 2652:6:   React Hook useEffect has missing dependencies: 'fetchAddresses' and 'fetchPaymentGateways'. Either include them or remove the dependency array                                 react-hooks/exhaustive-deps
  Line 2696:9:   'goToSlide' is assigned a value but never used                                                                                                                                 no-unused-vars
  Line 2700:9:   'nextSlide' is assigned a value but never used                                                                                                                                 no-unused-vars
  Line 2704:9:   'prevSlide' is assigned a value but never used                                                                                                                                 no-unused-vars
  Line 2744:9:   'handlePortraitCategoryClick' is assigned a value but never used                                                                                                               no-unused-vars

src\routes\LoginRoutes.js
  Line 4:25:  'Navigate' is defined but never used  no-unused-vars

[39m[22m

webpack compiled with [1m[33m1 warning[39m[22m
Compiling...
Compiled with warnings.

[eslint] 
src\pages\modules\Customer\AboutPage.jsx
  Line 9:9:    'primaryColor' is assigned a value but never used  no-unused-vars
  Line 11:21:  'setThemeMode' is assigned a value but never used  no-unused-vars

src\pages\modules\Customer\HomePage.jsx
  Line 21:7:     'RECOMMENDED_CATEGORY' is assigned a value but never used                                                                                                                      no-unused-vars
  Line 23:7:     'FREQUENTLY_CATEGORY' is assigned a value but never used                                                                                                                       no-unused-vars
  Line 82:7:     'getCategoryBgImage' is assigned a value but never used                                                                                                                        no-unused-vars
  Line 189:9:    'heroContent' is assigned a value but never used                                                                                                                               no-unused-vars
  Line 203:48:   'socialMediaDetails' is assigned a value but never used                                                                                                                        no-unused-vars
  Line 220:10:   'hoursLoading' is assigned a value but never used                                                                                                                              no-unused-vars
  Line 222:10:   'sectionsLoading' is assigned a value but never used                                                                                                                           no-unused-vars
  Line 238:9:    'renderHoursList' is assigned a value but never used                                                                                                                           no-unused-vars
  Line 283:9:    'renderDiningSections' is assigned a value but never used                                                                                                                      no-unused-vars
  Line 319:9:    'getBranchAddress' is assigned a value but never used                                                                                                                          no-unused-vars
  Line 327:10:   'currentBannerSlide' is assigned a value but never used                                                                                                                        no-unused-vars
  Line 328:25:   'setBannerHovered' is assigned a value but never used                                                                                                                          no-unused-vars
  Line 361:10:   'branchesLoading' is assigned a value but never used                                                                                                                           no-unused-vars
  Line 362:24:   'setUserLocation' is assigned a value but never used                                                                                                                           no-unused-vars
  Line 363:10:   'locationStatus' is assigned a value but never used                                                                                                                            no-unused-vars
  Line 363:26:   'setLocationStatus' is assigned a value but never used                                                                                                                         no-unused-vars
  Line 368:10:   'locationSuggestions' is assigned a value but never used                                                                                                                       no-unused-vars
  Line 369:10:   'showLocationSuggestions' is assigned a value but never used                                                                                                                   no-unused-vars
  Line 370:10:   'locationSearchLoading' is assigned a value but never used                                                                                                                     no-unused-vars
  Line 371:10:   'showCartBranchDropdown' is assigned a value but never used                                                                                                                    no-unused-vars
  Line 371:34:   'setShowCartBranchDropdown' is assigned a value but never used                                                                                                                 no-unused-vars
  Line 373:10:   'noBranchMessage' is assigned a value but never used                                                                                                                           no-unused-vars
  Line 379:9:    'locationModalSelectedRef' is assigned a value but never used                                                                                                                  no-unused-vars
  Line 380:9:    'debounceModalRef' is assigned a value but never used                                                                                                                          no-unused-vars
  Line 411:10:   'slidersLoading' is assigned a value but never used                                                                                                                            no-unused-vars
  Line 491:6:    React Hook useEffect has a missing dependency: 'heroSlideImages.length'. Either include it or remove the dependency array                                                      react-hooks/exhaustive-deps
  Line 498:6:    React Hook useEffect has a missing dependency: 'signatureDishes.length'. Either include it or remove the dependency array                                                      react-hooks/exhaustive-deps
  Line 505:6:    React Hook useEffect has a missing dependency: 'menuHeroImages.length'. Either include it or remove the dependency array                                                       react-hooks/exhaustive-deps
  Line 531:10:   'marqueeMessages' is assigned a value but never used                                                                                                                           no-unused-vars
  Line 699:25:   Expected '===' and instead saw '=='                                                                                                                                            eqeqeq
  Line 706:57:   Expected '===' and instead saw '=='                                                                                                                                            eqeqeq
  Line 738:57:   Expected '!==' and instead saw '!='                                                                                                                                            eqeqeq
  Line 744:55:   Expected '===' and instead saw '=='                                                                                                                                            eqeqeq
  Line 751:111:  Expected '===' and instead saw '=='                                                                                                                                            eqeqeq
  Line 762:96:   Expected '===' and instead saw '=='                                                                                                                                            eqeqeq
  Line 771:89:   Expected '===' and instead saw '=='                                                                                                                                            eqeqeq
  Line 777:75:   Expected '===' and instead saw '=='                                                                                                                                            eqeqeq
  Line 1437:9:   'updateCartAddonQuantity' is assigned a value but never used                                                                                                                   no-unused-vars
  Line 1457:51:  Expected '===' and instead saw '=='                                                                                                                                            eqeqeq
  Line 1583:9:   'handleLogoError' is assigned a value but never used                                                                                                                           no-unused-vars
  Line 1590:9:   'scrollCategories' is assigned a value but never used                                                                                                                          no-unused-vars
  Line 1923:9:   'selectLocation' is assigned a value but never used                                                                                                                            no-unused-vars
  Line 2101:6:   React Hook useEffect has a missing dependency: 'fetchCategories'. Either include it or remove the dependency array                                                             react-hooks/exhaustive-deps
  Line 2276:9:   'branchId' is assigned a value but never used                                                                                                                                  no-unused-vars
  Line 2377:6:   React Hook useEffect has a missing dependency: 'fetchTrendingItems'. Either include it or remove the dependency array                                                          react-hooks/exhaustive-deps
  Line 2417:6:   React Hook useEffect has missing dependencies: 'fetchFrequentlyOrderedItems', 'fetchMenuItems', and 'selectedSubcategory'. Either include them or remove the dependency array  react-hooks/exhaustive-deps
  Line 2618:6:   React Hook useEffect has a missing dependency: 'handleCategoryScroll'. Either include it or remove the dependency array                                                        react-hooks/exhaustive-deps
  Line 2652:6:   React Hook useEffect has missing dependencies: 'fetchAddresses' and 'fetchPaymentGateways'. Either include them or remove the dependency array                                 react-hooks/exhaustive-deps
  Line 2696:9:   'goToSlide' is assigned a value but never used                                                                                                                                 no-unused-vars
  Line 2700:9:   'nextSlide' is assigned a value but never used                                                                                                                                 no-unused-vars
  Line 2704:9:   'prevSlide' is assigned a value but never used                                                                                                                                 no-unused-vars
  Line 2744:9:   'handlePortraitCategoryClick' is assigned a value but never used                                                                                                               no-unused-vars

src\routes\LoginRoutes.js
  Line 4:25:  'Navigate' is defined but never used  no-unused-vars

Search for the keywords to learn more about each warning.
To ignore, add // eslint-disable-next-line to the line before.

[1m[33mWARNING[39m[22m in [1m[eslint] 
src\pages\modules\Customer\AboutPage.jsx
  Line 9:9:    'primaryColor' is assigned a value but never used  no-unused-vars
  Line 11:21:  'setThemeMode' is assigned a value but never used  no-unused-vars

src\pages\modules\Customer\HomePage.jsx
  Line 21:7:     'RECOMMENDED_CATEGORY' is assigned a value but never used                                                                                                                      no-unused-vars
  Line 23:7:     'FREQUENTLY_CATEGORY' is assigned a value but never used                                                                                                                       no-unused-vars
  Line 82:7:     'getCategoryBgImage' is assigned a value but never used                                                                                                                        no-unused-vars
  Line 189:9:    'heroContent' is assigned a value but never used                                                                                                                               no-unused-vars
  Line 203:48:   'socialMediaDetails' is assigned a value but never used                                                                                                                        no-unused-vars
  Line 220:10:   'hoursLoading' is assigned a value but never used                                                                                                                              no-unused-vars
  Line 222:10:   'sectionsLoading' is assigned a value but never used                                                                                                                           no-unused-vars
  Line 238:9:    'renderHoursList' is assigned a value but never used                                                                                                                           no-unused-vars
  Line 283:9:    'renderDiningSections' is assigned a value but never used                                                                                                                      no-unused-vars
  Line 319:9:    'getBranchAddress' is assigned a value but never used                                                                                                                          no-unused-vars
  Line 327:10:   'currentBannerSlide' is assigned a value but never used                                                                                                                        no-unused-vars
  Line 328:25:   'setBannerHovered' is assigned a value but never used                                                                                                                          no-unused-vars
  Line 361:10:   'branchesLoading' is assigned a value but never used                                                                                                                           no-unused-vars
  Line 362:24:   'setUserLocation' is assigned a value but never used                                                                                                                           no-unused-vars
  Line 363:10:   'locationStatus' is assigned a value but never used                                                                                                                            no-unused-vars
  Line 363:26:   'setLocationStatus' is assigned a value but never used                                                                                                                         no-unused-vars
  Line 368:10:   'locationSuggestions' is assigned a value but never used                                                                                                                       no-unused-vars
  Line 369:10:   'showLocationSuggestions' is assigned a value but never used                                                                                                                   no-unused-vars
  Line 370:10:   'locationSearchLoading' is assigned a value but never used                                                                                                                     no-unused-vars
  Line 371:10:   'showCartBranchDropdown' is assigned a value but never used                                                                                                                    no-unused-vars
  Line 371:34:   'setShowCartBranchDropdown' is assigned a value but never used                                                                                                                 no-unused-vars
  Line 373:10:   'noBranchMessage' is assigned a value but never used                                                                                                                           no-unused-vars
  Line 379:9:    'locationModalSelectedRef' is assigned a value but never used                                                                                                                  no-unused-vars
  Line 380:9:    'debounceModalRef' is assigned a value but never used                                                                                                                          no-unused-vars
  Line 411:10:   'slidersLoading' is assigned a value but never used                                                                                                                            no-unused-vars
  Line 491:6:    React Hook useEffect has a missing dependency: 'heroSlideImages.length'. Either include it or remove the dependency array                                                      react-hooks/exhaustive-deps
  Line 498:6:    React Hook useEffect has a missing dependency: 'signatureDishes.length'. Either include it or remove the dependency array                                                      react-hooks/exhaustive-deps
  Line 505:6:    React Hook useEffect has a missing dependency: 'menuHeroImages.length'. Either include it or remove the dependency array                                                       react-hooks/exhaustive-deps
  Line 531:10:   'marqueeMessages' is assigned a value but never used                                                                                                                           no-unused-vars
  Line 699:25:   Expected '===' and instead saw '=='                                                                                                                                            eqeqeq
  Line 706:57:   Expected '===' and instead saw '=='                                                                                                                                            eqeqeq
  Line 738:57:   Expected '!==' and instead saw '!='                                                                                                                                            eqeqeq
  Line 744:55:   Expected '===' and instead saw '=='                                                                                                                                            eqeqeq
  Line 751:111:  Expected '===' and instead saw '=='                                                                                                                                            eqeqeq
  Line 762:96:   Expected '===' and instead saw '=='                                                                                                                                            eqeqeq
  Line 771:89:   Expected '===' and instead saw '=='                                                                                                                                            eqeqeq
  Line 777:75:   Expected '===' and instead saw '=='                                                                                                                                            eqeqeq
  Line 1437:9:   'updateCartAddonQuantity' is assigned a value but never used                                                                                                                   no-unused-vars
  Line 1457:51:  Expected '===' and instead saw '=='                                                                                                                                            eqeqeq
  Line 1583:9:   'handleLogoError' is assigned a value but never used                                                                                                                           no-unused-vars
  Line 1590:9:   'scrollCategories' is assigned a value but never used                                                                                                                          no-unused-vars
  Line 1923:9:   'selectLocation' is assigned a value but never used                                                                                                                            no-unused-vars
  Line 2101:6:   React Hook useEffect has a missing dependency: 'fetchCategories'. Either include it or remove the dependency array                                                             react-hooks/exhaustive-deps
  Line 2276:9:   'branchId' is assigned a value but never used                                                                                                                                  no-unused-vars
  Line 2377:6:   React Hook useEffect has a missing dependency: 'fetchTrendingItems'. Either include it or remove the dependency array                                                          react-hooks/exhaustive-deps
  Line 2417:6:   React Hook useEffect has missing dependencies: 'fetchFrequentlyOrderedItems', 'fetchMenuItems', and 'selectedSubcategory'. Either include them or remove the dependency array  react-hooks/exhaustive-deps
  Line 2618:6:   React Hook useEffect has a missing dependency: 'handleCategoryScroll'. Either include it or remove the dependency array                                                        react-hooks/exhaustive-deps
  Line 2652:6:   React Hook useEffect has missing dependencies: 'fetchAddresses' and 'fetchPaymentGateways'. Either include them or remove the dependency array                                 react-hooks/exhaustive-deps
  Line 2696:9:   'goToSlide' is assigned a value but never used                                                                                                                                 no-unused-vars
  Line 2700:9:   'nextSlide' is assigned a value but never used                                                                                                                                 no-unused-vars
  Line 2704:9:   'prevSlide' is assigned a value but never used                                                                                                                                 no-unused-vars
  Line 2744:9:   'handlePortraitCategoryClick' is assigned a value but never used                                                                                                               no-unused-vars

src\routes\LoginRoutes.js
  Line 4:25:  'Navigate' is defined but never used  no-unused-vars

[39m[22m

webpack compiled with [1m[33m1 warning[39m[22m
Compiling...
Compiled with warnings.

[eslint] 
src\pages\modules\Customer\AboutPage.jsx
  Line 9:9:    'primaryColor' is assigned a value but never used  no-unused-vars
  Line 11:21:  'setThemeMode' is assigned a value but never used  no-unused-vars

src\pages\modules\Customer\HomePage.jsx
  Line 21:7:     'RECOMMENDED_CATEGORY' is assigned a value but never used                                                                                                                      no-unused-vars
  Line 23:7:     'FREQUENTLY_CATEGORY' is assigned a value but never used                                                                                                                       no-unused-vars
  Line 82:7:     'getCategoryBgImage' is assigned a value but never used                                                                                                                        no-unused-vars
  Line 189:9:    'heroContent' is assigned a value but never used                                                                                                                               no-unused-vars
  Line 203:48:   'socialMediaDetails' is assigned a value but never used                                                                                                                        no-unused-vars
  Line 220:10:   'hoursLoading' is assigned a value but never used                                                                                                                              no-unused-vars
  Line 222:10:   'sectionsLoading' is assigned a value but never used                                                                                                                           no-unused-vars
  Line 238:9:    'renderHoursList' is assigned a value but never used                                                                                                                           no-unused-vars
  Line 283:9:    'renderDiningSections' is assigned a value but never used                                                                                                                      no-unused-vars
  Line 319:9:    'getBranchAddress' is assigned a value but never used                                                                                                                          no-unused-vars
  Line 327:10:   'currentBannerSlide' is assigned a value but never used                                                                                                                        no-unused-vars
  Line 328:25:   'setBannerHovered' is assigned a value but never used                                                                                                                          no-unused-vars
  Line 361:10:   'branchesLoading' is assigned a value but never used                                                                                                                           no-unused-vars
  Line 362:24:   'setUserLocation' is assigned a value but never used                                                                                                                           no-unused-vars
  Line 363:10:   'locationStatus' is assigned a value but never used                                                                                                                            no-unused-vars
  Line 363:26:   'setLocationStatus' is assigned a value but never used                                                                                                                         no-unused-vars
  Line 368:10:   'locationSuggestions' is assigned a value but never used                                                                                                                       no-unused-vars
  Line 369:10:   'showLocationSuggestions' is assigned a value but never used                                                                                                                   no-unused-vars
  Line 370:10:   'locationSearchLoading' is assigned a value but never used                                                                                                                     no-unused-vars
  Line 371:10:   'showCartBranchDropdown' is assigned a value but never used                                                                                                                    no-unused-vars
  Line 371:34:   'setShowCartBranchDropdown' is assigned a value but never used                                                                                                                 no-unused-vars
  Line 373:10:   'noBranchMessage' is assigned a value but never used                                                                                                                           no-unused-vars
  Line 379:9:    'locationModalSelectedRef' is assigned a value but never used                                                                                                                  no-unused-vars
  Line 380:9:    'debounceModalRef' is assigned a value but never used                                                                                                                          no-unused-vars
  Line 411:10:   'slidersLoading' is assigned a value but never used                                                                                                                            no-unused-vars
  Line 491:6:    React Hook useEffect has a missing dependency: 'heroSlideImages.length'. Either include it or remove the dependency array                                                      react-hooks/exhaustive-deps
  Line 498:6:    React Hook useEffect has a missing dependency: 'signatureDishes.length'. Either include it or remove the dependency array                                                      react-hooks/exhaustive-deps
  Line 505:6:    React Hook useEffect has a missing dependency: 'menuHeroImages.length'. Either include it or remove the dependency array                                                       react-hooks/exhaustive-deps
  Line 531:10:   'marqueeMessages' is assigned a value but never used                                                                                                                           no-unused-vars
  Line 699:25:   Expected '===' and instead saw '=='                                                                                                                                            eqeqeq
  Line 706:57:   Expected '===' and instead saw '=='                                                                                                                                            eqeqeq
  Line 738:57:   Expected '!==' and instead saw '!='                                                                                                                                            eqeqeq
  Line 744:55:   Expected '===' and instead saw '=='                                                                                                                                            eqeqeq
  Line 751:111:  Expected '===' and instead saw '=='                                                                                                                                            eqeqeq
  Line 762:96:   Expected '===' and instead saw '=='                                                                                                                                            eqeqeq
  Line 771:89:   Expected '===' and instead saw '=='                                                                                                                                            eqeqeq
  Line 777:75:   Expected '===' and instead saw '=='                                                                                                                                            eqeqeq
  Line 1437:9:   'updateCartAddonQuantity' is assigned a value but never used                                                                                                                   no-unused-vars
  Line 1457:51:  Expected '===' and instead saw '=='                                                                                                                                            eqeqeq
  Line 1583:9:   'handleLogoError' is assigned a value but never used                                                                                                                           no-unused-vars
  Line 1590:9:   'scrollCategories' is assigned a value but never used                                                                                                                          no-unused-vars
  Line 1923:9:   'selectLocation' is assigned a value but never used                                                                                                                            no-unused-vars
  Line 2101:6:   React Hook useEffect has a missing dependency: 'fetchCategories'. Either include it or remove the dependency array                                                             react-hooks/exhaustive-deps
  Line 2276:9:   'branchId' is assigned a value but never used                                                                                                                                  no-unused-vars
  Line 2377:6:   React Hook useEffect has a missing dependency: 'fetchTrendingItems'. Either include it or remove the dependency array                                                          react-hooks/exhaustive-deps
  Line 2417:6:   React Hook useEffect has missing dependencies: 'fetchFrequentlyOrderedItems', 'fetchMenuItems', and 'selectedSubcategory'. Either include them or remove the dependency array  react-hooks/exhaustive-deps
  Line 2618:6:   React Hook useEffect has a missing dependency: 'handleCategoryScroll'. Either include it or remove the dependency array                                                        react-hooks/exhaustive-deps
  Line 2652:6:   React Hook useEffect has missing dependencies: 'fetchAddresses' and 'fetchPaymentGateways'. Either include them or remove the dependency array                                 react-hooks/exhaustive-deps
  Line 2696:9:   'goToSlide' is assigned a value but never used                                                                                                                                 no-unused-vars
  Line 2700:9:   'nextSlide' is assigned a value but never used                                                                                                                                 no-unused-vars
  Line 2704:9:   'prevSlide' is assigned a value but never used                                                                                                                                 no-unused-vars
  Line 2744:9:   'handlePortraitCategoryClick' is assigned a value but never used                                                                                                               no-unused-vars

src\routes\LoginRoutes.js
  Line 4:25:  'Navigate' is defined but never used  no-unused-vars

Search for the keywords to learn more about each warning.
To ignore, add // eslint-disable-next-line to the line before.

[1m[33mWARNING[39m[22m in [1m[eslint] 
src\pages\modules\Customer\AboutPage.jsx
  Line 9:9:    'primaryColor' is assigned a value but never used  no-unused-vars
  Line 11:21:  'setThemeMode' is assigned a value but never used  no-unused-vars

src\pages\modules\Customer\HomePage.jsx
  Line 21:7:     'RECOMMENDED_CATEGORY' is assigned a value but never used                                                                                                                      no-unused-vars
  Line 23:7:     'FREQUENTLY_CATEGORY' is assigned a value but never used                                                                                                                       no-unused-vars
  Line 82:7:     'getCategoryBgImage' is assigned a value but never used                                                                                                                        no-unused-vars
  Line 189:9:    'heroContent' is assigned a value but never used                                                                                                                               no-unused-vars
  Line 203:48:   'socialMediaDetails' is assigned a value but never used                                                                                                                        no-unused-vars
  Line 220:10:   'hoursLoading' is assigned a value but never used                                                                                                                              no-unused-vars
  Line 222:10:   'sectionsLoading' is assigned a value but never used                                                                                                                           no-unused-vars
  Line 238:9:    'renderHoursList' is assigned a value but never used                                                                                                                           no-unused-vars
  Line 283:9:    'renderDiningSections' is assigned a value but never used                                                                                                                      no-unused-vars
  Line 319:9:    'getBranchAddress' is assigned a value but never used                                                                                                                          no-unused-vars
  Line 327:10:   'currentBannerSlide' is assigned a value but never used                                                                                                                        no-unused-vars
  Line 328:25:   'setBannerHovered' is assigned a value but never used                                                                                                                          no-unused-vars
  Line 361:10:   'branchesLoading' is assigned a value but never used                                                                                                                           no-unused-vars
  Line 362:24:   'setUserLocation' is assigned a value but never used                                                                                                                           no-unused-vars
  Line 363:10:   'locationStatus' is assigned a value but never used                                                                                                                            no-unused-vars
  Line 363:26:   'setLocationStatus' is assigned a value but never used                                                                                                                         no-unused-vars
  Line 368:10:   'locationSuggestions' is assigned a value but never used                                                                                                                       no-unused-vars
  Line 369:10:   'showLocationSuggestions' is assigned a value but never used                                                                                                                   no-unused-vars
  Line 370:10:   'locationSearchLoading' is assigned a value but never used                                                                                                                     no-unused-vars
  Line 371:10:   'showCartBranchDropdown' is assigned a value but never used                                                                                                                    no-unused-vars
  Line 371:34:   'setShowCartBranchDropdown' is assigned a value but never used                                                                                                                 no-unused-vars
  Line 373:10:   'noBranchMessage' is assigned a value but never used                                                                                                                           no-unused-vars
  Line 379:9:    'locationModalSelectedRef' is assigned a value but never used                                                                                                                  no-unused-vars
  Line 380:9:    'debounceModalRef' is assigned a value but never used                                                                                                                          no-unused-vars
  Line 411:10:   'slidersLoading' is assigned a value but never used                                                                                                                            no-unused-vars
  Line 491:6:    React Hook useEffect has a missing dependency: 'heroSlideImages.length'. Either include it or remove the dependency array                                                      react-hooks/exhaustive-deps
  Line 498:6:    React Hook useEffect has a missing dependency: 'signatureDishes.length'. Either include it or remove the dependency array                                                      react-hooks/exhaustive-deps
  Line 505:6:    React Hook useEffect has a missing dependency: 'menuHeroImages.length'. Either include it or remove the dependency array                                                       react-hooks/exhaustive-deps
  Line 531:10:   'marqueeMessages' is assigned a value but never used                                                                                                                           no-unused-vars
  Line 699:25:   Expected '===' and instead saw '=='                                                                                                                                            eqeqeq
  Line 706:57:   Expected '===' and instead saw '=='                                                                                                                                            eqeqeq
  Line 738:57:   Expected '!==' and instead saw '!='                                                                                                                                            eqeqeq
  Line 744:55:   Expected '===' and instead saw '=='                                                                                                                                            eqeqeq
  Line 751:111:  Expected '===' and instead saw '=='                                                                                                                                            eqeqeq
  Line 762:96:   Expected '===' and instead saw '=='                                                                                                                                            eqeqeq
  Line 771:89:   Expected '===' and instead saw '=='                                                                                                                                            eqeqeq
  Line 777:75:   Expected '===' and instead saw '=='                                                                                                                                            eqeqeq
  Line 1437:9:   'updateCartAddonQuantity' is assigned a value but never used                                                                                                                   no-unused-vars
  Line 1457:51:  Expected '===' and instead saw '=='                                                                                                                                            eqeqeq
  Line 1583:9:   'handleLogoError' is assigned a value but never used                                                                                                                           no-unused-vars
  Line 1590:9:   'scrollCategories' is assigned a value but never used                                                                                                                          no-unused-vars
  Line 1923:9:   'selectLocation' is assigned a value but never used                                                                                                                            no-unused-vars
  Line 2101:6:   React Hook useEffect has a missing dependency: 'fetchCategories'. Either include it or remove the dependency array                                                             react-hooks/exhaustive-deps
  Line 2276:9:   'branchId' is assigned a value but never used                                                                                                                                  no-unused-vars
  Line 2377:6:   React Hook useEffect has a missing dependency: 'fetchTrendingItems'. Either include it or remove the dependency array                                                          react-hooks/exhaustive-deps
  Line 2417:6:   React Hook useEffect has missing dependencies: 'fetchFrequentlyOrderedItems', 'fetchMenuItems', and 'selectedSubcategory'. Either include them or remove the dependency array  react-hooks/exhaustive-deps
  Line 2618:6:   React Hook useEffect has a missing dependency: 'handleCategoryScroll'. Either include it or remove the dependency array                                                        react-hooks/exhaustive-deps
  Line 2652:6:   React Hook useEffect has missing dependencies: 'fetchAddresses' and 'fetchPaymentGateways'. Either include them or remove the dependency array                                 react-hooks/exhaustive-deps
  Line 2696:9:   'goToSlide' is assigned a value but never used                                                                                                                                 no-unused-vars
  Line 2700:9:   'nextSlide' is assigned a value but never used                                                                                                                                 no-unused-vars
  Line 2704:9:   'prevSlide' is assigned a value but never used                                                                                                                                 no-unused-vars
  Line 2744:9:   'handlePortraitCategoryClick' is assigned a value but never used                                                                                                               no-unused-vars

src\routes\LoginRoutes.js
  Line 4:25:  'Navigate' is defined but never used  no-unused-vars

[39m[22m

webpack compiled with [1m[33m1 warning[39m[22m
Compiling...
Compiled with warnings.

[eslint] 
src\pages\modules\Customer\AboutPage.jsx
  Line 9:9:    'primaryColor' is assigned a value but never used  no-unused-vars
  Line 11:21:  'setThemeMode' is assigned a value but never used  no-unused-vars

src\pages\modules\Customer\HomePage.jsx
  Line 21:7:     'RECOMMENDED_CATEGORY' is assigned a value but never used                                                                                                                      no-unused-vars
  Line 23:7:     'FREQUENTLY_CATEGORY' is assigned a value but never used                                                                                                                       no-unused-vars
  Line 82:7:     'getCategoryBgImage' is assigned a value but never used                                                                                                                        no-unused-vars
  Line 189:9:    'heroContent' is assigned a value but never used                                                                                                                               no-unused-vars
  Line 203:48:   'socialMediaDetails' is assigned a value but never used                                                                                                                        no-unused-vars
  Line 220:10:   'hoursLoading' is assigned a value but never used                                                                                                                              no-unused-vars
  Line 222:10:   'sectionsLoading' is assigned a value but never used                                                                                                                           no-unused-vars
  Line 238:9:    'renderHoursList' is assigned a value but never used                                                                                                                           no-unused-vars
  Line 283:9:    'renderDiningSections' is assigned a value but never used                                                                                                                      no-unused-vars
  Line 319:9:    'getBranchAddress' is assigned a value but never used                                                                                                                          no-unused-vars
  Line 327:10:   'currentBannerSlide' is assigned a value but never used                                                                                                                        no-unused-vars
  Line 328:25:   'setBannerHovered' is assigned a value but never used                                                                                                                          no-unused-vars
  Line 361:10:   'branchesLoading' is assigned a value but never used                                                                                                                           no-unused-vars
  Line 362:24:   'setUserLocation' is assigned a value but never used                                                                                                                           no-unused-vars
  Line 363:10:   'locationStatus' is assigned a value but never used                                                                                                                            no-unused-vars
  Line 363:26:   'setLocationStatus' is assigned a value but never used                                                                                                                         no-unused-vars
  Line 368:10:   'locationSuggestions' is assigned a value but never used                                                                                                                       no-unused-vars
  Line 369:10:   'showLocationSuggestions' is assigned a value but never used                                                                                                                   no-unused-vars
  Line 370:10:   'locationSearchLoading' is assigned a value but never used                                                                                                                     no-unused-vars
  Line 371:10:   'showCartBranchDropdown' is assigned a value but never used                                                                                                                    no-unused-vars
  Line 371:34:   'setShowCartBranchDropdown' is assigned a value but never used                                                                                                                 no-unused-vars
  Line 373:10:   'noBranchMessage' is assigned a value but never used                                                                                                                           no-unused-vars
  Line 379:9:    'locationModalSelectedRef' is assigned a value but never used                                                                                                                  no-unused-vars
  Line 380:9:    'debounceModalRef' is assigned a value but never used                                                                                                                          no-unused-vars
  Line 411:10:   'slidersLoading' is assigned a value but never used                                                                                                                            no-unused-vars
  Line 491:6:    React Hook useEffect has a missing dependency: 'heroSlideImages.length'. Either include it or remove the dependency array                                                      react-hooks/exhaustive-deps
  Line 498:6:    React Hook useEffect has a missing dependency: 'signatureDishes.length'. Either include it or remove the dependency array                                                      react-hooks/exhaustive-deps
  Line 505:6:    React Hook useEffect has a missing dependency: 'menuHeroImages.length'. Either include it or remove the dependency array                                                       react-hooks/exhaustive-deps
  Line 531:10:   'marqueeMessages' is assigned a value but never used                                                                                                                           no-unused-vars
  Line 699:25:   Expected '===' and instead saw '=='                                                                                                                                            eqeqeq
  Line 706:57:   Expected '===' and instead saw '=='                                                                                                                                            eqeqeq
  Line 738:57:   Expected '!==' and instead saw '!='                                                                                                                                            eqeqeq
  Line 744:55:   Expected '===' and instead saw '=='                                                                                                                                            eqeqeq
  Line 751:111:  Expected '===' and instead saw '=='                                                                                                                                            eqeqeq
  Line 762:96:   Expected '===' and instead saw '=='                                                                                                                                            eqeqeq
  Line 771:89:   Expected '===' and instead saw '=='                                                                                                                                            eqeqeq
  Line 777:75:   Expected '===' and instead saw '=='                                                                                                                                            eqeqeq
  Line 1437:9:   'updateCartAddonQuantity' is assigned a value but never used                                                                                                                   no-unused-vars
  Line 1457:51:  Expected '===' and instead saw '=='                                                                                                                                            eqeqeq
  Line 1583:9:   'handleLogoError' is assigned a value but never used                                                                                                                           no-unused-vars
  Line 1590:9:   'scrollCategories' is assigned a value but never used                                                                                                                          no-unused-vars
  Line 1923:9:   'selectLocation' is assigned a value but never used                                                                                                                            no-unused-vars
  Line 2101:6:   React Hook useEffect has a missing dependency: 'fetchCategories'. Either include it or remove the dependency array                                                             react-hooks/exhaustive-deps
  Line 2276:9:   'branchId' is assigned a value but never used                                                                                                                                  no-unused-vars
  Line 2377:6:   React Hook useEffect has a missing dependency: 'fetchTrendingItems'. Either include it or remove the dependency array                                                          react-hooks/exhaustive-deps
  Line 2417:6:   React Hook useEffect has missing dependencies: 'fetchFrequentlyOrderedItems', 'fetchMenuItems', and 'selectedSubcategory'. Either include them or remove the dependency array  react-hooks/exhaustive-deps
  Line 2618:6:   React Hook useEffect has a missing dependency: 'handleCategoryScroll'. Either include it or remove the dependency array                                                        react-hooks/exhaustive-deps
  Line 2652:6:   React Hook useEffect has missing dependencies: 'fetchAddresses' and 'fetchPaymentGateways'. Either include them or remove the dependency array                                 react-hooks/exhaustive-deps
  Line 2696:9:   'goToSlide' is assigned a value but never used                                                                                                                                 no-unused-vars
  Line 2700:9:   'nextSlide' is assigned a value but never used                                                                                                                                 no-unused-vars
  Line 2704:9:   'prevSlide' is assigned a value but never used                                                                                                                                 no-unused-vars
  Line 2744:9:   'handlePortraitCategoryClick' is assigned a value but never used                                                                                                               no-unused-vars

src\routes\LoginRoutes.js
  Line 4:25:  'Navigate' is defined but never used  no-unused-vars

Search for the keywords to learn more about each warning.
To ignore, add // eslint-disable-next-line to the line before.

[1m[33mWARNING[39m[22m in [1m[eslint] 
src\pages\modules\Customer\AboutPage.jsx
  Line 9:9:    'primaryColor' is assigned a value but never used  no-unused-vars
  Line 11:21:  'setThemeMode' is assigned a value but never used  no-unused-vars

src\pages\modules\Customer\HomePage.jsx
  Line 21:7:     'RECOMMENDED_CATEGORY' is assigned a value but never used                                                                                                                      no-unused-vars
  Line 23:7:     'FREQUENTLY_CATEGORY' is assigned a value but never used                                                                                                                       no-unused-vars
  Line 82:7:     'getCategoryBgImage' is assigned a value but never used                                                                                                                        no-unused-vars
  Line 189:9:    'heroContent' is assigned a value but never used                                                                                                                               no-unused-vars
  Line 203:48:   'socialMediaDetails' is assigned a value but never used                                                                                                                        no-unused-vars
  Line 220:10:   'hoursLoading' is assigned a value but never used                                                                                                                              no-unused-vars
  Line 222:10:   'sectionsLoading' is assigned a value but never used                                                                                                                           no-unused-vars
  Line 238:9:    'renderHoursList' is assigned a value but never used                                                                                                                           no-unused-vars
  Line 283:9:    'renderDiningSections' is assigned a value but never used                                                                                                                      no-unused-vars
  Line 319:9:    'getBranchAddress' is assigned a value but never used                                                                                                                          no-unused-vars
  Line 327:10:   'currentBannerSlide' is assigned a value but never used                                                                                                                        no-unused-vars
  Line 328:25:   'setBannerHovered' is assigned a value but never used                                                                                                                          no-unused-vars
  Line 361:10:   'branchesLoading' is assigned a value but never used                                                                                                                           no-unused-vars
  Line 362:24:   'setUserLocation' is assigned a value but never used                                                                                                                           no-unused-vars
  Line 363:10:   'locationStatus' is assigned a value but never used                                                                                                                            no-unused-vars
  Line 363:26:   'setLocationStatus' is assigned a value but never used                                                                                                                         no-unused-vars
  Line 368:10:   'locationSuggestions' is assigned a value but never used                                                                                                                       no-unused-vars
  Line 369:10:   'showLocationSuggestions' is assigned a value but never used                                                                                                                   no-unused-vars
  Line 370:10:   'locationSearchLoading' is assigned a value but never used                                                                                                                     no-unused-vars
  Line 371:10:   'showCartBranchDropdown' is assigned a value but never used                                                                                                                    no-unused-vars
  Line 371:34:   'setShowCartBranchDropdown' is assigned a value but never used                                                                                                                 no-unused-vars
  Line 373:10:   'noBranchMessage' is assigned a value but never used                                                                                                                           no-unused-vars
  Line 379:9:    'locationModalSelectedRef' is assigned a value but never used                                                                                                                  no-unused-vars
  Line 380:9:    'debounceModalRef' is assigned a value but never used                                                                                                                          no-unused-vars
  Line 411:10:   'slidersLoading' is assigned a value but never used                                                                                                                            no-unused-vars
  Line 491:6:    React Hook useEffect has a missing dependency: 'heroSlideImages.length'. Either include it or remove the dependency array                                                      react-hooks/exhaustive-deps
  Line 498:6:    React Hook useEffect has a missing dependency: 'signatureDishes.length'. Either include it or remove the dependency array                                                      react-hooks/exhaustive-deps
  Line 505:6:    React Hook useEffect has a missing dependency: 'menuHeroImages.length'. Either include it or remove the dependency array                                                       react-hooks/exhaustive-deps
  Line 531:10:   'marqueeMessages' is assigned a value but never used                                                                                                                           no-unused-vars
  Line 699:25:   Expected '===' and instead saw '=='                                                                                                                                            eqeqeq
  Line 706:57:   Expected '===' and instead saw '=='                                                                                                                                            eqeqeq
  Line 738:57:   Expected '!==' and instead saw '!='                                                                                                                                            eqeqeq
  Line 744:55:   Expected '===' and instead saw '=='                                                                                                                                            eqeqeq
  Line 751:111:  Expected '===' and instead saw '=='                                                                                                                                            eqeqeq
  Line 762:96:   Expected '===' and instead saw '=='                                                                                                                                            eqeqeq
  Line 771:89:   Expected '===' and instead saw '=='                                                                                                                                            eqeqeq
  Line 777:75:   Expected '===' and instead saw '=='                                                                                                                                            eqeqeq
  Line 1437:9:   'updateCartAddonQuantity' is assigned a value but never used                                                                                                                   no-unused-vars
  Line 1457:51:  Expected '===' and instead saw '=='                                                                                                                                            eqeqeq
  Line 1583:9:   'handleLogoError' is assigned a value but never used                                                                                                                           no-unused-vars
  Line 1590:9:   'scrollCategories' is assigned a value but never used                                                                                                                          no-unused-vars
  Line 1923:9:   'selectLocation' is assigned a value but never used                                                                                                                            no-unused-vars
  Line 2101:6:   React Hook useEffect has a missing dependency: 'fetchCategories'. Either include it or remove the dependency array                                                             react-hooks/exhaustive-deps
  Line 2276:9:   'branchId' is assigned a value but never used                                                                                                                                  no-unused-vars
  Line 2377:6:   React Hook useEffect has a missing dependency: 'fetchTrendingItems'. Either include it or remove the dependency array                                                          react-hooks/exhaustive-deps
  Line 2417:6:   React Hook useEffect has missing dependencies: 'fetchFrequentlyOrderedItems', 'fetchMenuItems', and 'selectedSubcategory'. Either include them or remove the dependency array  react-hooks/exhaustive-deps
  Line 2618:6:   React Hook useEffect has a missing dependency: 'handleCategoryScroll'. Either include it or remove the dependency array                                                        react-hooks/exhaustive-deps
  Line 2652:6:   React Hook useEffect has missing dependencies: 'fetchAddresses' and 'fetchPaymentGateways'. Either include them or remove the dependency array                                 react-hooks/exhaustive-deps
  Line 2696:9:   'goToSlide' is assigned a value but never used                                                                                                                                 no-unused-vars
  Line 2700:9:   'nextSlide' is assigned a value but never used                                                                                                                                 no-unused-vars
  Line 2704:9:   'prevSlide' is assigned a value but never used                                                                                                                                 no-unused-vars
  Line 2744:9:   'handlePortraitCategoryClick' is assigned a value but never used                                                                                                               no-unused-vars

src\routes\LoginRoutes.js
  Line 4:25:  'Navigate' is defined but never used  no-unused-vars

[39m[22m

webpack compiled with [1m[33m1 warning[39m[22m
