[INFO] Scanning for projects...
[INFO] 
[INFO] ----------------------------< com.rms:Rms >-----------------------------
[INFO] Building Rms 0.0.1-SNAPSHOT
[INFO]   from pom.xml
[INFO] --------------------------------[ war ]---------------------------------
[INFO] 
[INFO] >>> spring-boot:3.5.0:run (default-cli) > test-compile @ Rms >>>
[WARNING] The artifact com.itextpdf:itext7-core:pom:8.0.5 has been relocated to com.itextpdf:itext-core:pom:8.0.5
[INFO] 
[INFO] --- resources:3.3.1:resources (default-resources) @ Rms ---
[INFO] Copying 1 resource from src\main\resources to target\classes
[INFO] Copying 6 resources from src\main\resources to target\classes
[INFO] 
[INFO] --- compiler:3.14.0:compile (default-compile) @ Rms ---
[INFO] Recompiling the module because of changed source code.
[INFO] Compiling 700 source files with javac [debug parameters release 17] to target\classes
[INFO] /D:/PHP GITHUB/restaurant-management-system/src/main/java/com/rms/modules/admin/services/AdmAddonsService.java: Some input files use unchecked or unsafe operations.
[INFO] /D:/PHP GITHUB/restaurant-management-system/src/main/java/com/rms/modules/admin/services/AdmAddonsService.java: Recompile with -Xlint:unchecked for details.
[INFO] 
[INFO] --- resources:3.3.1:testResources (default-testResources) @ Rms ---
[INFO] skip non existing resourceDirectory D:\PHP GITHUB\restaurant-management-system\src\test\resources
[INFO] 
[INFO] --- compiler:3.14.0:testCompile (default-testCompile) @ Rms ---
[INFO] Recompiling the module because of changed dependency.
[INFO] Compiling 1 source file with javac [debug parameters release 17] to target\test-classes
[INFO] 
[INFO] <<< spring-boot:3.5.0:run (default-cli) < test-compile @ Rms <<<
[INFO] 
[INFO] 
[INFO] --- spring-boot:3.5.0:run (default-cli) @ Rms ---
[INFO] Attaching agents: []

  .   ____          _            __ _ _
 /\\ / ___'_ __ _ _(_)_ __  __ _ \ \ \ \
( ( )\___ | '_ | '_| | '_ \/ _` | \ \ \ \
 \\/  ___)| |_)| | | | | || (_| |  ) ) ) )
  '  |____| .__|_| |_|_| |_\__, | / / / /
 =========|_|==============|___/=/_/_/_/

 :: Spring Boot ::                (v3.5.0)

2026-07-09T22:12:00.153+05:30  INFO 25888 --- [RMS-Backend] [  restartedMain] com.rms.RmsApplication                   : Starting RmsApplication using Java 17.0.12 with PID 25888 (D:\PHP GITHUB\restaurant-management-system\target\classes started by parve in D:\PHP GITHUB\restaurant-management-system)
2026-07-09T22:12:00.157+05:30  INFO 25888 --- [RMS-Backend] [  restartedMain] com.rms.RmsApplication                   : No active profile set, falling back to 1 default profile: "default"
2026-07-09T22:12:00.237+05:30  INFO 25888 --- [RMS-Backend] [  restartedMain] .e.DevToolsPropertyDefaultsPostProcessor : Devtools property defaults active! Set 'spring.devtools.add-properties' to 'false' to disable
2026-07-09T22:12:00.237+05:30  INFO 25888 --- [RMS-Backend] [  restartedMain] .e.DevToolsPropertyDefaultsPostProcessor : For additional web related logging consider setting the 'logging.level.web' property to 'DEBUG'
2026-07-09T22:12:02.658+05:30  INFO 25888 --- [RMS-Backend] [  restartedMain] .s.d.r.c.RepositoryConfigurationDelegate : Bootstrapping Spring Data JPA repositories in DEFAULT mode.
2026-07-09T22:12:03.028+05:30  INFO 25888 --- [RMS-Backend] [  restartedMain] .s.d.r.c.RepositoryConfigurationDelegate : Finished Spring Data repository scanning in 357 ms. Found 51 JPA repository interfaces.
2026-07-09T22:12:04.265+05:30  INFO 25888 --- [RMS-Backend] [  restartedMain] o.s.b.w.embedded.tomcat.TomcatWebServer  : Tomcat initialized with port 8091 (http)
2026-07-09T22:12:04.283+05:30  INFO 25888 --- [RMS-Backend] [  restartedMain] o.apache.catalina.core.StandardService   : Starting service [Tomcat]
2026-07-09T22:12:04.283+05:30  INFO 25888 --- [RMS-Backend] [  restartedMain] o.apache.catalina.core.StandardEngine    : Starting Servlet engine: [Apache Tomcat/10.1.41]
2026-07-09T22:12:04.365+05:30  INFO 25888 --- [RMS-Backend] [  restartedMain] o.a.c.c.C.[Tomcat].[localhost].[/rms]    : Initializing Spring embedded WebApplicationContext
2026-07-09T22:12:04.365+05:30  INFO 25888 --- [RMS-Backend] [  restartedMain] w.s.c.ServletWebServerApplicationContext : Root WebApplicationContext: initialization completed in 4128 ms
2026-07-09T22:12:04.636+05:30  INFO 25888 --- [RMS-Backend] [  restartedMain] o.hibernate.jpa.internal.util.LogHelper  : HHH000204: Processing PersistenceUnitInfo [name: default]
2026-07-09T22:12:04.714+05:30  INFO 25888 --- [RMS-Backend] [  restartedMain] org.hibernate.Version                    : HHH000412: Hibernate ORM core version 6.6.15.Final
2026-07-09T22:12:04.779+05:30  INFO 25888 --- [RMS-Backend] [  restartedMain] o.h.c.internal.RegionFactoryInitiator    : HHH000026: Second-level cache disabled
2026-07-09T22:12:05.182+05:30  INFO 25888 --- [RMS-Backend] [  restartedMain] o.s.o.j.p.SpringPersistenceUnitInfo      : No LoadTimeWeaver setup: ignoring JPA class transformer
2026-07-09T22:12:05.221+05:30  INFO 25888 --- [RMS-Backend] [  restartedMain] com.zaxxer.hikari.HikariDataSource       : HikariPool-1 - Starting...
2026-07-09T22:12:07.538+05:30  INFO 25888 --- [RMS-Backend] [  restartedMain] com.zaxxer.hikari.pool.HikariPool        : HikariPool-1 - Added connection org.postgresql.jdbc.PgConnection@551043b8
2026-07-09T22:12:07.538+05:30  INFO 25888 --- [RMS-Backend] [  restartedMain] com.zaxxer.hikari.HikariDataSource       : HikariPool-1 - Start completed.
2026-07-09T22:12:07.729+05:30  WARN 25888 --- [RMS-Backend] [  restartedMain] org.hibernate.orm.deprecation            : HHH90000025: PostgreSQLDialect does not need to be specified explicitly using 'hibernate.dialect' (remove the property setting and it will be selected by default)
2026-07-09T22:12:08.101+05:30  INFO 25888 --- [RMS-Backend] [  restartedMain] org.hibernate.orm.connections.pooling    : HHH10001005: Database info:
	Database JDBC URL [Connecting through datasource 'HikariDataSource (HikariPool-1)']
	Database driver: undefined/unknown
	Database version: 17.6
	Autocommit mode: undefined/unknown
	Isolation level: undefined/unknown
	Minimum pool size: undefined/unknown
	Maximum pool size: undefined/unknown
2026-07-09T22:12:10.568+05:30  INFO 25888 --- [RMS-Backend] [  restartedMain] o.h.e.t.j.p.i.JtaPlatformInitiator       : HHH000489: No JTA platform available (set 'hibernate.transaction.jta.platform' to enable JTA platform integration)
2026-07-09T22:12:11.525+05:30  INFO 25888 --- [RMS-Backend] [  restartedMain] j.LocalContainerEntityManagerFactoryBean : Initialized JPA EntityManagerFactory for persistence unit 'default'
2026-07-09T22:12:11.913+05:30  INFO 25888 --- [RMS-Backend] [  restartedMain] o.s.d.j.r.query.QueryEnhancerFactory     : Hibernate is in classpath; If applicable, HQL parser will be used.
2026-07-09T22:12:19.151+05:30  WARN 25888 --- [RMS-Backend] [  restartedMain] JpaBaseConfiguration$JpaWebConfiguration : spring.jpa.open-in-view is enabled by default. Therefore, database queries may be performed during view rendering. Explicitly configure spring.jpa.open-in-view to disable this warning
2026-07-09T22:12:19.212+05:30  INFO 25888 --- [RMS-Backend] [  restartedMain] o.s.v.b.OptionalValidatorFactoryBean     : Failed to set up a Bean Validation provider: jakarta.validation.NoProviderFoundException: Unable to create a Configuration, because no Jakarta Bean Validation provider could be found. Add a provider like Hibernate Validator (RI) to your classpath.
2026-07-09T22:12:20.821+05:30  INFO 25888 --- [RMS-Backend] [  restartedMain] .w.s.a.s.AnnotationActionEndpointMapping : Supporting [WS-Addressing August 2004, WS-Addressing 1.0]
2026-07-09T22:12:20.922+05:30  INFO 25888 --- [RMS-Backend] [  restartedMain] o.s.b.d.a.OptionalLiveReloadServer       : LiveReload server is running on port 35729
2026-07-09T22:12:21.057+05:30  INFO 25888 --- [RMS-Backend] [  restartedMain] o.s.b.w.embedded.tomcat.TomcatWebServer  : Tomcat started on port 8091 (http) with context path '/rms'
2026-07-09T22:12:21.092+05:30  INFO 25888 --- [RMS-Backend] [  restartedMain] com.rms.RmsApplication                   : Started RmsApplication in 21.666 seconds (process running for 22.57)
? [DATA INITIALIZER] Starting...
? localhost already mapped to Spice Garden
? Free plan already exists: 7
? Spice Garden menu already seeded
? Spice Garden sliders already exist
? Spice Garden About Us already set
? Spice Garden logo already correct: http://localhost:8090/rms/uploads/branding_42/logo_42.png
? Spice Garden trending items already marked
? Menu item images updated: 0
? Menu category images updated: 0
? Kitchen test orders already exist for today (3). Skipping.
? Delivery test orders already exist. Skipping.
? [DATA INITIALIZER] Done
2026-07-09T22:12:56.028+05:30  INFO 25888 --- [RMS-Backend] [nio-8091-exec-2] o.a.c.c.C.[Tomcat].[localhost].[/rms]    : Initializing Spring DispatcherServlet 'dispatcherServlet'
2026-07-09T22:12:56.028+05:30  INFO 25888 --- [RMS-Backend] [nio-8091-exec-2] o.s.web.servlet.DispatcherServlet        : Initializing Servlet 'dispatcherServlet'
2026-07-09T22:12:56.028+05:30  INFO 25888 --- [RMS-Backend] [nio-8091-exec-2] o.s.web.servlet.DispatcherServlet        : Completed initialization in 0 ms
====== getMenuItemsWithFilters() START ======
Input branchId       : 43
Input categoryId     : null
Input subcategoryId  : null
Input searchValue    : null
Input pageNumber     : 0
Input pageSize       : 200
Input dietaryType    : null
Input recommended    : null
Input token          : null
Fetching branch user from DB for branchId: 43
Branch user found. BranchUser ID: 43
---- Building JPA Specification ----
Predicate list initialized
Creating JOIN with branch
Creating LEFT JOIN with category
Creating LEFT JOIN with subcategory
Final predicate count: 4
====== getMenuItemsWithFilters() END ======
====== getMenuItemsWithFilters() START ======
Input branchId       : 43
Input categoryId     : null
Input subcategoryId  : null
Input searchValue    : null
Input pageNumber     : 0
Input pageSize       : 200
Input dietaryType    : null
Input recommended    : null
Input token          : null
Fetching branch user from DB for branchId: 43
Branch user found. BranchUser ID: 43
---- Building JPA Specification ----
Predicate list initialized
Creating JOIN with branch
Creating LEFT JOIN with category
Creating LEFT JOIN with subcategory
Final predicate count: 4
====== getMenuItemsWithFilters() END ======
2026-07-09T22:34:49.442+05:30  WARN 25888 --- [RMS-Backend] [nio-8091-exec-2] .m.m.a.ExceptionHandlerExceptionResolver : Resolved [org.springframework.web.servlet.resource.NoResourceFoundException: No static resource api/public/customer/sliders/get_sliders.]
====== getMenuItemsWithFilters() START ======
Input branchId       : 43
Input categoryId     : null
Input subcategoryId  : null
Input searchValue    : null
Input pageNumber     : 0
Input pageSize       : 6
Input dietaryType    : null
Input recommended    : true
Input token          : null
Fetching branch user from DB for branchId: 43
====== getMenuItemsWithFilters() START ======
Input branchId       : 43
Input categoryId     : null
Input subcategoryId  : null
Input searchValue    : null
Input pageNumber     : 0
Input pageSize       : 12
Input dietaryType    : null
Input recommended    : null
Input token          : null
Fetching branch user from DB for branchId: 43
Branch user found. BranchUser ID: 43
---- Building JPA Specification ----
Predicate list initialized
Creating JOIN with branch
Creating LEFT JOIN with category
Creating LEFT JOIN with subcategory
Final predicate count: 5
Branch user found. BranchUser ID: 43
---- Building JPA Specification ----
Predicate list initialized
Creating JOIN with branch
Creating LEFT JOIN with category
Creating LEFT JOIN with subcategory
Final predicate count: 4
---- Building JPA Specification ----
Predicate list initialized
Creating JOIN with branch
Creating LEFT JOIN with category
Creating LEFT JOIN with subcategory
Final predicate count: 4
---- Building JPA Specification ----
Predicate list initialized
Creating JOIN with branch
Creating LEFT JOIN with category
Creating LEFT JOIN with subcategory
Final predicate count: 5
====== getMenuItemsWithFilters() END ======
====== getMenuItemsWithFilters() END ======
====== getMenuItemsWithFilters() START ======
Input branchId       : 43
Input categoryId     : null
Input subcategoryId  : null
Input searchValue    : null
Input pageNumber     : 0
Input pageSize       : 200
Input dietaryType    : null
Input recommended    : null
Input token          : null
Fetching branch user from DB for branchId: 43
Branch user found. BranchUser ID: 43
---- Building JPA Specification ----
Predicate list initialized
Creating JOIN with branch
Creating LEFT JOIN with category
Creating LEFT JOIN with subcategory
Final predicate count: 4
====== getMenuItemsWithFilters() END ======
====== getMenuItemsWithFilters() START ======
Input branchId       : 43
Input categoryId     : null
Input subcategoryId  : null
Input searchValue    : null
Input pageNumber     : 0
Input pageSize       : 200
Input dietaryType    : null
Input recommended    : null
Input token          : null
Fetching branch user from DB for branchId: 43
Branch user found. BranchUser ID: 43
---- Building JPA Specification ----
Predicate list initialized
Creating JOIN with branch
Creating LEFT JOIN with category
Creating LEFT JOIN with subcategory
Final predicate count: 4
====== getMenuItemsWithFilters() END ======
====== getMenuItemsWithFilters() START ======
Input branchId       : 43
Input categoryId     : null
Input subcategoryId  : null
Input searchValue    : null
Input pageNumber     : 0
Input pageSize       : 200
Input dietaryType    : null
Input recommended    : null
Input token          : null
Fetching branch user from DB for branchId: 43
Branch user found. BranchUser ID: 43
---- Building JPA Specification ----
Predicate list initialized
Creating JOIN with branch
Creating LEFT JOIN with category
Creating LEFT JOIN with subcategory
Final predicate count: 4
====== getMenuItemsWithFilters() END ======
====== getMenuItemsWithFilters() START ======
Input branchId       : 43
Input categoryId     : null
Input subcategoryId  : null
Input searchValue    : null
Input pageNumber     : 0
Input pageSize       : 200
Input dietaryType    : null
Input recommended    : null
Input token          : null
Fetching branch user from DB for branchId: 43
Branch user found. BranchUser ID: 43
---- Building JPA Specification ----
Predicate list initialized
Creating JOIN with branch
Creating LEFT JOIN with category
Creating LEFT JOIN with subcategory
Final predicate count: 4
====== getMenuItemsWithFilters() END ======
====== getMenuItemsWithFilters() START ======
Input branchId       : 43
Input categoryId     : null
Input subcategoryId  : null
Input searchValue    : null
Input pageNumber     : 0
Input pageSize       : 200
Input dietaryType    : null
Input recommended    : null
Input token          : null
Fetching branch user from DB for branchId: 43
Branch user found. BranchUser ID: 43
---- Building JPA Specification ----
Predicate list initialized
Creating JOIN with branch
Creating LEFT JOIN with category
Creating LEFT JOIN with subcategory
Final predicate count: 4
====== getMenuItemsWithFilters() END ======
====== getMenuItemsWithFilters() START ======
Input branchId       : 43
Input categoryId     : null
Input subcategoryId  : null
Input searchValue    : null
Input pageNumber     : 0
Input pageSize       : 200
Input dietaryType    : null
Input recommended    : null
Input token          : null
Fetching branch user from DB for branchId: 43
Branch user found. BranchUser ID: 43
---- Building JPA Specification ----
Predicate list initialized
Creating JOIN with branch
Creating LEFT JOIN with category
Creating LEFT JOIN with subcategory
Final predicate count: 4
====== getMenuItemsWithFilters() END ======
[SMS DEV] to=9898989898 body=Your verification code is 6978. Valid for 5 minutes.
[CUSTOMER OTP] mobile=9898989898 otp=6978 id=19 sms.live=false accepted=true
Received token for decryption: ffc50ea2f09f5e735bd65dbfa14d26cbd1e586c2afa505e225e05cf0b04317f097fec7e242be38a217608322342b283d0042ac5d527c6da867f4dac2d58d572e5498a77c0523e0faffb75a6b99d646d94e986fdfb21cbaa52979fa28e883a5e9
Decrypted Token: {"id": 24, "userType": "customer", "mobile": "9898989898", "timestamp": 2783621779}
Extracted userType from token: customer
Current Timestamp: 1783621792
OTP Expiry Timestamp: 2783621779
Received token for decryption: ffc50ea2f09f5e735bd65dbfa14d26cbd1e586c2afa505e225e05cf0b04317f097fec7e242be38a217608322342b283d0042ac5d527c6da867f4dac2d58d572e5498a77c0523e0faffb75a6b99d646d94e986fdfb21cbaa52979fa28e883a5e9
Decrypted Token: {"id": 24, "userType": "customer", "mobile": "9898989898", "timestamp": 2783621779}
Extracted userType from token: customer
Current Timestamp: 1783621794
OTP Expiry Timestamp: 2783621779
? [SUBSCRIPTION SCHEDULER] Running at: 2026-07-09T23:59:59.825315300
? [SUBSCRIPTION SCHEDULER] Done
Received token for decryption: ffc50ea2f09f5e735bd65dbfa14d26cbd1e586c2afa505e225e05cf0b04317f097fec7e242be38a217608322342b283d0042ac5d527c6da867f4dac2d58d572e5498a77c0523e0faffb75a6b99d646d94e986fdfb21cbaa52979fa28e883a5e9
Decrypted Token: {"id": 24, "userType": "customer", "mobile": "9898989898", "timestamp": 2783621779}
Extracted userType from token: customer
Current Timestamp: 1783621806
OTP Expiry Timestamp: 2783621779
2026-07-10T00:00:06.524+05:30  WARN 25888 --- [RMS-Backend] [nio-8091-exec-3] o.h.engine.jdbc.spi.SqlExceptionHelper   : SQL Error: 0, SQLState: 23503
2026-07-10T00:00:06.526+05:30 ERROR 25888 --- [RMS-Backend] [nio-8091-exec-3] o.h.engine.jdbc.spi.SqlExceptionHelper   : ERROR: update or delete on table "customer_delivery_addresses" violates foreign key constraint "fkds9bpnor36tdgt4rge6j62yld" on table "orders"
  Detail: Key (id)=(21) is still referenced from table "orders".
Received token for decryption: ffc50ea2f09f5e735bd65dbfa14d26cbd1e586c2afa505e225e05cf0b04317f097fec7e242be38a217608322342b283d0042ac5d527c6da867f4dac2d58d572e5498a77c0523e0faffb75a6b99d646d94e986fdfb21cbaa52979fa28e883a5e9
Decrypted Token: {"id": 24, "userType": "customer", "mobile": "9898989898", "timestamp": 2783621779}
Extracted userType from token: customer
Current Timestamp: 1783621811
OTP Expiry Timestamp: 2783621779
2026-07-10T00:00:12.252+05:30  WARN 25888 --- [RMS-Backend] [nio-8091-exec-5] o.h.engine.jdbc.spi.SqlExceptionHelper   : SQL Error: 0, SQLState: 23503
2026-07-10T00:00:12.252+05:30 ERROR 25888 --- [RMS-Backend] [nio-8091-exec-5] o.h.engine.jdbc.spi.SqlExceptionHelper   : ERROR: update or delete on table "customer_delivery_addresses" violates foreign key constraint "fkds9bpnor36tdgt4rge6j62yld" on table "orders"
  Detail: Key (id)=(21) is still referenced from table "orders".
Received token for decryption: ffc50ea2f09f5e735bd65dbfa14d26cbd1e586c2afa505e225e05cf0b04317f097fec7e242be38a217608322342b283d0042ac5d527c6da867f4dac2d58d572e5498a77c0523e0faffb75a6b99d646d94e986fdfb21cbaa52979fa28e883a5e9
Decrypted Token: {"id": 24, "userType": "customer", "mobile": "9898989898", "timestamp": 2783621779}
Extracted userType from token: customer
Current Timestamp: 1783621818
OTP Expiry Timestamp: 2783621779
2026-07-10T00:00:19.329+05:30  WARN 25888 --- [RMS-Backend] [nio-8091-exec-6] o.h.engine.jdbc.spi.SqlExceptionHelper   : SQL Error: 0, SQLState: 23503
2026-07-10T00:00:19.329+05:30 ERROR 25888 --- [RMS-Backend] [nio-8091-exec-6] o.h.engine.jdbc.spi.SqlExceptionHelper   : ERROR: update or delete on table "customer_delivery_addresses" violates foreign key constraint "fkds9bpnor36tdgt4rge6j62yld" on table "orders"
  Detail: Key (id)=(21) is still referenced from table "orders".
Received token for decryption: ffc50ea2f09f5e735bd65dbfa14d26cbd1e586c2afa505e225e05cf0b04317f097fec7e242be38a217608322342b283d0042ac5d527c6da867f4dac2d58d572e5498a77c0523e0faffb75a6b99d646d94e986fdfb21cbaa52979fa28e883a5e9
Decrypted Token: {"id": 24, "userType": "customer", "mobile": "9898989898", "timestamp": 2783621779}
Extracted userType from token: customer
Current Timestamp: 1783622437
OTP Expiry Timestamp: 2783621779
====== getMenuItemsWithFilters() START ======
Input branchId       : 43
Input categoryId     : null
Input subcategoryId  : null
Input searchValue    : null
Input pageNumber     : 0
Input pageSize       : 200
Input dietaryType    : null
Input recommended    : null
Input token          : null
Fetching branch user from DB for branchId: 43
Branch user found. BranchUser ID: 43
---- Building JPA Specification ----
Predicate list initialized
Creating JOIN with branch
Creating LEFT JOIN with category
Creating LEFT JOIN with subcategory
Final predicate count: 4
====== getMenuItemsWithFilters() END ======
Received token for decryption: ffc50ea2f09f5e735bd65dbfa14d26cbd1e586c2afa505e225e05cf0b04317f097fec7e242be38a217608322342b283d0042ac5d527c6da867f4dac2d58d572e5498a77c0523e0faffb75a6b99d646d94e986fdfb21cbaa52979fa28e883a5e9
Decrypted Token: {"id": 24, "userType": "customer", "mobile": "9898989898", "timestamp": 2783621779}
Extracted userType from token: customer
Current Timestamp: 1783622438
OTP Expiry Timestamp: 2783621779
====== getMenuItemsWithFilters() START ======
Input branchId       : 43
Input categoryId     : null
Input subcategoryId  : null
Input searchValue    : null
Input pageNumber     : 0
Input pageSize       : 200
Input dietaryType    : null
Input recommended    : null
Input token          : null
Fetching branch user from DB for branchId: 43
Branch user found. BranchUser ID: 43
---- Building JPA Specification ----
Predicate list initialized
Creating JOIN with branch
Creating LEFT JOIN with category
Creating LEFT JOIN with subcategory
Final predicate count: 4
Received token for decryption: ffc50ea2f09f5e735bd65dbfa14d26cbd1e586c2afa505e225e05cf0b04317f097fec7e242be38a217608322342b283d0042ac5d527c6da867f4dac2d58d572e5498a77c0523e0faffb75a6b99d646d94e986fdfb21cbaa52979fa28e883a5e9
Decrypted Token: {"id": 24, "userType": "customer", "mobile": "9898989898", "timestamp": 2783621779}
Extracted userType from token: customer
Current Timestamp: 1783622440
OTP Expiry Timestamp: 2783621779
====== getMenuItemsWithFilters() END ======
Received token for decryption: ffc50ea2f09f5e735bd65dbfa14d26cbd1e586c2afa505e225e05cf0b04317f097fec7e242be38a217608322342b283d0042ac5d527c6da867f4dac2d58d572e5498a77c0523e0faffb75a6b99d646d94e986fdfb21cbaa52979fa28e883a5e9
Decrypted Token: {"id": 24, "userType": "customer", "mobile": "9898989898", "timestamp": 2783621779}
Extracted userType from token: customer
Current Timestamp: 1783622445
OTP Expiry Timestamp: 2783621779
Received token for decryption: ffc50ea2f09f5e735bd65dbfa14d26cbd1e586c2afa505e225e05cf0b04317f097fec7e242be38a217608322342b283d0042ac5d527c6da867f4dac2d58d572e5498a77c0523e0faffb75a6b99d646d94e986fdfb21cbaa52979fa28e883a5e9
Decrypted Token: {"id": 24, "userType": "customer", "mobile": "9898989898", "timestamp": 2783621779}
Extracted userType from token: customer
Current Timestamp: 1783622446
OTP Expiry Timestamp: 2783621779
====== getMenuItemsWithFilters() START ======
Input branchId       : 43
Input categoryId     : null
Input subcategoryId  : null
Input searchValue    : null
Input pageNumber     : 0
Input pageSize       : 200
Input dietaryType    : null
Input recommended    : null
Input token          : null
Fetching branch user from DB for branchId: 43
Branch user found. BranchUser ID: 43
---- Building JPA Specification ----
Predicate list initialized
Creating JOIN with branch
Creating LEFT JOIN with category
Creating LEFT JOIN with subcategory
Final predicate count: 4
====== getMenuItemsWithFilters() END ======
Received token for decryption: ffc50ea2f09f5e735bd65dbfa14d26cbd1e586c2afa505e225e05cf0b04317f097fec7e242be38a217608322342b283d0042ac5d527c6da867f4dac2d58d572e5498a77c0523e0faffb75a6b99d646d94e986fdfb21cbaa52979fa28e883a5e9
Decrypted Token: {"id": 24, "userType": "customer", "mobile": "9898989898", "timestamp": 2783621779}
Extracted userType from token: customer
Current Timestamp: 1783622448
OTP Expiry Timestamp: 2783621779
Received token for decryption: ffc50ea2f09f5e735bd65dbfa14d26cbd1e586c2afa505e225e05cf0b04317f097fec7e242be38a217608322342b283d0042ac5d527c6da867f4dac2d58d572e5498a77c0523e0faffb75a6b99d646d94e986fdfb21cbaa52979fa28e883a5e9
Decrypted Token: {"id": 24, "userType": "customer", "mobile": "9898989898", "timestamp": 2783621779}
Extracted userType from token: customer
Current Timestamp: 1783622453
OTP Expiry Timestamp: 2783621779
Received token for decryption: ffc50ea2f09f5e735bd65dbfa14d26cbd1e586c2afa505e225e05cf0b04317f097fec7e242be38a217608322342b283d0042ac5d527c6da867f4dac2d58d572e5498a77c0523e0faffb75a6b99d646d94e986fdfb21cbaa52979fa28e883a5e9
Decrypted Token: {"id": 24, "userType": "customer", "mobile": "9898989898", "timestamp": 2783621779}
Extracted userType from token: customer
Current Timestamp: 1783622453
OTP Expiry Timestamp: 2783621779
Received token for decryption: ffc50ea2f09f5e735bd65dbfa14d26cbd1e586c2afa505e225e05cf0b04317f097fec7e242be38a217608322342b283d0042ac5d527c6da867f4dac2d58d572e5498a77c0523e0faffb75a6b99d646d94e986fdfb21cbaa52979fa28e883a5e9
Decrypted Token: {"id": 24, "userType": "customer", "mobile": "9898989898", "timestamp": 2783621779}
Extracted userType from token: customer
Current Timestamp: 1783622454
OTP Expiry Timestamp: 2783621779
====== getMenuItemsWithFilters() START ======
Input branchId       : 43
Input categoryId     : null
Input subcategoryId  : null
Input searchValue    : null
Input pageNumber     : 0
Input pageSize       : 200
Input dietaryType    : null
Input recommended    : null
Input token          : null
Fetching branch user from DB for branchId: 43
Branch user found. BranchUser ID: 43
---- Building JPA Specification ----
Predicate list initialized
Creating JOIN with branch
Creating LEFT JOIN with category
Creating LEFT JOIN with subcategory
Final predicate count: 4
Received token for decryption: ffc50ea2f09f5e735bd65dbfa14d26cbd1e586c2afa505e225e05cf0b04317f097fec7e242be38a217608322342b283d0042ac5d527c6da867f4dac2d58d572e5498a77c0523e0faffb75a6b99d646d94e986fdfb21cbaa52979fa28e883a5e9
Decrypted Token: {"id": 24, "userType": "customer", "mobile": "9898989898", "timestamp": 2783621779}
Extracted userType from token: customer
Current Timestamp: 1783622455
OTP Expiry Timestamp: 2783621779
====== getMenuItemsWithFilters() END ======
Received token for decryption: ffc50ea2f09f5e735bd65dbfa14d26cbd1e586c2afa505e225e05cf0b04317f097fec7e242be38a217608322342b283d0042ac5d527c6da867f4dac2d58d572e5498a77c0523e0faffb75a6b99d646d94e986fdfb21cbaa52979fa28e883a5e9
Decrypted Token: {"id": 24, "userType": "customer", "mobile": "9898989898", "timestamp": 2783621779}
Extracted userType from token: customer
Current Timestamp: 1783622465
OTP Expiry Timestamp: 2783621779
Received token for decryption: ffc50ea2f09f5e735bd65dbfa14d26cbd1e586c2afa505e225e05cf0b04317f097fec7e242be38a217608322342b283d0042ac5d527c6da867f4dac2d58d572e5498a77c0523e0faffb75a6b99d646d94e986fdfb21cbaa52979fa28e883a5e9
Decrypted Token: {"id": 24, "userType": "customer", "mobile": "9898989898", "timestamp": 2783621779}
Extracted userType from token: customer
Current Timestamp: 1783622466
OTP Expiry Timestamp: 2783621779
====== getMenuItemsWithFilters() START ======
Input branchId       : 43
Input categoryId     : null
Input subcategoryId  : null
Input searchValue    : null
Input pageNumber     : 0
Input pageSize       : 200
Input dietaryType    : null
Input recommended    : null
Input token          : null
Fetching branch user from DB for branchId: 43
Branch user found. BranchUser ID: 43
---- Building JPA Specification ----
Predicate list initialized
Creating JOIN with branch
Creating LEFT JOIN with category
Creating LEFT JOIN with subcategory
Final predicate count: 4
====== getMenuItemsWithFilters() END ======
Received token for decryption: ffc50ea2f09f5e735bd65dbfa14d26cbd1e586c2afa505e225e05cf0b04317f097fec7e242be38a217608322342b283d0042ac5d527c6da867f4dac2d58d572e5498a77c0523e0faffb75a6b99d646d94e986fdfb21cbaa52979fa28e883a5e9
Decrypted Token: {"id": 24, "userType": "customer", "mobile": "9898989898", "timestamp": 2783621779}
Extracted userType from token: customer
Current Timestamp: 1783622468
OTP Expiry Timestamp: 2783621779
Received token for decryption: ffc50ea2f09f5e735bd65dbfa14d26cbd1e586c2afa505e225e05cf0b04317f097fec7e242be38a217608322342b283d0042ac5d527c6da867f4dac2d58d572e5498a77c0523e0faffb75a6b99d646d94e986fdfb21cbaa52979fa28e883a5e9
Decrypted Token: {"id": 24, "userType": "customer", "mobile": "9898989898", "timestamp": 2783621779}
Extracted userType from token: customer
Current Timestamp: 1783622477
OTP Expiry Timestamp: 2783621779
Received token for decryption: ffc50ea2f09f5e735bd65dbfa14d26cbd1e586c2afa505e225e05cf0b04317f097fec7e242be38a217608322342b283d0042ac5d527c6da867f4dac2d58d572e5498a77c0523e0faffb75a6b99d646d94e986fdfb21cbaa52979fa28e883a5e9
Decrypted Token: {"id": 24, "userType": "customer", "mobile": "9898989898", "timestamp": 2783621779}
Extracted userType from token: customer
Current Timestamp: 1783622478
OTP Expiry Timestamp: 2783621779
====== getMenuItemsWithFilters() START ======
Input branchId       : 43
Input categoryId     : null
Input subcategoryId  : null
Input searchValue    : null
Input pageNumber     : 0
Input pageSize       : 200
Input dietaryType    : null
Input recommended    : null
Input token          : null
Fetching branch user from DB for branchId: 43
Branch user found. BranchUser ID: 43
---- Building JPA Specification ----
Predicate list initialized
Creating JOIN with branch
Creating LEFT JOIN with category
Creating LEFT JOIN with subcategory
Final predicate count: 4
Received token for decryption: ffc50ea2f09f5e735bd65dbfa14d26cbd1e586c2afa505e225e05cf0b04317f097fec7e242be38a217608322342b283d0042ac5d527c6da867f4dac2d58d572e5498a77c0523e0faffb75a6b99d646d94e986fdfb21cbaa52979fa28e883a5e9
Decrypted Token: {"id": 24, "userType": "customer", "mobile": "9898989898", "timestamp": 2783621779}
Extracted userType from token: customer
Current Timestamp: 1783622479
OTP Expiry Timestamp: 2783621779
====== getMenuItemsWithFilters() END ======
Received token for decryption: ffc50ea2f09f5e735bd65dbfa14d26cbd1e586c2afa505e225e05cf0b04317f097fec7e242be38a217608322342b283d0042ac5d527c6da867f4dac2d58d572e5498a77c0523e0faffb75a6b99d646d94e986fdfb21cbaa52979fa28e883a5e9
Decrypted Token: {"id": 24, "userType": "customer", "mobile": "9898989898", "timestamp": 2783621779}
Extracted userType from token: customer
Current Timestamp: 1783622844
OTP Expiry Timestamp: 2783621779
Received token for decryption: ffc50ea2f09f5e735bd65dbfa14d26cbd1e586c2afa505e225e05cf0b04317f097fec7e242be38a217608322342b283d0042ac5d527c6da867f4dac2d58d572e5498a77c0523e0faffb75a6b99d646d94e986fdfb21cbaa52979fa28e883a5e9
Decrypted Token: {"id": 24, "userType": "customer", "mobile": "9898989898", "timestamp": 2783621779}
Extracted userType from token: customer
Current Timestamp: 1783622844
OTP Expiry Timestamp: 2783621779
Received token for decryption: ffc50ea2f09f5e735bd65dbfa14d26cbd1e586c2afa505e225e05cf0b04317f097fec7e242be38a217608322342b283d0042ac5d527c6da867f4dac2d58d572e5498a77c0523e0faffb75a6b99d646d94e986fdfb21cbaa52979fa28e883a5e9
Decrypted Token: {"id": 24, "userType": "customer", "mobile": "9898989898", "timestamp": 2783621779}
Extracted userType from token: customer
Current Timestamp: 1783622848
OTP Expiry Timestamp: 2783621779
2026-07-10T00:17:29.388+05:30  WARN 25888 --- [RMS-Backend] [nio-8091-exec-2] o.h.engine.jdbc.spi.SqlExceptionHelper   : SQL Error: 0, SQLState: 23503
2026-07-10T00:17:29.389+05:30 ERROR 25888 --- [RMS-Backend] [nio-8091-exec-2] o.h.engine.jdbc.spi.SqlExceptionHelper   : ERROR: update or delete on table "customer_delivery_addresses" violates foreign key constraint "fkds9bpnor36tdgt4rge6j62yld" on table "orders"
  Detail: Key (id)=(3) is still referenced from table "orders".
Received token for decryption: ffc50ea2f09f5e735bd65dbfa14d26cbd1e586c2afa505e225e05cf0b04317f097fec7e242be38a217608322342b283d0042ac5d527c6da867f4dac2d58d572e5498a77c0523e0faffb75a6b99d646d94e986fdfb21cbaa52979fa28e883a5e9
Decrypted Token: {"id": 24, "userType": "customer", "mobile": "9898989898", "timestamp": 2783621779}
Extracted userType from token: customer
Current Timestamp: 1783622852
OTP Expiry Timestamp: 2783621779
2026-07-10T00:17:33.380+05:30  WARN 25888 --- [RMS-Backend] [nio-8091-exec-6] o.h.engine.jdbc.spi.SqlExceptionHelper   : SQL Error: 0, SQLState: 23503
2026-07-10T00:17:33.381+05:30 ERROR 25888 --- [RMS-Backend] [nio-8091-exec-6] o.h.engine.jdbc.spi.SqlExceptionHelper   : ERROR: update or delete on table "customer_delivery_addresses" violates foreign key constraint "fkds9bpnor36tdgt4rge6j62yld" on table "orders"
  Detail: Key (id)=(5) is still referenced from table "orders".
Received token for decryption: ffc50ea2f09f5e735bd65dbfa14d26cbd1e586c2afa505e225e05cf0b04317f097fec7e242be38a217608322342b283d0042ac5d527c6da867f4dac2d58d572e5498a77c0523e0faffb75a6b99d646d94e986fdfb21cbaa52979fa28e883a5e9
Decrypted Token: {"id": 24, "userType": "customer", "mobile": "9898989898", "timestamp": 2783621779}
Extracted userType from token: customer
Current Timestamp: 1783622855
OTP Expiry Timestamp: 2783621779
2026-07-10T00:17:36.331+05:30  WARN 25888 --- [RMS-Backend] [nio-8091-exec-9] o.h.engine.jdbc.spi.SqlExceptionHelper   : SQL Error: 0, SQLState: 23503
2026-07-10T00:17:36.331+05:30 ERROR 25888 --- [RMS-Backend] [nio-8091-exec-9] o.h.engine.jdbc.spi.SqlExceptionHelper   : ERROR: update or delete on table "customer_delivery_addresses" violates foreign key constraint "fkds9bpnor36tdgt4rge6j62yld" on table "orders"
  Detail: Key (id)=(4) is still referenced from table "orders".
====== getMenuItemsWithFilters() START ======
Input branchId       : 43
Input categoryId     : null
Input subcategoryId  : null
Input searchValue    : null
Input pageNumber     : 0
Input pageSize       : 200
Input dietaryType    : null
Input recommended    : null
Input token          : null
Fetching branch user from DB for branchId: 43
Branch user found. BranchUser ID: 43
---- Building JPA Specification ----
Predicate list initialized
Creating JOIN with branch
Creating LEFT JOIN with category
Creating LEFT JOIN with subcategory
Final predicate count: 4
====== getMenuItemsWithFilters() END ======
====== getMenuItemsWithFilters() START ======
Input branchId       : 43
Input categoryId     : null
Input subcategoryId  : null
Input searchValue    : null
Input pageNumber     : 0
Input pageSize       : 200
Input dietaryType    : null
Input recommended    : null
Input token          : null
Fetching branch user from DB for branchId: 43
Branch user found. BranchUser ID: 43
---- Building JPA Specification ----
Predicate list initialized
Creating JOIN with branch
Creating LEFT JOIN with category
Creating LEFT JOIN with subcategory
Final predicate count: 4
====== getMenuItemsWithFilters() END ======
Received token for decryption: ffc50ea2f09f5e735bd65dbfa14d26cbd1e586c2afa505e225e05cf0b04317f097fec7e242be38a217608322342b283d0042ac5d527c6da867f4dac2d58d572e5498a77c0523e0faffb75a6b99d646d94e986fdfb21cbaa52979fa28e883a5e9
Decrypted Token: {"id": 24, "userType": "customer", "mobile": "9898989898", "timestamp": 2783621779}
Extracted userType from token: customer
Current Timestamp: 1783623050
OTP Expiry Timestamp: 2783621779
Received token for decryption: ffc50ea2f09f5e735bd65dbfa14d26cbd1e586c2afa505e225e05cf0b04317f097fec7e242be38a217608322342b283d0042ac5d527c6da867f4dac2d58d572e5498a77c0523e0faffb75a6b99d646d94e986fdfb21cbaa52979fa28e883a5e9
Decrypted Token: {"id": 24, "userType": "customer", "mobile": "9898989898", "timestamp": 2783621779}
Extracted userType from token: customer
Current Timestamp: 1783623052
OTP Expiry Timestamp: 2783621779
====== getMenuItemsWithFilters() START ======
Input branchId       : 43
Input categoryId     : null
Input subcategoryId  : null
Input searchValue    : null
Input pageNumber     : 0
Input pageSize       : 200
Input dietaryType    : null
Input recommended    : null
Input token          : null
Fetching branch user from DB for branchId: 43
Branch user found. BranchUser ID: 43
---- Building JPA Specification ----
Predicate list initialized
Creating JOIN with branch
Creating LEFT JOIN with category
Creating LEFT JOIN with subcategory
Final predicate count: 4
====== getMenuItemsWithFilters() END ======
====== getMenuItemsWithFilters() START ======
Input branchId       : 43
Input categoryId     : null
Input subcategoryId  : null
Input searchValue    : null
Input pageNumber     : 0
Input pageSize       : 200
Input dietaryType    : null
Input recommended    : null
Input token          : null
Fetching branch user from DB for branchId: 43
Branch user found. BranchUser ID: 43
---- Building JPA Specification ----
Predicate list initialized
Creating JOIN with branch
Creating LEFT JOIN with category
Creating LEFT JOIN with subcategory
Final predicate count: 4
====== getMenuItemsWithFilters() END ======
====== getMenuItemsWithFilters() START ======
Input branchId       : 43
Input categoryId     : null
Input subcategoryId  : null
Input searchValue    : null
Input pageNumber     : 0
Input pageSize       : 200
Input dietaryType    : null
Input recommended    : null
Input token          : null
Fetching branch user from DB for branchId: 43
Branch user found. BranchUser ID: 43
---- Building JPA Specification ----
Predicate list initialized
Creating JOIN with branch
Creating LEFT JOIN with category
Creating LEFT JOIN with subcategory
Final predicate count: 4
====== getMenuItemsWithFilters() END ======
====== getMenuItemsWithFilters() START ======
Input branchId       : 43
Input categoryId     : null
Input subcategoryId  : null
Input searchValue    : null
Input pageNumber     : 0
Input pageSize       : 200
Input dietaryType    : null
Input recommended    : null
Input token          : null
Fetching branch user from DB for branchId: 43
Branch user found. BranchUser ID: 43
---- Building JPA Specification ----
Predicate list initialized
Creating JOIN with branch
Creating LEFT JOIN with category
Creating LEFT JOIN with subcategory
Final predicate count: 4
====== getMenuItemsWithFilters() END ======
====== getMenuItemsWithFilters() START ======
Input branchId       : 43
Input categoryId     : null
Input subcategoryId  : null
Input searchValue    : null
Input pageNumber     : 0
Input pageSize       : 200
Input dietaryType    : null
Input recommended    : null
Input token          : null
Fetching branch user from DB for branchId: 43
Branch user found. BranchUser ID: 43
---- Building JPA Specification ----
Predicate list initialized
Creating JOIN with branch
Creating LEFT JOIN with category
Creating LEFT JOIN with subcategory
Final predicate count: 4
====== getMenuItemsWithFilters() END ======
====== getMenuItemsWithFilters() START ======
Input branchId       : 43
Input categoryId     : null
Input subcategoryId  : null
Input searchValue    : null
Input pageNumber     : 0
Input pageSize       : 200
Input dietaryType    : null
Input recommended    : null
Input token          : null
Fetching branch user from DB for branchId: 43
Branch user found. BranchUser ID: 43
---- Building JPA Specification ----
Predicate list initialized
Creating JOIN with branch
Creating LEFT JOIN with category
Creating LEFT JOIN with subcategory
Final predicate count: 4
====== getMenuItemsWithFilters() END ======
2026-07-10T00:58:54.854+05:30  WARN 25888 --- [RMS-Backend] [nio-8091-exec-4] .m.m.a.ExceptionHandlerExceptionResolver : Resolved [org.springframework.web.servlet.resource.NoResourceFoundException: No static resource api/public/customer/sliders/get_sliders.]
====== getMenuItemsWithFilters() START ======
Input branchId       : 43
Input categoryId     : null
Input subcategoryId  : null
Input searchValue    : null
Input pageNumber     : 0
Input pageSize       : 12
Input dietaryType    : null
Input recommended    : null
Input token          : null
Fetching branch user from DB for branchId: 43
====== getMenuItemsWithFilters() START ======
Input branchId       : 43
Input categoryId     : null
Input subcategoryId  : null
Input searchValue    : null
Input pageNumber     : 0
Input pageSize       : 6
Input dietaryType    : null
Input recommended    : true
Input token          : null
Fetching branch user from DB for branchId: 43
Branch user found. BranchUser ID: 43
---- Building JPA Specification ----
Predicate list initialized
Creating JOIN with branch
Creating LEFT JOIN with category
Creating LEFT JOIN with subcategory
Final predicate count: 4
Branch user found. BranchUser ID: 43
---- Building JPA Specification ----
Predicate list initialized
Creating JOIN with branch
Creating LEFT JOIN with category
Creating LEFT JOIN with subcategory
Final predicate count: 5
---- Building JPA Specification ----
Predicate list initialized
Creating JOIN with branch
Creating LEFT JOIN with category
Creating LEFT JOIN with subcategory
Final predicate count: 4
====== getMenuItemsWithFilters() END ======
---- Building JPA Specification ----
Predicate list initialized
Creating JOIN with branch
Creating LEFT JOIN with category
Creating LEFT JOIN with subcategory
Final predicate count: 5
====== getMenuItemsWithFilters() END ======
====== getMenuItemsWithFilters() START ======
Input branchId       : 43
Input categoryId     : null
Input subcategoryId  : null
Input searchValue    : null
Input pageNumber     : 0
Input pageSize       : 200
Input dietaryType    : null
Input recommended    : null
Input token          : null
Fetching branch user from DB for branchId: 43
Branch user found. BranchUser ID: 43
---- Building JPA Specification ----
Predicate list initialized
Creating JOIN with branch
Creating LEFT JOIN with category
Creating LEFT JOIN with subcategory
Final predicate count: 4
====== getMenuItemsWithFilters() END ======
====== getMenuItemsWithFilters() START ======
Input branchId       : 43
Input categoryId     : null
Input subcategoryId  : null
Input searchValue    : null
Input pageNumber     : 0
Input pageSize       : 200
Input dietaryType    : null
Input recommended    : null
Input token          : null
Fetching branch user from DB for branchId: 43
Branch user found. BranchUser ID: 43
---- Building JPA Specification ----
Predicate list initialized
Creating JOIN with branch
Creating LEFT JOIN with category
Creating LEFT JOIN with subcategory
Final predicate count: 4
====== getMenuItemsWithFilters() END ======
====== getMenuItemsWithFilters() START ======
Input branchId       : 43
Input categoryId     : null
Input subcategoryId  : null
Input searchValue    : null
Input pageNumber     : 0
Input pageSize       : 200
Input dietaryType    : null
Input recommended    : null
Input token          : null
Fetching branch user from DB for branchId: 43
Branch user found. BranchUser ID: 43
---- Building JPA Specification ----
Predicate list initialized
Creating JOIN with branch
Creating LEFT JOIN with category
Creating LEFT JOIN with subcategory
Final predicate count: 4
====== getMenuItemsWithFilters() END ======
====== getMenuItemsWithFilters() START ======
Input branchId       : 43
Input categoryId     : null
Input subcategoryId  : null
Input searchValue    : null
Input pageNumber     : 0
Input pageSize       : 200
Input dietaryType    : null
Input recommended    : null
Input token          : null
Fetching branch user from DB for branchId: 43
Branch user found. BranchUser ID: 43
---- Building JPA Specification ----
Predicate list initialized
Creating JOIN with branch
Creating LEFT JOIN with category
Creating LEFT JOIN with subcategory
Final predicate count: 4
====== getMenuItemsWithFilters() END ======
====== getMenuItemsWithFilters() START ======
Input branchId       : 43
Input categoryId     : null
Input subcategoryId  : null
Input searchValue    : null
Input pageNumber     : 0
Input pageSize       : 200
Input dietaryType    : null
Input recommended    : null
Input token          : null
Fetching branch user from DB for branchId: 43
Branch user found. BranchUser ID: 43
---- Building JPA Specification ----
Predicate list initialized
Creating JOIN with branch
Creating LEFT JOIN with category
Creating LEFT JOIN with subcategory
Final predicate count: 4
====== getMenuItemsWithFilters() END ======
====== getMenuItemsWithFilters() START ======
Input branchId       : 43
Input categoryId     : null
Input subcategoryId  : null
Input searchValue    : null
Input pageNumber     : 0
Input pageSize       : 200
Input dietaryType    : null
Input recommended    : null
Input token          : null
Fetching branch user from DB for branchId: 43
Branch user found. BranchUser ID: 43
---- Building JPA Specification ----
Predicate list initialized
Creating JOIN with branch
Creating LEFT JOIN with category
Creating LEFT JOIN with subcategory
Final predicate count: 4
====== getMenuItemsWithFilters() END ======
2026-07-10T01:51:19.138+05:30  INFO 25888 --- [RMS-Backend] [   File Watcher] rtingClassPathChangeChangedEventListener : Restarting due to 719 class path changes (0 additions, 719 deletions, 0 modifications)
2026-07-10T01:51:19.461+05:30  INFO 25888 --- [RMS-Backend] [       Thread-5] o.s.b.w.e.tomcat.GracefulShutdown        : Commencing graceful shutdown. Waiting for active requests to complete
2026-07-10T01:51:19.714+05:30  INFO 25888 --- [RMS-Backend] [tomcat-shutdown] o.s.b.w.e.tomcat.GracefulShutdown        : Graceful shutdown complete
2026-07-10T01:51:19.882+05:30  INFO 25888 --- [RMS-Backend] [       Thread-5] j.LocalContainerEntityManagerFactoryBean : Closing JPA EntityManagerFactory for persistence unit 'default'
2026-07-10T01:51:20.070+05:30  INFO 25888 --- [RMS-Backend] [       Thread-5] com.zaxxer.hikari.HikariDataSource       : HikariPool-1 - Shutdown initiated...
2026-07-10T01:51:20.761+05:30  INFO 25888 --- [RMS-Backend] [       Thread-5] com.zaxxer.hikari.HikariDataSource       : HikariPool-1 - Shutdown completed.

  .   ____          _            __ _ _
 /\\ / ___'_ __ _ _(_)_ __  __ _ \ \ \ \
( ( )\___ | '_ | '_| | '_ \/ _` | \ \ \ \
 \\/  ___)| |_)| | | | | || (_| |  ) ) ) )
  '  |____| .__|_| |_|_| |_\__, | / / / /
 =========|_|==============|___/=/_/_/_/

 :: Spring Boot ::                (v3.5.0)

2026-07-10T01:51:22.379+05:30  INFO 25888 --- [RMS-Backend] [  restartedMain] com.rms.RmsApplication                   : Starting RmsApplication using Java 17.0.12 with PID 25888 (D:\PHP GITHUB\restaurant-management-system\target\classes started by parve in D:\PHP GITHUB\restaurant-management-system)
2026-07-10T01:51:22.381+05:30  INFO 25888 --- [RMS-Backend] [  restartedMain] com.rms.RmsApplication                   : No active profile set, falling back to 1 default profile: "default"
2026-07-10T01:51:23.301+05:30  INFO 25888 --- [RMS-Backend] [  restartedMain] .s.d.r.c.RepositoryConfigurationDelegate : Bootstrapping Spring Data JPA repositories in DEFAULT mode.
2026-07-10T01:51:23.340+05:30  INFO 25888 --- [RMS-Backend] [  restartedMain] .s.d.r.c.RepositoryConfigurationDelegate : Finished Spring Data repository scanning in 32 ms. Found 0 JPA repository interfaces.
2026-07-10T01:51:23.983+05:30  INFO 25888 --- [RMS-Backend] [  restartedMain] o.s.b.w.embedded.tomcat.TomcatWebServer  : Tomcat initialized with port 8091 (http)
2026-07-10T01:51:23.985+05:30  INFO 25888 --- [RMS-Backend] [  restartedMain] o.apache.catalina.core.StandardService   : Starting service [Tomcat]
2026-07-10T01:51:23.985+05:30  INFO 25888 --- [RMS-Backend] [  restartedMain] o.apache.catalina.core.StandardEngine    : Starting Servlet engine: [Apache Tomcat/10.1.41]
2026-07-10T01:51:24.205+05:30  INFO 25888 --- [RMS-Backend] [  restartedMain] o.a.c.c.C.[Tomcat].[localhost].[/rms]    : Initializing Spring embedded WebApplicationContext
2026-07-10T01:51:24.207+05:30  INFO 25888 --- [RMS-Backend] [  restartedMain] w.s.c.ServletWebServerApplicationContext : Root WebApplicationContext: initialization completed in 1818 ms
2026-07-10T01:51:24.387+05:30  INFO 25888 --- [RMS-Backend] [  restartedMain] o.hibernate.jpa.internal.util.LogHelper  : HHH000204: Processing PersistenceUnitInfo [name: default]
2026-07-10T01:51:24.402+05:30  INFO 25888 --- [RMS-Backend] [  restartedMain] o.h.c.internal.RegionFactoryInitiator    : HHH000026: Second-level cache disabled
2026-07-10T01:51:24.455+05:30  INFO 25888 --- [RMS-Backend] [  restartedMain] o.s.o.j.p.SpringPersistenceUnitInfo      : No LoadTimeWeaver setup: ignoring JPA class transformer
2026-07-10T01:51:24.459+05:30  INFO 25888 --- [RMS-Backend] [  restartedMain] com.zaxxer.hikari.HikariDataSource       : HikariPool-2 - Starting...
2026-07-10T01:51:25.219+05:30  INFO 25888 --- [RMS-Backend] [  restartedMain] com.zaxxer.hikari.pool.HikariPool        : HikariPool-2 - Added connection org.postgresql.jdbc.PgConnection@1cd9076a
2026-07-10T01:51:25.225+05:30  INFO 25888 --- [RMS-Backend] [  restartedMain] com.zaxxer.hikari.HikariDataSource       : HikariPool-2 - Start completed.
2026-07-10T01:51:25.308+05:30  WARN 25888 --- [RMS-Backend] [  restartedMain] org.hibernate.orm.deprecation            : HHH90000025: PostgreSQLDialect does not need to be specified explicitly using 'hibernate.dialect' (remove the property setting and it will be selected by default)
2026-07-10T01:51:25.436+05:30  INFO 25888 --- [RMS-Backend] [  restartedMain] org.hibernate.orm.connections.pooling    : HHH10001005: Database info:
	Database JDBC URL [Connecting through datasource 'HikariDataSource (HikariPool-2)']
	Database driver: undefined/unknown
	Database version: 17.6
	Autocommit mode: undefined/unknown
	Isolation level: undefined/unknown
	Minimum pool size: undefined/unknown
	Maximum pool size: undefined/unknown
2026-07-10T01:51:25.521+05:30  INFO 25888 --- [RMS-Backend] [  restartedMain] o.h.e.t.j.p.i.JtaPlatformInitiator       : HHH000489: No JTA platform available (set 'hibernate.transaction.jta.platform' to enable JTA platform integration)
2026-07-10T01:51:25.521+05:30  INFO 25888 --- [RMS-Backend] [  restartedMain] j.LocalContainerEntityManagerFactoryBean : Initialized JPA EntityManagerFactory for persistence unit 'default'
2026-07-10T01:51:25.591+05:30  WARN 25888 --- [RMS-Backend] [  restartedMain] JpaBaseConfiguration$JpaWebConfiguration : spring.jpa.open-in-view is enabled by default. Therefore, database queries may be performed during view rendering. Explicitly configure spring.jpa.open-in-view to disable this warning
2026-07-10T01:51:25.666+05:30  INFO 25888 --- [RMS-Backend] [  restartedMain] o.s.v.b.OptionalValidatorFactoryBean     : Failed to set up a Bean Validation provider: jakarta.validation.NoProviderFoundException: Unable to create a Configuration, because no Jakarta Bean Validation provider could be found. Add a provider like Hibernate Validator (RI) to your classpath.
2026-07-10T01:51:26.095+05:30  INFO 25888 --- [RMS-Backend] [  restartedMain] .w.s.a.s.AnnotationActionEndpointMapping : Supporting [WS-Addressing August 2004, WS-Addressing 1.0]
2026-07-10T01:51:26.129+05:30  INFO 25888 --- [RMS-Backend] [  restartedMain] o.s.b.d.a.OptionalLiveReloadServer       : LiveReload server is running on port 35729
2026-07-10T01:51:26.170+05:30  INFO 25888 --- [RMS-Backend] [  restartedMain] o.s.b.w.embedded.tomcat.TomcatWebServer  : Tomcat started on port 8091 (http) with context path '/rms'
2026-07-10T01:51:26.183+05:30  INFO 25888 --- [RMS-Backend] [  restartedMain] com.rms.RmsApplication                   : Started RmsApplication in 3.97 seconds (process running for 13167.958)
2026-07-10T01:51:26.199+05:30  INFO 25888 --- [RMS-Backend] [  restartedMain] .ConditionEvaluationDeltaLoggingListener : Condition evaluation delta:


==========================
CONDITION EVALUATION DELTA
==========================


Positive matches:
-----------------

   ErrorMvcAutoConfiguration#basicErrorController matched:
      - @ConditionalOnMissingBean (types: org.springframework.boot.web.servlet.error.ErrorController; SearchStrategy: current) did not find any beans (OnBeanCondition)


Negative matches:
-----------------

   TaskSchedulingAutoConfiguration#scheduledBeanLazyInitializationExcludeFilter:
      Did not match:
         - @ConditionalOnBean (names: org.springframework.context.annotation.internalScheduledAnnotationProcessor; SearchStrategy: all) did not find any beans named org.springframework.context.annotation.internalScheduledAnnotationProcessor (OnBeanCondition)

   TaskSchedulingConfigurations.TaskSchedulerConfiguration:
      Did not match:
         - @ConditionalOnBean (names: org.springframework.context.annotation.internalScheduledAnnotationProcessor; SearchStrategy: all) did not find any beans named org.springframework.context.annotation.internalScheduledAnnotationProcessor (OnBeanCondition)


Exclusions:
-----------

    None


Unconditional classes:
----------------------

    None



2026-07-10T01:52:15.680+05:30  INFO 25888 --- [RMS-Backend] [   File Watcher] rtingClassPathChangeChangedEventListener : Restarting due to 719 class path changes (719 additions, 0 deletions, 0 modifications)
2026-07-10T01:52:15.688+05:30  INFO 25888 --- [RMS-Backend] [       Thread-7] o.s.b.w.e.tomcat.GracefulShutdown        : Commencing graceful shutdown. Waiting for active requests to complete
2026-07-10T01:52:15.830+05:30  INFO 25888 --- [RMS-Backend] [tomcat-shutdown] o.s.b.w.e.tomcat.GracefulShutdown        : Graceful shutdown complete
2026-07-10T01:52:15.831+05:30  INFO 25888 --- [RMS-Backend] [       Thread-7] j.LocalContainerEntityManagerFactoryBean : Closing JPA EntityManagerFactory for persistence unit 'default'
2026-07-10T01:52:15.831+05:30  INFO 25888 --- [RMS-Backend] [       Thread-7] com.zaxxer.hikari.HikariDataSource       : HikariPool-2 - Shutdown initiated...
2026-07-10T01:52:16.501+05:30  INFO 25888 --- [RMS-Backend] [       Thread-7] com.zaxxer.hikari.HikariDataSource       : HikariPool-2 - Shutdown completed.

  .   ____          _            __ _ _
 /\\ / ___'_ __ _ _(_)_ __  __ _ \ \ \ \
( ( )\___ | '_ | '_| | '_ \/ _` | \ \ \ \
 \\/  ___)| |_)| | | | | || (_| |  ) ) ) )
  '  |____| .__|_| |_|_| |_\__, | / / / /
 =========|_|==============|___/=/_/_/_/

 :: Spring Boot ::                (v3.5.0)

2026-07-10T01:52:16.756+05:30  INFO 25888 --- [RMS-Backend] [  restartedMain] com.rms.RmsApplication                   : Starting RmsApplication using Java 17.0.12 with PID 25888 (D:\PHP GITHUB\restaurant-management-system\target\classes started by parve in D:\PHP GITHUB\restaurant-management-system)
2026-07-10T01:52:16.756+05:30  INFO 25888 --- [RMS-Backend] [  restartedMain] com.rms.RmsApplication                   : No active profile set, falling back to 1 default profile: "default"
2026-07-10T01:52:19.109+05:30  INFO 25888 --- [RMS-Backend] [  restartedMain] .s.d.r.c.RepositoryConfigurationDelegate : Bootstrapping Spring Data JPA repositories in DEFAULT mode.
2026-07-10T01:52:19.401+05:30  INFO 25888 --- [RMS-Backend] [  restartedMain] .s.d.r.c.RepositoryConfigurationDelegate : Finished Spring Data repository scanning in 285 ms. Found 51 JPA repository interfaces.
2026-07-10T01:52:19.813+05:30  INFO 25888 --- [RMS-Backend] [  restartedMain] o.s.b.w.embedded.tomcat.TomcatWebServer  : Tomcat initialized with port 8091 (http)
2026-07-10T01:52:19.816+05:30  INFO 25888 --- [RMS-Backend] [  restartedMain] o.apache.catalina.core.StandardService   : Starting service [Tomcat]
2026-07-10T01:52:19.816+05:30  INFO 25888 --- [RMS-Backend] [  restartedMain] o.apache.catalina.core.StandardEngine    : Starting Servlet engine: [Apache Tomcat/10.1.41]
2026-07-10T01:52:19.940+05:30  INFO 25888 --- [RMS-Backend] [  restartedMain] o.a.c.c.C.[Tomcat].[localhost].[/rms]    : Initializing Spring embedded WebApplicationContext
2026-07-10T01:52:19.940+05:30  INFO 25888 --- [RMS-Backend] [  restartedMain] w.s.c.ServletWebServerApplicationContext : Root WebApplicationContext: initialization completed in 3176 ms
2026-07-10T01:52:20.139+05:30  INFO 25888 --- [RMS-Backend] [  restartedMain] o.hibernate.jpa.internal.util.LogHelper  : HHH000204: Processing PersistenceUnitInfo [name: default]
2026-07-10T01:52:20.148+05:30  INFO 25888 --- [RMS-Backend] [  restartedMain] o.h.c.internal.RegionFactoryInitiator    : HHH000026: Second-level cache disabled
2026-07-10T01:52:20.172+05:30  INFO 25888 --- [RMS-Backend] [  restartedMain] o.s.o.j.p.SpringPersistenceUnitInfo      : No LoadTimeWeaver setup: ignoring JPA class transformer
2026-07-10T01:52:20.172+05:30  INFO 25888 --- [RMS-Backend] [  restartedMain] com.zaxxer.hikari.HikariDataSource       : HikariPool-3 - Starting...
2026-07-10T01:52:21.035+05:30  INFO 25888 --- [RMS-Backend] [  restartedMain] com.zaxxer.hikari.pool.HikariPool        : HikariPool-3 - Added connection org.postgresql.jdbc.PgConnection@2fc012e5
2026-07-10T01:52:21.035+05:30  INFO 25888 --- [RMS-Backend] [  restartedMain] com.zaxxer.hikari.HikariDataSource       : HikariPool-3 - Start completed.
2026-07-10T01:52:21.118+05:30  WARN 25888 --- [RMS-Backend] [  restartedMain] org.hibernate.orm.deprecation            : HHH90000025: PostgreSQLDialect does not need to be specified explicitly using 'hibernate.dialect' (remove the property setting and it will be selected by default)
2026-07-10T01:52:21.276+05:30  INFO 25888 --- [RMS-Backend] [  restartedMain] org.hibernate.orm.connections.pooling    : HHH10001005: Database info:
	Database JDBC URL [Connecting through datasource 'HikariDataSource (HikariPool-3)']
	Database driver: undefined/unknown
	Database version: 17.6
	Autocommit mode: undefined/unknown
	Isolation level: undefined/unknown
	Minimum pool size: undefined/unknown
	Maximum pool size: undefined/unknown
2026-07-10T01:52:23.409+05:30  INFO 25888 --- [RMS-Backend] [  restartedMain] o.h.e.t.j.p.i.JtaPlatformInitiator       : HHH000489: No JTA platform available (set 'hibernate.transaction.jta.platform' to enable JTA platform integration)
2026-07-10T01:52:24.011+05:30  INFO 25888 --- [RMS-Backend] [  restartedMain] j.LocalContainerEntityManagerFactoryBean : Initialized JPA EntityManagerFactory for persistence unit 'default'
2026-07-10T01:52:28.036+05:30  WARN 25888 --- [RMS-Backend] [  restartedMain] JpaBaseConfiguration$JpaWebConfiguration : spring.jpa.open-in-view is enabled by default. Therefore, database queries may be performed during view rendering. Explicitly configure spring.jpa.open-in-view to disable this warning
2026-07-10T01:52:28.077+05:30  INFO 25888 --- [RMS-Backend] [  restartedMain] o.s.v.b.OptionalValidatorFactoryBean     : Failed to set up a Bean Validation provider: jakarta.validation.NoProviderFoundException: Unable to create a Configuration, because no Jakarta Bean Validation provider could be found. Add a provider like Hibernate Validator (RI) to your classpath.
2026-07-10T01:52:30.586+05:30  INFO 25888 --- [RMS-Backend] [  restartedMain] .w.s.a.s.AnnotationActionEndpointMapping : Supporting [WS-Addressing August 2004, WS-Addressing 1.0]
2026-07-10T01:52:30.607+05:30  INFO 25888 --- [RMS-Backend] [  restartedMain] o.s.b.d.a.OptionalLiveReloadServer       : LiveReload server is running on port 35729
2026-07-10T01:52:30.729+05:30  INFO 25888 --- [RMS-Backend] [  restartedMain] o.s.b.w.embedded.tomcat.TomcatWebServer  : Tomcat started on port 8091 (http) with context path '/rms'
2026-07-10T01:52:30.739+05:30  INFO 25888 --- [RMS-Backend] [  restartedMain] com.rms.RmsApplication                   : Started RmsApplication in 14.083 seconds (process running for 13232.52)
? [DATA INITIALIZER] Starting...
? localhost already mapped to Spice Garden
? Free plan already exists: 7
? Spice Garden menu already seeded
? Spice Garden sliders already exist
? Spice Garden About Us already set
? Spice Garden logo already correct: http://localhost:8090/rms/uploads/branding_42/logo_42.png
? Spice Garden trending items already marked
2026-07-10T01:52:35.379+05:30  INFO 25888 --- [RMS-Backend] [nio-8091-exec-1] o.a.c.c.C.[Tomcat].[localhost].[/rms]    : Initializing Spring DispatcherServlet 'dispatcherServlet'
2026-07-10T01:52:35.379+05:30  INFO 25888 --- [RMS-Backend] [nio-8091-exec-1] o.s.web.servlet.DispatcherServlet        : Initializing Servlet 'dispatcherServlet'
2026-07-10T01:52:35.387+05:30  INFO 25888 --- [RMS-Backend] [nio-8091-exec-1] o.s.web.servlet.DispatcherServlet        : Completed initialization in 8 ms
? Menu item images updated: 0
? Menu category images updated: 0
? Kitchen orders initialized successfully!
? Delivery test orders already exist. Skipping.
? [DATA INITIALIZER] Done
2026-07-10T01:52:45.282+05:30  INFO 25888 --- [RMS-Backend] [  restartedMain] .ConditionEvaluationDeltaLoggingListener : Condition evaluation delta:


==========================
CONDITION EVALUATION DELTA
==========================


Positive matches:
-----------------

   NoopSmsService matched:
      - @ConditionalOnProperty (sms.provider=none) matched (OnPropertyCondition)

   TaskSchedulingAutoConfiguration#scheduledBeanLazyInitializationExcludeFilter matched:
      - @ConditionalOnBean (names: org.springframework.context.annotation.internalScheduledAnnotationProcessor; SearchStrategy: all) found bean 'org.springframework.context.annotation.internalScheduledAnnotationProcessor' (OnBeanCondition)

   TaskSchedulingConfigurations.TaskSchedulerConfiguration matched:
      - @ConditionalOnBean (names: org.springframework.context.annotation.internalScheduledAnnotationProcessor; SearchStrategy: all) found bean 'org.springframework.context.annotation.internalScheduledAnnotationProcessor'; @ConditionalOnMissingBean (types: org.springframework.scheduling.TaskScheduler,java.util.concurrent.ScheduledExecutorService; SearchStrategy: all) did not find any beans (OnBeanCondition)

   TaskSchedulingConfigurations.TaskSchedulerConfiguration#taskScheduler matched:
      - @ConditionalOnThreading found PLATFORM (OnThreadingCondition)


Negative matches:
-----------------

   ErrorMvcAutoConfiguration#basicErrorController:
      Did not match:
         - @ConditionalOnMissingBean (types: org.springframework.boot.web.servlet.error.ErrorController; SearchStrategy: current) found beans of type 'org.springframework.boot.web.servlet.error.ErrorController' mainController (OnBeanCondition)

   Msg91SmsService:
      Did not match:
         - @ConditionalOnProperty (sms.provider=msg91) found different value in property 'sms.provider' (OnPropertyCondition)

   TaskSchedulingConfigurations.TaskSchedulerConfiguration#taskSchedulerVirtualThreads:
      Did not match:
         - @ConditionalOnThreading did not find VIRTUAL (OnThreadingCondition)


Exclusions:
-----------

    None


Unconditional classes:
----------------------

    None



====== getMenuItemsWithFilters() START ======
Input branchId       : 43
Input categoryId     : null
Input subcategoryId  : null
Input searchValue    : null
Input pageNumber     : 0
Input pageSize       : 200
Input dietaryType    : null
Input recommended    : null
Input token          : null
Fetching branch user from DB for branchId: 43
Branch user found. BranchUser ID: 43
---- Building JPA Specification ----
Predicate list initialized
Creating JOIN with branch
Creating LEFT JOIN with category
Creating LEFT JOIN with subcategory
Final predicate count: 4
====== getMenuItemsWithFilters() END ======
====== getMenuItemsWithFilters() START ======
Input branchId       : 43
Input categoryId     : null
Input subcategoryId  : null
Input searchValue    : null
Input pageNumber     : 0
Input pageSize       : 200
Input dietaryType    : null
Input recommended    : null
Input token          : null
Fetching branch user from DB for branchId: 43
Branch user found. BranchUser ID: 43
---- Building JPA Specification ----
Predicate list initialized
Creating JOIN with branch
Creating LEFT JOIN with category
Creating LEFT JOIN with subcategory
Final predicate count: 4
====== getMenuItemsWithFilters() END ======
====== getMenuItemsWithFilters() START ======
Input branchId       : 43
Input categoryId     : null
Input subcategoryId  : null
Input searchValue    : null
Input pageNumber     : 0
Input pageSize       : 200
Input dietaryType    : null
Input recommended    : null
Input token          : null
Fetching branch user from DB for branchId: 43
Branch user found. BranchUser ID: 43
---- Building JPA Specification ----
Predicate list initialized
Creating JOIN with branch
Creating LEFT JOIN with category
Creating LEFT JOIN with subcategory
Final predicate count: 4
====== getMenuItemsWithFilters() END ======
====== getMenuItemsWithFilters() START ======
Input branchId       : 43
Input categoryId     : null
Input subcategoryId  : null
Input searchValue    : null
Input pageNumber     : 0
Input pageSize       : 200
Input dietaryType    : null
Input recommended    : null
Input token          : null
Fetching branch user from DB for branchId: 43
Branch user found. BranchUser ID: 43
---- Building JPA Specification ----
Predicate list initialized
Creating JOIN with branch
Creating LEFT JOIN with category
Creating LEFT JOIN with subcategory
Final predicate count: 4
====== getMenuItemsWithFilters() END ======
====== getMenuItemsWithFilters() START ======
Input branchId       : 43
Input categoryId     : null
Input subcategoryId  : null
Input searchValue    : null
Input pageNumber     : 0
Input pageSize       : 200
Input dietaryType    : null
Input recommended    : null
Input token          : null
Fetching branch user from DB for branchId: 43
Branch user found. BranchUser ID: 43
---- Building JPA Specification ----
Predicate list initialized
Creating JOIN with branch
Creating LEFT JOIN with category
Creating LEFT JOIN with subcategory
Final predicate count: 4
====== getMenuItemsWithFilters() END ======
====== getMenuItemsWithFilters() START ======
Input branchId       : 43
Input categoryId     : null
Input subcategoryId  : null
Input searchValue    : null
Input pageNumber     : 0
Input pageSize       : 200
Input dietaryType    : null
Input recommended    : null
Input token          : null
Fetching branch user from DB for branchId: 43
Branch user found. BranchUser ID: 43
---- Building JPA Specification ----
Predicate list initialized
Creating JOIN with branch
Creating LEFT JOIN with category
Creating LEFT JOIN with subcategory
Final predicate count: 4
====== getMenuItemsWithFilters() END ======
====== getMenuItemsWithFilters() START ======
Input branchId       : 43
Input categoryId     : null
Input subcategoryId  : null
Input searchValue    : null
Input pageNumber     : 0
Input pageSize       : 200
Input dietaryType    : null
Input recommended    : null
Input token          : null
Fetching branch user from DB for branchId: 43
Branch user found. BranchUser ID: 43
---- Building JPA Specification ----
Predicate list initialized
Creating JOIN with branch
Creating LEFT JOIN with category
Creating LEFT JOIN with subcategory
Final predicate count: 4
====== getMenuItemsWithFilters() END ======
====== getMenuItemsWithFilters() START ======
Input branchId       : 43
Input categoryId     : null
Input subcategoryId  : null
Input searchValue    : null
Input pageNumber     : 0
Input pageSize       : 200
Input dietaryType    : null
Input recommended    : null
Input token          : null
Fetching branch user from DB for branchId: 43
Branch user found. BranchUser ID: 43
---- Building JPA Specification ----
Predicate list initialized
Creating JOIN with branch
Creating LEFT JOIN with category
Creating LEFT JOIN with subcategory
Final predicate count: 4
====== getMenuItemsWithFilters() END ======
====== getMenuItemsWithFilters() START ======
Input branchId       : 43
Input categoryId     : null
Input subcategoryId  : null
Input searchValue    : null
Input pageNumber     : 0
Input pageSize       : 200
Input dietaryType    : null
Input recommended    : null
Input token          : null
Fetching branch user from DB for branchId: 43
Branch user found. BranchUser ID: 43
---- Building JPA Specification ----
Predicate list initialized
Creating JOIN with branch
Creating LEFT JOIN with category
Creating LEFT JOIN with subcategory
Final predicate count: 4
====== getMenuItemsWithFilters() END ======
====== getMenuItemsWithFilters() START ======
Input branchId       : 43
Input categoryId     : null
Input subcategoryId  : null
Input searchValue    : null
Input pageNumber     : 0
Input pageSize       : 200
Input dietaryType    : null
Input recommended    : null
Input token          : null
Fetching branch user from DB for branchId: 43
Branch user found. BranchUser ID: 43
---- Building JPA Specification ----
Predicate list initialized
Creating JOIN with branch
Creating LEFT JOIN with category
Creating LEFT JOIN with subcategory
Final predicate count: 4
====== getMenuItemsWithFilters() END ======
====== getMenuItemsWithFilters() START ======
Input branchId       : 43
Input categoryId     : null
Input subcategoryId  : null
Input searchValue    : null
Input pageNumber     : 0
Input pageSize       : 200
Input dietaryType    : null
Input recommended    : null
Input token          : null
Fetching branch user from DB for branchId: 43
Branch user found. BranchUser ID: 43
---- Building JPA Specification ----
Predicate list initialized
Creating JOIN with branch
Creating LEFT JOIN with category
Creating LEFT JOIN with subcategory
Final predicate count: 4
====== getMenuItemsWithFilters() END ======
====== getMenuItemsWithFilters() START ======
Input branchId       : 43
Input categoryId     : null
Input subcategoryId  : null
Input searchValue    : null
Input pageNumber     : 0
Input pageSize       : 200
Input dietaryType    : null
Input recommended    : null
Input token          : null
Fetching branch user from DB for branchId: 43
Branch user found. BranchUser ID: 43
---- Building JPA Specification ----
Predicate list initialized
Creating JOIN with branch
Creating LEFT JOIN with category
Creating LEFT JOIN with subcategory
Final predicate count: 4
====== getMenuItemsWithFilters() END ======
====== getMenuItemsWithFilters() START ======
Input branchId       : 43
Input categoryId     : null
Input subcategoryId  : null
Input searchValue    : null
Input pageNumber     : 0
Input pageSize       : 200
Input dietaryType    : null
Input recommended    : null
Input token          : null
Fetching branch user from DB for branchId: 43
Branch user found. BranchUser ID: 43
---- Building JPA Specification ----
Predicate list initialized
Creating JOIN with branch
Creating LEFT JOIN with category
Creating LEFT JOIN with subcategory
Final predicate count: 4
====== getMenuItemsWithFilters() END ======
====== getMenuItemsWithFilters() START ======
Input branchId       : 43
Input categoryId     : null
Input subcategoryId  : null
Input searchValue    : null
Input pageNumber     : 0
Input pageSize       : 200
Input dietaryType    : null
Input recommended    : null
Input token          : null
Fetching branch user from DB for branchId: 43
Branch user found. BranchUser ID: 43
---- Building JPA Specification ----
Predicate list initialized
Creating JOIN with branch
Creating LEFT JOIN with category
Creating LEFT JOIN with subcategory
Final predicate count: 4
====== getMenuItemsWithFilters() END ======
====== getMenuItemsWithFilters() START ======
Input branchId       : 43
Input categoryId     : null
Input subcategoryId  : null
Input searchValue    : null
Input pageNumber     : 0
Input pageSize       : 200
Input dietaryType    : null
Input recommended    : null
Input token          : null
Fetching branch user from DB for branchId: 43
Branch user found. BranchUser ID: 43
---- Building JPA Specification ----
Predicate list initialized
Creating JOIN with branch
Creating LEFT JOIN with category
Creating LEFT JOIN with subcategory
Final predicate count: 4
====== getMenuItemsWithFilters() END ======
====== getMenuItemsWithFilters() START ======
Input branchId       : 43
Input categoryId     : null
Input subcategoryId  : null
Input searchValue    : null
Input pageNumber     : 0
Input pageSize       : 200
Input dietaryType    : null
Input recommended    : null
Input token          : null
Fetching branch user from DB for branchId: 43
Branch user found. BranchUser ID: 43
---- Building JPA Specification ----
Predicate list initialized
Creating JOIN with branch
Creating LEFT JOIN with category
Creating LEFT JOIN with subcategory
Final predicate count: 4
====== getMenuItemsWithFilters() END ======
====== getMenuItemsWithFilters() START ======
Input branchId       : 43
Input categoryId     : null
Input subcategoryId  : null
Input searchValue    : null
Input pageNumber     : 0
Input pageSize       : 200
Input dietaryType    : null
Input recommended    : null
Input token          : null
Fetching branch user from DB for branchId: 43
Branch user found. BranchUser ID: 43
---- Building JPA Specification ----
Predicate list initialized
Creating JOIN with branch
Creating LEFT JOIN with category
Creating LEFT JOIN with subcategory
Final predicate count: 4
====== getMenuItemsWithFilters() END ======
====== getMenuItemsWithFilters() START ======
Input branchId       : 43
Input categoryId     : null
Input subcategoryId  : null
Input searchValue    : null
Input pageNumber     : 0
Input pageSize       : 200
Input dietaryType    : null
Input recommended    : null
Input token          : null
Fetching branch user from DB for branchId: 43
Branch user found. BranchUser ID: 43
---- Building JPA Specification ----
Predicate list initialized
Creating JOIN with branch
Creating LEFT JOIN with category
Creating LEFT JOIN with subcategory
Final predicate count: 4
====== getMenuItemsWithFilters() END ======
====== getMenuItemsWithFilters() START ======
Input branchId       : 43
Input categoryId     : null
Input subcategoryId  : null
Input searchValue    : null
Input pageNumber     : 0
Input pageSize       : 200
Input dietaryType    : null
Input recommended    : null
Input token          : null
Fetching branch user from DB for branchId: 43
Branch user found. BranchUser ID: 43
---- Building JPA Specification ----
Predicate list initialized
Creating JOIN with branch
Creating LEFT JOIN with category
Creating LEFT JOIN with subcategory
Final predicate count: 4
====== getMenuItemsWithFilters() END ======
====== getMenuItemsWithFilters() START ======
Input branchId       : 43
Input categoryId     : null
Input subcategoryId  : null
Input searchValue    : null
Input pageNumber     : 0
Input pageSize       : 200
Input dietaryType    : null
Input recommended    : null
Input token          : null
Fetching branch user from DB for branchId: 43
Branch user found. BranchUser ID: 43
---- Building JPA Specification ----
Predicate list initialized
Creating JOIN with branch
Creating LEFT JOIN with category
Creating LEFT JOIN with subcategory
Final predicate count: 4
====== getMenuItemsWithFilters() END ======
====== getMenuItemsWithFilters() START ======
Input branchId       : 43
Input categoryId     : null
Input subcategoryId  : null
Input searchValue    : null
Input pageNumber     : 0
Input pageSize       : 200
Input dietaryType    : null
Input recommended    : null
Input token          : null
Fetching branch user from DB for branchId: 43
Branch user found. BranchUser ID: 43
---- Building JPA Specification ----
Predicate list initialized
Creating JOIN with branch
Creating LEFT JOIN with category
Creating LEFT JOIN with subcategory
Final predicate count: 4
====== getMenuItemsWithFilters() END ======
====== getMenuItemsWithFilters() START ======
Input branchId       : 43
Input categoryId     : null
Input subcategoryId  : null
Input searchValue    : null
Input pageNumber     : 0
Input pageSize       : 200
Input dietaryType    : null
Input recommended    : null
Input token          : null
Fetching branch user from DB for branchId: 43
Branch user found. BranchUser ID: 43
---- Building JPA Specification ----
Predicate list initialized
Creating JOIN with branch
Creating LEFT JOIN with category
Creating LEFT JOIN with subcategory
Final predicate count: 4
====== getMenuItemsWithFilters() END ======
====== getMenuItemsWithFilters() START ======
Input branchId       : 43
Input categoryId     : null
Input subcategoryId  : null
Input searchValue    : null
Input pageNumber     : 0
Input pageSize       : 200
Input dietaryType    : null
Input recommended    : null
Input token          : null
Fetching branch user from DB for branchId: 43
Branch user found. BranchUser ID: 43
---- Building JPA Specification ----
Predicate list initialized
Creating JOIN with branch
Creating LEFT JOIN with category
Creating LEFT JOIN with subcategory
Final predicate count: 4
====== getMenuItemsWithFilters() END ======
====== getMenuItemsWithFilters() START ======
Input branchId       : 43
Input categoryId     : null
Input subcategoryId  : null
Input searchValue    : null
Input pageNumber     : 0
Input pageSize       : 200
Input dietaryType    : null
Input recommended    : null
Input token          : null
Fetching branch user from DB for branchId: 43
Branch user found. BranchUser ID: 43
---- Building JPA Specification ----
Predicate list initialized
Creating JOIN with branch
Creating LEFT JOIN with category
Creating LEFT JOIN with subcategory
Final predicate count: 4
====== getMenuItemsWithFilters() END ======
====== getMenuItemsWithFilters() START ======
Input branchId       : 43
Input categoryId     : null
Input subcategoryId  : null
Input searchValue    : null
Input pageNumber     : 0
Input pageSize       : 200
Input dietaryType    : null
Input recommended    : null
Input token          : null
Fetching branch user from DB for branchId: 43
Branch user found. BranchUser ID: 43
---- Building JPA Specification ----
Predicate list initialized
Creating JOIN with branch
Creating LEFT JOIN with category
Creating LEFT JOIN with subcategory
Final predicate count: 4
====== getMenuItemsWithFilters() END ======
2026-07-10T04:33:46.849+05:30  WARN 25888 --- [RMS-Backend] [l-3:housekeeper] com.zaxxer.hikari.pool.HikariPool        : HikariPool-3 - Thread starvation or clock leap detected (housekeeper delta=2m53s238ms167탎800ns).
2026-07-10T04:33:46.988+05:30  WARN 25888 --- [RMS-Backend] [l-3:housekeeper] com.zaxxer.hikari.pool.PoolBase          : HikariPool-3 - Failed to validate connection org.postgresql.jdbc.PgConnection@251f6b74 (This connection has been closed.). Possibly consider using a shorter maxLifetime value.
2026-07-10T04:33:46.994+05:30  WARN 25888 --- [RMS-Backend] [l-3:housekeeper] com.zaxxer.hikari.pool.PoolBase          : HikariPool-3 - Failed to validate connection org.postgresql.jdbc.PgConnection@30bf53c6 (This connection has been closed.). Possibly consider using a shorter maxLifetime value.
2026-07-10T04:33:46.994+05:30  WARN 25888 --- [RMS-Backend] [l-3:housekeeper] com.zaxxer.hikari.pool.PoolBase          : HikariPool-3 - Failed to validate connection org.postgresql.jdbc.PgConnection@5a68c85b (This connection has been closed.). Possibly consider using a shorter maxLifetime value.
2026-07-10T04:33:46.996+05:30  WARN 25888 --- [RMS-Backend] [l-3:housekeeper] com.zaxxer.hikari.pool.PoolBase          : HikariPool-3 - Failed to validate connection org.postgresql.jdbc.PgConnection@48555809 (This connection has been closed.). Possibly consider using a shorter maxLifetime value.
2026-07-10T04:33:46.996+05:30  WARN 25888 --- [RMS-Backend] [l-3:housekeeper] com.zaxxer.hikari.pool.PoolBase          : HikariPool-3 - Failed to validate connection org.postgresql.jdbc.PgConnection@164fdebc (This connection has been closed.). Possibly consider using a shorter maxLifetime value.
2026-07-10T04:33:46.998+05:30  WARN 25888 --- [RMS-Backend] [l-3:housekeeper] com.zaxxer.hikari.pool.PoolBase          : HikariPool-3 - Failed to validate connection org.postgresql.jdbc.PgConnection@5c249ed0 (This connection has been closed.). Possibly consider using a shorter maxLifetime value.
2026-07-10T04:33:47.000+05:30  WARN 25888 --- [RMS-Backend] [l-3:housekeeper] com.zaxxer.hikari.pool.PoolBase          : HikariPool-3 - Failed to validate connection org.postgresql.jdbc.PgConnection@4092af1f (This connection has been closed.). Possibly consider using a shorter maxLifetime value.
2026-07-10T04:33:47.002+05:30  WARN 25888 --- [RMS-Backend] [l-3:housekeeper] com.zaxxer.hikari.pool.PoolBase          : HikariPool-3 - Failed to validate connection org.postgresql.jdbc.PgConnection@22e53214 (This connection has been closed.). Possibly consider using a shorter maxLifetime value.
2026-07-10T04:33:47.003+05:30  WARN 25888 --- [RMS-Backend] [l-3:housekeeper] com.zaxxer.hikari.pool.PoolBase          : HikariPool-3 - Failed to validate connection org.postgresql.jdbc.PgConnection@4a37b2ca (This connection has been closed.). Possibly consider using a shorter maxLifetime value.
2026-07-10T08:33:46.857+05:30  WARN 25888 --- [RMS-Backend] [onnection-adder] com.zaxxer.hikari.pool.PoolBase          : HikariPool-3 - Pool is empty, failed to create/setup connection (66f8f75c-c5a6-42a9-9a64-222313a5b3a0)

org.postgresql.util.PSQLException: The connection attempt failed.
	at org.postgresql.core.v3.ConnectionFactoryImpl.openConnectionImpl(ConnectionFactoryImpl.java:364) ~[postgresql-42.7.5.jar:42.7.5]
	at org.postgresql.core.ConnectionFactory.openConnection(ConnectionFactory.java:54) ~[postgresql-42.7.5.jar:42.7.5]
	at org.postgresql.jdbc.PgConnection.<init>(PgConnection.java:273) ~[postgresql-42.7.5.jar:42.7.5]
	at org.postgresql.Driver.makeConnection(Driver.java:446) ~[postgresql-42.7.5.jar:42.7.5]
	at org.postgresql.Driver.connect(Driver.java:298) ~[postgresql-42.7.5.jar:42.7.5]
	at com.zaxxer.hikari.util.DriverDataSource.getConnection(DriverDataSource.java:139) ~[HikariCP-6.3.0.jar:na]
	at com.zaxxer.hikari.pool.PoolBase.newConnection(PoolBase.java:368) ~[HikariCP-6.3.0.jar:na]
	at com.zaxxer.hikari.pool.PoolBase.newPoolEntry(PoolBase.java:205) ~[HikariCP-6.3.0.jar:na]
	at com.zaxxer.hikari.pool.HikariPool.createPoolEntry(HikariPool.java:483) ~[HikariCP-6.3.0.jar:na]
	at com.zaxxer.hikari.pool.HikariPool$PoolEntryCreator.call(HikariPool.java:747) ~[HikariCP-6.3.0.jar:na]
	at com.zaxxer.hikari.pool.HikariPool$PoolEntryCreator.call(HikariPool.java:726) ~[HikariCP-6.3.0.jar:na]
	at java.base/java.util.concurrent.FutureTask.run(FutureTask.java:264) ~[na:na]
	at java.base/java.util.concurrent.ThreadPoolExecutor.runWorker(ThreadPoolExecutor.java:1136) ~[na:na]
	at java.base/java.util.concurrent.ThreadPoolExecutor$Worker.run(ThreadPoolExecutor.java:635) ~[na:na]
	at java.base/java.lang.Thread.run(Thread.java:842) ~[na:na]
Caused by: java.net.UnknownHostException: db.wcjsezlljrxmnymoowjx.supabase.co
	at java.base/sun.nio.ch.NioSocketImpl.connect(NioSocketImpl.java:572) ~[na:na]
	at java.base/java.net.SocksSocketImpl.connect(SocksSocketImpl.java:327) ~[na:na]
	at java.base/java.net.Socket.connect(Socket.java:633) ~[na:na]
	at org.postgresql.core.PGStream.createSocket(PGStream.java:260) ~[postgresql-42.7.5.jar:42.7.5]
	at org.postgresql.core.PGStream.<init>(PGStream.java:121) ~[postgresql-42.7.5.jar:42.7.5]
	at org.postgresql.core.v3.ConnectionFactoryImpl.tryConnect(ConnectionFactoryImpl.java:140) ~[postgresql-42.7.5.jar:42.7.5]
	at org.postgresql.core.v3.ConnectionFactoryImpl.openConnectionImpl(ConnectionFactoryImpl.java:268) ~[postgresql-42.7.5.jar:42.7.5]
	... 14 common frames omitted

====== getMenuItemsWithFilters() START ======
Input branchId       : 4
Input categoryId     : null
Input subcategoryId  : null
Input searchValue    : null
Input pageNumber     : 0
Input pageSize       : 200
Input dietaryType    : null
Input recommended    : null
Input token          : null
Fetching branch user from DB for branchId: 4
Branch user found. BranchUser ID: 4
---- Building JPA Specification ----
Predicate list initialized
Creating JOIN with branch
Creating LEFT JOIN with category
Creating LEFT JOIN with subcategory
Final predicate count: 4
====== getMenuItemsWithFilters() END ======
====== getMenuItemsWithFilters() START ======
Input branchId       : 43
Input categoryId     : null
Input subcategoryId  : null
Input searchValue    : null
Input pageNumber     : 0
Input pageSize       : 200
Input dietaryType    : null
Input recommended    : null
Input token          : null
Fetching branch user from DB for branchId: 43
Branch user found. BranchUser ID: 43
---- Building JPA Specification ----
Predicate list initialized
Creating JOIN with branch
Creating LEFT JOIN with category
Creating LEFT JOIN with subcategory
Final predicate count: 4
====== getMenuItemsWithFilters() END ======
2026-07-10T11:37:01.904+05:30  WARN 25888 --- [RMS-Backend] [l-3:housekeeper] com.zaxxer.hikari.pool.HikariPool        : HikariPool-3 - Thread starvation or clock leap detected (housekeeper delta=7h3m16s749ms606탎400ns).
2026-07-10T12:17:57.751+05:30  WARN 25888 --- [RMS-Backend] [io-8091-exec-10] com.zaxxer.hikari.pool.PoolBase          : HikariPool-3 - Failed to validate connection org.postgresql.jdbc.PgConnection@1eb20a1c (This connection has been closed.). Possibly consider using a shorter maxLifetime value.
2026-07-10T12:17:57.852+05:30  WARN 25888 --- [RMS-Backend] [io-8091-exec-10] com.zaxxer.hikari.pool.PoolBase          : HikariPool-3 - Failed to validate connection org.postgresql.jdbc.PgConnection@667a772c (This connection has been closed.). Possibly consider using a shorter maxLifetime value.
2026-07-10T12:17:57.865+05:30  WARN 25888 --- [RMS-Backend] [io-8091-exec-10] com.zaxxer.hikari.pool.PoolBase          : HikariPool-3 - Failed to validate connection org.postgresql.jdbc.PgConnection@5a1e821f (This connection has been closed.). Possibly consider using a shorter maxLifetime value.
2026-07-10T12:17:57.875+05:30  WARN 25888 --- [RMS-Backend] [io-8091-exec-10] com.zaxxer.hikari.pool.PoolBase          : HikariPool-3 - Failed to validate connection org.postgresql.jdbc.PgConnection@54f281aa (This connection has been closed.). Possibly consider using a shorter maxLifetime value.
2026-07-10T12:17:57.877+05:30  WARN 25888 --- [RMS-Backend] [io-8091-exec-10] com.zaxxer.hikari.pool.PoolBase          : HikariPool-3 - Failed to validate connection org.postgresql.jdbc.PgConnection@14d5532c (This connection has been closed.). Possibly consider using a shorter maxLifetime value.
2026-07-10T12:17:57.879+05:30  WARN 25888 --- [RMS-Backend] [io-8091-exec-10] com.zaxxer.hikari.pool.PoolBase          : HikariPool-3 - Failed to validate connection org.postgresql.jdbc.PgConnection@21a3958d (This connection has been closed.). Possibly consider using a shorter maxLifetime value.
2026-07-10T12:17:57.882+05:30  WARN 25888 --- [RMS-Backend] [io-8091-exec-10] com.zaxxer.hikari.pool.PoolBase          : HikariPool-3 - Failed to validate connection org.postgresql.jdbc.PgConnection@f03e5dc (This connection has been closed.). Possibly consider using a shorter maxLifetime value.
2026-07-10T12:17:57.883+05:30  WARN 25888 --- [RMS-Backend] [io-8091-exec-10] com.zaxxer.hikari.pool.PoolBase          : HikariPool-3 - Failed to validate connection org.postgresql.jdbc.PgConnection@4f3cda47 (This connection has been closed.). Possibly consider using a shorter maxLifetime value.
2026-07-10T12:17:57.885+05:30  WARN 25888 --- [RMS-Backend] [io-8091-exec-10] com.zaxxer.hikari.pool.PoolBase          : HikariPool-3 - Failed to validate connection org.postgresql.jdbc.PgConnection@714eacbf (This connection has been closed.). Possibly consider using a shorter maxLifetime value.
2026-07-10T12:17:57.889+05:30  WARN 25888 --- [RMS-Backend] [io-8091-exec-10] com.zaxxer.hikari.pool.PoolBase          : HikariPool-3 - Failed to validate connection org.postgresql.jdbc.PgConnection@4c7c50e6 (This connection has been closed.). Possibly consider using a shorter maxLifetime value.
2026-07-10T12:17:59.511+05:30  WARN 25888 --- [RMS-Backend] [l-3:housekeeper] com.zaxxer.hikari.pool.HikariPool        : HikariPool-3 - Thread starvation or clock leap detected (housekeeper delta=25m58s656ms828탎800ns).
====== getMenuItemsWithFilters() START ======
Input branchId       : 43
Input categoryId     : null
Input subcategoryId  : null
Input searchValue    : null
Input pageNumber     : 0
Input pageSize       : 200
Input dietaryType    : null
Input recommended    : null
Input token          : null
Fetching branch user from DB for branchId: 43
Branch user found. BranchUser ID: 43
---- Building JPA Specification ----
Predicate list initialized
Creating JOIN with branch
Creating LEFT JOIN with category
Creating LEFT JOIN with subcategory
Final predicate count: 4
====== getMenuItemsWithFilters() END ======
====== getMenuItemsWithFilters() START ======
Input branchId       : 43
Input categoryId     : null
Input subcategoryId  : null
Input searchValue    : null
Input pageNumber     : 0
Input pageSize       : 200
Input dietaryType    : null
Input recommended    : null
Input token          : null
Fetching branch user from DB for branchId: 43
Branch user found. BranchUser ID: 43
---- Building JPA Specification ----
Predicate list initialized
Creating JOIN with branch
Creating LEFT JOIN with category
Creating LEFT JOIN with subcategory
Final predicate count: 4
====== getMenuItemsWithFilters() END ======
====== getMenuItemsWithFilters() START ======
Input branchId       : 43
Input categoryId     : null
Input subcategoryId  : null
Input searchValue    : null
Input pageNumber     : 0
Input pageSize       : 200
Input dietaryType    : null
Input recommended    : null
Input token          : null
Fetching branch user from DB for branchId: 43
Branch user found. BranchUser ID: 43
---- Building JPA Specification ----
Predicate list initialized
Creating JOIN with branch
Creating LEFT JOIN with category
Creating LEFT JOIN with subcategory
Final predicate count: 4
====== getMenuItemsWithFilters() END ======
2026-07-10T12:23:41.219+05:30  WARN 25888 --- [RMS-Backend] [l-3:housekeeper] com.zaxxer.hikari.pool.PoolBase          : HikariPool-3 - Failed to validate connection org.postgresql.jdbc.PgConnection@329d7742 (This connection has been closed.). Possibly consider using a shorter maxLifetime value.
2026-07-10T12:23:51.253+05:30  WARN 25888 --- [RMS-Backend] [l-3:housekeeper] com.zaxxer.hikari.pool.PoolBase          : HikariPool-3 - Failed to validate connection org.postgresql.jdbc.PgConnection@6c5c273b (This connection has been closed.). Possibly consider using a shorter maxLifetime value.
2026-07-10T12:24:05.259+05:30  WARN 25888 --- [RMS-Backend] [l-3:housekeeper] com.zaxxer.hikari.pool.PoolBase          : HikariPool-3 - Failed to validate connection org.postgresql.jdbc.PgConnection@42f43adc (This connection has been closed.). Possibly consider using a shorter maxLifetime value.
2026-07-10T12:24:07.621+05:30  WARN 25888 --- [RMS-Backend] [l-3:housekeeper] com.zaxxer.hikari.pool.PoolBase          : HikariPool-3 - Failed to validate connection org.postgresql.jdbc.PgConnection@76a31297 (This connection has been closed.). Possibly consider using a shorter maxLifetime value.
2026-07-10T12:24:07.625+05:30  WARN 25888 --- [RMS-Backend] [l-3:housekeeper] com.zaxxer.hikari.pool.PoolBase          : HikariPool-3 - Failed to validate connection org.postgresql.jdbc.PgConnection@1562e445 (This connection has been closed.). Possibly consider using a shorter maxLifetime value.
====== getMenuItemsWithFilters() START ======
Input branchId       : 43
Input categoryId     : null
Input subcategoryId  : null
Input searchValue    : null
Input pageNumber     : 0
Input pageSize       : 200
Input dietaryType    : null
Input recommended    : null
Input token          : null
Fetching branch user from DB for branchId: 43
2026-07-10T12:24:12.647+05:30  WARN 25888 --- [RMS-Backend] [nio-8091-exec-3] com.zaxxer.hikari.pool.PoolBase          : HikariPool-3 - Failed to validate connection org.postgresql.jdbc.PgConnection@60e9cc84 (This connection has been closed.). Possibly consider using a shorter maxLifetime value.
2026-07-10T12:24:12.647+05:30  WARN 25888 --- [RMS-Backend] [nio-8091-exec-5] com.zaxxer.hikari.pool.PoolBase          : HikariPool-3 - Failed to validate connection org.postgresql.jdbc.PgConnection@53ee05d3 (This connection has been closed.). Possibly consider using a shorter maxLifetime value.
2026-07-10T12:24:12.650+05:30  WARN 25888 --- [RMS-Backend] [nio-8091-exec-5] com.zaxxer.hikari.pool.PoolBase          : HikariPool-3 - Failed to validate connection org.postgresql.jdbc.PgConnection@6b669625 (This connection has been closed.). Possibly consider using a shorter maxLifetime value.
2026-07-10T12:24:12.650+05:30  WARN 25888 --- [RMS-Backend] [nio-8091-exec-3] com.zaxxer.hikari.pool.PoolBase          : HikariPool-3 - Failed to validate connection org.postgresql.jdbc.PgConnection@3e16ccff (This connection has been closed.). Possibly consider using a shorter maxLifetime value.
2026-07-10T12:24:12.654+05:30  WARN 25888 --- [RMS-Backend] [nio-8091-exec-4] com.zaxxer.hikari.pool.PoolBase          : HikariPool-3 - Failed to validate connection org.postgresql.jdbc.PgConnection@68fd773a (This connection has been closed.). Possibly consider using a shorter maxLifetime value.
====== getMenuItemsWithFilters() START ======
Input branchId       : 4
Input categoryId     : null
Input subcategoryId  : null
Input searchValue    : null
Input pageNumber     : 0
Input pageSize       : 200
Input dietaryType    : null
Input recommended    : null
Input token          : null
Fetching branch user from DB for branchId: 4
2026-07-10T12:24:42.895+05:30  WARN 25888 --- [RMS-Backend] [nio-8091-exec-4] o.h.engine.jdbc.spi.SqlExceptionHelper   : SQL Error: 0, SQLState: 08001
2026-07-10T12:24:42.895+05:30  WARN 25888 --- [RMS-Backend] [nio-8091-exec-3] o.h.engine.jdbc.spi.SqlExceptionHelper   : SQL Error: 0, SQLState: 08001
2026-07-10T12:24:42.895+05:30  WARN 25888 --- [RMS-Backend] [nio-8091-exec-5] o.h.engine.jdbc.spi.SqlExceptionHelper   : SQL Error: 0, SQLState: 08001
2026-07-10T12:24:42.895+05:30 ERROR 25888 --- [RMS-Backend] [nio-8091-exec-3] o.h.engine.jdbc.spi.SqlExceptionHelper   : HikariPool-3 - Connection is not available, request timed out after 30054ms (total=0, active=0, idle=0, waiting=2)
2026-07-10T12:24:42.895+05:30 ERROR 25888 --- [RMS-Backend] [nio-8091-exec-5] o.h.engine.jdbc.spi.SqlExceptionHelper   : HikariPool-3 - Connection is not available, request timed out after 30058ms (total=0, active=0, idle=0, waiting=2)
2026-07-10T12:24:42.895+05:30 ERROR 25888 --- [RMS-Backend] [nio-8091-exec-4] o.h.engine.jdbc.spi.SqlExceptionHelper   : HikariPool-3 - Connection is not available, request timed out after 30049ms (total=0, active=0, idle=0, waiting=2)
2026-07-10T12:24:42.895+05:30 ERROR 25888 --- [RMS-Backend] [nio-8091-exec-3] o.h.engine.jdbc.spi.SqlExceptionHelper   : The connection attempt failed.
2026-07-10T12:24:42.895+05:30 ERROR 25888 --- [RMS-Backend] [nio-8091-exec-4] o.h.engine.jdbc.spi.SqlExceptionHelper   : The connection attempt failed.
2026-07-10T12:24:42.895+05:30 ERROR 25888 --- [RMS-Backend] [nio-8091-exec-5] o.h.engine.jdbc.spi.SqlExceptionHelper   : The connection attempt failed.
org.springframework.dao.DataAccessResourceFailureException: Unable to acquire JDBC Connection [HikariPool-3 - Connection is not available, request timed out after 30049ms (total=0, active=0, idle=0, waiting=2)] [n/a]
	at org.springframework.orm.jpa.vendor.HibernateJpaDialect.convertHibernateAccessException(HibernateJpaDialect.java:278)
	at org.springframework.orm.jpa.vendor.HibernateJpaDialect.convertHibernateAccessException(HibernateJpaDialect.java:256)
	at org.springframework.orm.jpa.vendor.HibernateJpaDialect.translateExceptionIfPossible(HibernateJpaDialect.java:241)
	at org.springframework.orm.jpa.AbstractEntityManagerFactoryBean.translateExceptionIfPossible(AbstractEntityManagerFactoryBean.java:560)
	at org.springframework.dao.support.ChainedPersistenceExceptionTranslator.translateExceptionIfPossible(ChainedPersistenceExceptionTranslator.java:61)
	at org.springframework.dao.support.DataAccessUtils.translateIfNecessary(DataAccessUtils.java:343)
	at org.springframework.dao.support.PersistenceExceptionTranslationInterceptor.invoke(PersistenceExceptionTranslationInterceptor.java:160)
	at org.springframework.aop.framework.ReflectiveMethodInvocation.proceed(ReflectiveMethodInvocation.java:184)
	at org.springframework.data.jpa.repository.support.CrudMethodMetadataPostProcessor$CrudMethodMetadataPopulatingMethodInterceptor.invoke(CrudMethodMetadataPostProcessor.java:136)
	at org.springframework.aop.framework.ReflectiveMethodInvocation.proceed(ReflectiveMethodInvocation.java:184)
	at org.springframework.aop.framework.JdkDynamicAopProxy.invoke(JdkDynamicAopProxy.java:223)
	at jdk.proxy6/jdk.proxy6.$Proxy237.findByDomainUrl(Unknown Source)
	at com.rms.modules.customer.controllers.CustRestaurantBranchController.resolveTenantRestaurantId(CustRestaurantBranchController.java:136)
	at com.rms.modules.customer.controllers.CustRestaurantBranchController.getPublicActiveBranches(CustRestaurantBranchController.java:70)
	at jdk.internal.reflect.GeneratedMethodAccessor319.invoke(Unknown Source)
	at java.base/jdk.internal.reflect.DelegatingMethodAccessorImpl.invoke(DelegatingMethodAccessorImpl.java:43)
	at java.base/java.lang.reflect.Method.invoke(Method.java:568)
	at org.springframework.web.method.support.InvocableHandlerMethod.doInvoke(InvocableHandlerMethod.java:258)
	at org.springframework.web.method.support.InvocableHandlerMethod.invokeForRequest(InvocableHandlerMethod.java:191)
	at org.springframework.web.servlet.mvc.method.annotation.ServletInvocableHandlerMethod.invokeAndHandle(ServletInvocableHandlerMethod.java:118)
	at org.springframework.web.servlet.mvc.method.annotation.RequestMappingHandlerAdapter.invokeHandlerMethod(RequestMappingHandlerAdapter.java:986)
	at org.springframework.web.servlet.mvc.method.annotation.RequestMappingHandlerAdapter.handleInternal(RequestMappingHandlerAdapter.java:891)
	at org.springframework.web.servlet.mvc.method.AbstractHandlerMethodAdapter.handle(AbstractHandlerMethodAdapter.java:87)
	at org.springframework.web.servlet.DispatcherServlet.doDispatch(DispatcherServlet.java:1089)
	at org.springframework.web.servlet.DispatcherServlet.doService(DispatcherServlet.java:979)
	at org.springframework.web.servlet.FrameworkServlet.processRequest(FrameworkServlet.java:1014)
	at org.springframework.web.servlet.FrameworkServlet.doGet(FrameworkServlet.java:903)
	at jakarta.servlet.http.HttpServlet.service(HttpServlet.java:564)
	at org.springframework.web.servlet.FrameworkServlet.service(FrameworkServlet.java:885)
	at jakarta.servlet.http.HttpServlet.service(HttpServlet.java:658)
	at org.apache.catalina.core.ApplicationFilterChain.internalDoFilter(ApplicationFilterChain.java:195)
	at org.apache.catalina.core.ApplicationFilterChain.doFilter(ApplicationFilterChain.java:140)
	at org.apache.tomcat.websocket.server.WsFilter.doFilter(WsFilter.java:51)
	at org.apache.catalina.core.ApplicationFilterChain.internalDoFilter(ApplicationFilterChain.java:164)
	at org.apache.catalina.core.ApplicationFilterChain.doFilter(ApplicationFilterChain.java:140)
	at org.springframework.web.filter.RequestContextFilter.doFilterInternal(RequestContextFilter.java:100)
	at org.springframework.web.filter.OncePerRequestFilter.doFilter(OncePerRequestFilter.java:116)
	at org.apache.catalina.core.ApplicationFilterChain.internalDoFilter(ApplicationFilterChain.java:164)
	at org.apache.catalina.core.ApplicationFilterChain.doFilter(ApplicationFilterChain.java:140)
	at org.springframework.web.filter.FormContentFilter.doFilterInternal(FormContentFilter.java:93)
	at org.springframework.web.filter.OncePerRequestFilter.doFilter(OncePerRequestFilter.java:116)
	at org.apache.catalina.core.ApplicationFilterChain.internalDoFilter(ApplicationFilterChain.java:164)
	at org.apache.catalina.core.ApplicationFilterChain.doFilter(ApplicationFilterChain.java:140)
	at org.springframework.web.filter.CharacterEncodingFilter.doFilterInternal(CharacterEncodingFilter.java:201)
	at org.springframework.web.filter.OncePerRequestFilter.doFilter(OncePerRequestFilter.java:116)
	at org.apache.catalina.core.ApplicationFilterChain.internalDoFilter(ApplicationFilterChain.java:164)
	at org.apache.catalina.core.ApplicationFilterChain.doFilter(ApplicationFilterChain.java:140)
	at org.apache.catalina.core.StandardWrapperValve.invoke(StandardWrapperValve.java:167)
	at org.apache.catalina.core.StandardContextValve.invoke(StandardContextValve.java:90)
	at org.apache.catalina.authenticator.AuthenticatorBase.invoke(AuthenticatorBase.java:483)
	at org.apache.catalina.core.StandardHostValve.invoke(StandardHostValve.java:116)
	at org.apache.catalina.valves.ErrorReportValve.invoke(ErrorReportValve.java:93)
	at org.apache.catalina.core.StandardEngineValve.invoke(StandardEngineValve.java:74)
	at org.apache.catalina.connector.CoyoteAdapter.service(CoyoteAdapter.java:344)
	at org.apache.coyote.http11.Http11Processor.service(Http11Processor.java:398)
	at org.apache.coyote.AbstractProcessorLight.process(AbstractProcessorLight.java:63)
	at org.apache.coyote.AbstractProtocol$ConnectionHandler.process(AbstractProtocol.java:903)
	at org.apache.tomcat.util.net.NioEndpoint$SocketProcessor.doRun(NioEndpoint.java:1740)
	at org.apache.tomcat.util.net.SocketProcessorBase.run(SocketProcessorBase.java:52)
	at org.apache.tomcat.util.threads.ThreadPoolExecutor.runWorker(ThreadPoolExecutor.java:1189)
	at org.apache.tomcat.util.threads.ThreadPoolExecutor$Worker.run(ThreadPoolExecutor.java:658)
	at org.apache.tomcat.util.threads.TaskThread$WrappingRunnable.run(TaskThread.java:63)
	at java.base/java.lang.Thread.run(Thread.java:842)
Caused by: org.hibernate.exception.JDBCConnectionException: Unable to acquire JDBC Connection [HikariPool-3 - Connection is not available, request timed out after 30049ms (total=0, active=0, idle=0, waiting=2)] [n/a]
	at org.hibernate.exception.internal.SQLExceptionTypeDelegate.convert(SQLExceptionTypeDelegate.java:51)
	at org.hibernate.exception.internal.StandardSQLExceptionConverter.convert(StandardSQLExceptionConverter.java:58)
	at org.hibernate.engine.jdbc.spi.SqlExceptionHelper.convert(SqlExceptionHelper.java:108)
	at org.hibernate.engine.jdbc.spi.SqlExceptionHelper.convert(SqlExceptionHelper.java:94)
	at org.hibernate.resource.jdbc.internal.LogicalConnectionManagedImpl.acquireConnectionIfNeeded(LogicalConnectionManagedImpl.java:129)
	at org.hibernate.resource.jdbc.internal.LogicalConnectionManagedImpl.getPhysicalConnection(LogicalConnectionManagedImpl.java:156)
	at org.hibernate.engine.jdbc.internal.StatementPreparerImpl.connection(StatementPreparerImpl.java:56)
	at org.hibernate.engine.jdbc.internal.StatementPreparerImpl$4.doPrepare(StatementPreparerImpl.java:151)
	at org.hibernate.engine.jdbc.internal.StatementPreparerImpl$StatementPreparationTemplate.prepareStatement(StatementPreparerImpl.java:180)
	at org.hibernate.engine.jdbc.internal.StatementPreparerImpl.prepareQueryStatement(StatementPreparerImpl.java:153)
	at org.hibernate.sql.exec.internal.StandardStatementCreator.createStatement(StandardStatementCreator.java:49)
	at org.hibernate.sql.results.jdbc.internal.DeferredResultSetAccess.executeQuery(DeferredResultSetAccess.java:235)
	at org.hibernate.sql.results.jdbc.internal.DeferredResultSetAccess.getResultSet(DeferredResultSetAccess.java:171)
	at org.hibernate.sql.results.jdbc.internal.JdbcValuesResultSetImpl.<init>(JdbcValuesResultSetImpl.java:74)
	at org.hibernate.sql.exec.internal.JdbcSelectExecutorStandardImpl.resolveJdbcValuesSource(JdbcSelectExecutorStandardImpl.java:355)
	at org.hibernate.sql.exec.internal.JdbcSelectExecutorStandardImpl.doExecuteQuery(JdbcSelectExecutorStandardImpl.java:137)
	at org.hibernate.sql.exec.internal.JdbcSelectExecutorStandardImpl.executeQuery(JdbcSelectExecutorStandardImpl.java:102)
	at org.hibernate.sql.exec.spi.JdbcSelectExecutor.executeQuery(JdbcSelectExecutor.java:91)
	at org.hibernate.sql.exec.spi.JdbcSelectExecutor.list(JdbcSelectExecutor.java:165)
	at org.hibernate.query.sqm.internal.ConcreteSqmSelectQueryPlan.lambda$new$1(ConcreteSqmSelectQueryPlan.java:152)
	at org.hibernate.query.sqm.internal.ConcreteSqmSelectQueryPlan.withCacheableSqmInterpretation(ConcreteSqmSelectQueryPlan.java:442)
	at org.hibernate.query.sqm.internal.ConcreteSqmSelectQueryPlan.performList(ConcreteSqmSelectQueryPlan.java:362)
	at org.hibernate.query.sqm.internal.QuerySqmImpl.doList(QuerySqmImpl.java:380)
	at org.hibernate.query.spi.AbstractSelectionQuery.list(AbstractSelectionQuery.java:143)
	at org.hibernate.query.spi.AbstractSelectionQuery.getSingleResult(AbstractSelectionQuery.java:275)
	at org.springframework.data.jpa.repository.query.JpaQueryExecution$SingleEntityExecution.doExecute(JpaQueryExecution.java:224)
	at org.springframework.data.jpa.repository.query.JpaQueryExecution.execute(JpaQueryExecution.java:93)
	at org.springframework.data.jpa.repository.query.AbstractJpaQuery.doExecute(AbstractJpaQuery.java:159)
	at org.springframework.data.jpa.repository.query.AbstractJpaQuery.execute(AbstractJpaQuery.java:147)
	at org.springframework.data.repository.core.support.RepositoryMethodInvoker.doInvoke(RepositoryMethodInvoker.java:170)
	at org.springframework.data.repository.core.support.RepositoryMethodInvoker.invoke(RepositoryMethodInvoker.java:158)
	at org.springframework.data.repository.core.support.QueryExecutorMethodInterceptor.doInvoke(QueryExecutorMethodInterceptor.java:170)
	at org.springframework.data.repository.core.support.QueryExecutorMethodInterceptor.invoke(QueryExecutorMethodInterceptor.java:149)
	at org.springframework.aop.framework.ReflectiveMethodInvocation.proceed(ReflectiveMethodInvocation.java:184)
	at org.springframework.data.projection.DefaultMethodInvokingMethodInterceptor.invoke(DefaultMethodInvokingMethodInterceptor.java:69)
	at org.springframework.aop.framework.ReflectiveMethodInvocation.proceed(ReflectiveMethodInvocation.java:184)
	at org.springframework.transaction.interceptor.TransactionAspectSupport.invokeWithinTransaction(TransactionAspectSupport.java:380)
	at org.springframework.transaction.interceptor.TransactionInterceptor.invoke(TransactionInterceptor.java:119)
	at org.springframework.aop.framework.ReflectiveMethodInvocation.proceed(ReflectiveMethodInvocation.java:184)
	at org.springframework.dao.support.PersistenceExceptionTranslationInterceptor.invoke(PersistenceExceptionTranslationInterceptor.java:138)
	... 56 more
Caused by: java.sql.SQLTransientConnectionException: HikariPool-3 - Connection is not available, request timed out after 30049ms (total=0, active=0, idle=0, waiting=2)
	at com.zaxxer.hikari.pool.HikariPool.createTimeoutException(HikariPool.java:709)
	at com.zaxxer.hikari.pool.HikariPool.getConnection(HikariPool.java:188)
	at com.zaxxer.hikari.pool.HikariPool.getConnection(HikariPool.java:146)
	at com.zaxxer.hikari.HikariDataSource.getConnection(HikariDataSource.java:127)
	at org.hibernate.engine.jdbc.connections.internal.DatasourceConnectionProviderImpl.getConnection(DatasourceConnectionProviderImpl.java:126)
	at org.hibernate.internal.NonContextualJdbcConnectionAccess.obtainConnection(NonContextualJdbcConnectionAccess.java:46)
	at org.hibernate.resource.jdbc.internal.LogicalConnectionManagedImpl.acquireConnectionIfNeeded(LogicalConnectionManagedImpl.java:126)
	... 91 more
Caused by: org.postgresql.util.PSQLException: The connection attempt failed.
	at org.postgresql.core.v3.ConnectionFactoryImpl.openConnectionImpl(ConnectionFactoryImpl.java:364)
	at org.postgresql.core.ConnectionFactory.openConnection(ConnectionFactory.java:54)
	at org.postgresql.jdbc.PgConnection.<init>(PgConnection.java:273)
	at org.postgresql.Driver.makeConnection(Driver.java:446)
	at org.postgresql.Driver.connect(Driver.java:298)
	at com.zaxxer.hikari.util.DriverDataSource.getConnection(DriverDataSource.java:139)
	at com.zaxxer.hikari.pool.PoolBase.newConnection(PoolBase.java:368)
	at com.zaxxer.hikari.pool.PoolBase.newPoolEntry(PoolBase.java:205)
	at com.zaxxer.hikari.pool.HikariPool.createPoolEntry(HikariPool.java:483)
	at com.zaxxer.hikari.pool.HikariPool$PoolEntryCreator.call(HikariPool.java:747)
	at com.zaxxer.hikari.pool.HikariPool$PoolEntryCreator.call(HikariPool.java:726)
	at java.base/java.util.concurrent.FutureTask.run(FutureTask.java:264)
	at java.base/java.util.concurrent.ThreadPoolExecutor.runWorker(ThreadPoolExecutor.java:1136)
	at java.base/java.util.concurrent.ThreadPoolExecutor$Worker.run(ThreadPoolExecutor.java:635)
	... 1 more
Caused by: java.net.UnknownHostException: db.wcjsezlljrxmnymoowjx.supabase.co
	at java.base/sun.nio.ch.NioSocketImpl.connect(NioSocketImpl.java:572)
	at java.base/java.net.SocksSocketImpl.connect(SocksSocketImpl.java:327)
	at java.base/java.net.Socket.connect(Socket.java:633)
	at org.postgresql.core.PGStream.createSocket(PGStream.java:260)
	at org.postgresql.core.PGStream.<init>(PGStream.java:121)
	at org.postgresql.core.v3.ConnectionFactoryImpl.tryConnect(ConnectionFactoryImpl.java:140)
	at org.postgresql.core.v3.ConnectionFactoryImpl.openConnectionImpl(ConnectionFactoryImpl.java:268)
	... 14 more
org.springframework.transaction.CannotCreateTransactionException: Could not open JPA EntityManager for transaction
	at org.springframework.orm.jpa.JpaTransactionManager.doBegin(JpaTransactionManager.java:466)
	at org.springframework.transaction.support.AbstractPlatformTransactionManager.startTransaction(AbstractPlatformTransactionManager.java:532)
	at org.springframework.transaction.support.AbstractPlatformTransactionManager.getTransaction(AbstractPlatformTransactionManager.java:405)
	at org.springframework.transaction.interceptor.TransactionAspectSupport.createTransactionIfNecessary(TransactionAspectSupport.java:639)
	at org.springframework.transaction.interceptor.TransactionAspectSupport.invokeWithinTransaction(TransactionAspectSupport.java:374)
	at org.springframework.transaction.interceptor.TransactionInterceptor.invoke(TransactionInterceptor.java:119)
	at org.springframework.aop.framework.ReflectiveMethodInvocation.proceed(ReflectiveMethodInvocation.java:184)
	at org.springframework.dao.support.PersistenceExceptionTranslationInterceptor.invoke(PersistenceExceptionTranslationInterceptor.java:138)
	at org.springframework.aop.framework.ReflectiveMethodInvocation.proceed(ReflectiveMethodInvocation.java:184)
	at org.springframework.data.jpa.repository.support.CrudMethodMetadataPostProcessor$CrudMethodMetadataPopulatingMethodInterceptor.invoke(CrudMethodMetadataPostProcessor.java:165)
	at org.springframework.aop.framework.ReflectiveMethodInvocation.proceed(ReflectiveMethodInvocation.java:184)
	at org.springframework.aop.framework.JdkDynamicAopProxy.invoke(JdkDynamicAopProxy.java:223)
	at jdk.proxy6/jdk.proxy6.$Proxy240.findAll(Unknown Source)
	at com.rms.modules.customer.services.CustMenuCategoryService.getMenuCategoriesWithFilters(CustMenuCategoryService.java:179)
	at com.rms.modules.customer.controllers.CustMenuCategoryController.getMenuItemsWithFiltersPublic(CustMenuCategoryController.java:54)
	at jdk.internal.reflect.GeneratedMethodAccessor320.invoke(Unknown Source)
	at java.base/jdk.internal.reflect.DelegatingMethodAccessorImpl.invoke(DelegatingMethodAccessorImpl.java:43)
	at java.base/java.lang.reflect.Method.invoke(Method.java:568)
	at org.springframework.web.method.support.InvocableHandlerMethod.doInvoke(InvocableHandlerMethod.java:258)
	at org.springframework.web.method.support.InvocableHandlerMethod.invokeForRequest(InvocableHandlerMethod.java:191)
	at org.springframework.web.servlet.mvc.method.annotation.ServletInvocableHandlerMethod.invokeAndHandle(ServletInvocableHandlerMethod.java:118)
	at org.springframework.web.servlet.mvc.method.annotation.RequestMappingHandlerAdapter.invokeHandlerMethod(RequestMappingHandlerAdapter.java:986)
	at org.springframework.web.servlet.mvc.method.annotation.RequestMappingHandlerAdapter.handleInternal(RequestMappingHandlerAdapter.java:891)
	at org.springframework.web.servlet.mvc.method.AbstractHandlerMethodAdapter.handle(AbstractHandlerMethodAdapter.java:87)
	at org.springframework.web.servlet.DispatcherServlet.doDispatch(DispatcherServlet.java:1089)
	at org.springframework.web.servlet.DispatcherServlet.doService(DispatcherServlet.java:979)
	at org.springframework.web.servlet.FrameworkServlet.processRequest(FrameworkServlet.java:1014)
	at org.springframework.web.servlet.FrameworkServlet.doGet(FrameworkServlet.java:903)
	at jakarta.servlet.http.HttpServlet.service(HttpServlet.java:564)
	at org.springframework.web.servlet.FrameworkServlet.service(FrameworkServlet.java:885)
	at jakarta.servlet.http.HttpServlet.service(HttpServlet.java:658)
	at org.apache.catalina.core.ApplicationFilterChain.internalDoFilter(ApplicationFilterChain.java:195)
	at org.apache.catalina.core.ApplicationFilterChain.doFilter(ApplicationFilterChain.java:140)
	at org.apache.tomcat.websocket.server.WsFilter.doFilter(WsFilter.java:51)
	at org.apache.catalina.core.ApplicationFilterChain.internalDoFilter(ApplicationFilterChain.java:164)
	at org.apache.catalina.core.ApplicationFilterChain.doFilter(ApplicationFilterChain.java:140)
	at org.springframework.web.filter.RequestContextFilter.doFilterInternal(RequestContextFilter.java:100)
	at org.springframework.web.filter.OncePerRequestFilter.doFilter(OncePerRequestFilter.java:116)
	at org.apache.catalina.core.ApplicationFilterChain.internalDoFilter(ApplicationFilterChain.java:164)
	at org.apache.catalina.core.ApplicationFilterChain.doFilter(ApplicationFilterChain.java:140)
	at org.springframework.web.filter.FormContentFilter.doFilterInternal(FormContentFilter.java:93)
	at org.springframework.web.filter.OncePerRequestFilter.doFilter(OncePerRequestFilter.java:116)
	at org.apache.catalina.core.ApplicationFilterChain.internalDoFilter(ApplicationFilterChain.java:164)
	at org.apache.catalina.core.ApplicationFilterChain.doFilter(ApplicationFilterChain.java:140)
	at org.springframework.web.filter.CharacterEncodingFilter.doFilterInternal(CharacterEncodingFilter.java:201)
	at org.springframework.web.filter.OncePerRequestFilter.doFilter(OncePerRequestFilter.java:116)
	at org.apache.catalina.core.ApplicationFilterChain.internalDoFilter(ApplicationFilterChain.java:164)
	at org.apache.catalina.core.ApplicationFilterChain.doFilter(ApplicationFilterChain.java:140)
	at org.apache.catalina.core.StandardWrapperValve.invoke(StandardWrapperValve.java:167)
	at org.apache.catalina.core.StandardContextValve.invoke(StandardContextValve.java:90)
	at org.apache.catalina.authenticator.AuthenticatorBase.invoke(AuthenticatorBase.java:483)
	at org.apache.catalina.core.StandardHostValve.invoke(StandardHostValve.java:116)
	at org.apache.catalina.valves.ErrorReportValve.invoke(ErrorReportValve.java:93)
	at org.apache.catalina.core.StandardEngineValve.invoke(StandardEngineValve.java:74)
	at org.apache.catalina.connector.CoyoteAdapter.service(CoyoteAdapter.java:344)
	at org.apache.coyote.http11.Http11Processor.service(Http11Processor.java:398)
	at org.apache.coyote.AbstractProcessorLight.process(AbstractProcessorLight.java:63)
	at org.apache.coyote.AbstractProtocol$ConnectionHandler.process(AbstractProtocol.java:903)
	at org.apache.tomcat.util.net.NioEndpoint$SocketProcessor.doRun(NioEndpoint.java:1740)
	at org.apache.tomcat.util.net.SocketProcessorBase.run(SocketProcessorBase.java:52)
	at org.apache.tomcat.util.threads.ThreadPoolExecutor.runWorker(ThreadPoolExecutor.java:1189)
	at org.apache.tomcat.util.threads.ThreadPoolExecutor$Worker.run(ThreadPoolExecutor.java:658)
	at org.apache.tomcat.util.threads.TaskThread$WrappingRunnable.run(TaskThread.java:63)
	at java.base/java.lang.Thread.run(Thread.java:842)
Caused by: org.hibernate.exception.JDBCConnectionException: Unable to acquire JDBC Connection [HikariPool-3 - Connection is not available, request timed out after 30054ms (total=0, active=0, idle=0, waiting=2)] [n/a]
	at org.hibernate.exception.internal.SQLExceptionTypeDelegate.convert(SQLExceptionTypeDelegate.java:51)
	at org.hibernate.exception.internal.StandardSQLExceptionConverter.convert(StandardSQLExceptionConverter.java:58)
	at org.hibernate.engine.jdbc.spi.SqlExceptionHelper.convert(SqlExceptionHelper.java:108)
	at org.hibernate.engine.jdbc.spi.SqlExceptionHelper.convert(SqlExceptionHelper.java:94)
	at org.hibernate.resource.jdbc.internal.LogicalConnectionManagedImpl.acquireConnectionIfNeeded(LogicalConnectionManagedImpl.java:129)
	at org.hibernate.resource.jdbc.internal.LogicalConnectionManagedImpl.getPhysicalConnection(LogicalConnectionManagedImpl.java:156)
	at org.springframework.orm.jpa.vendor.HibernateJpaDialect.beginTransaction(HibernateJpaDialect.java:164)
	at org.springframework.orm.jpa.JpaTransactionManager.doBegin(JpaTransactionManager.java:420)
	... 63 more
Caused by: java.sql.SQLTransientConnectionException: HikariPool-3 - Connection is not available, request timed out after 30054ms (total=0, active=0, idle=0, waiting=2)
	at com.zaxxer.hikari.pool.HikariPool.createTimeoutException(HikariPool.java:709)
	at com.zaxxer.hikari.pool.HikariPool.getConnection(HikariPool.java:188)
	at com.zaxxer.hikari.pool.HikariPool.getConnection(HikariPool.java:146)
	at com.zaxxer.hikari.HikariDataSource.getConnection(HikariDataSource.java:127)
	at org.hibernate.engine.jdbc.connections.internal.DatasourceConnectionProviderImpl.getConnection(DatasourceConnectionProviderImpl.java:126)
	at org.hibernate.internal.NonContextualJdbcConnectionAccess.obtainConnection(NonContextualJdbcConnectionAccess.java:46)
	at org.hibernate.resource.jdbc.internal.LogicalConnectionManagedImpl.acquireConnectionIfNeeded(LogicalConnectionManagedImpl.java:126)
	... 66 more
Caused by: org.postgresql.util.PSQLException: The connection attempt failed.
	at org.postgresql.core.v3.ConnectionFactoryImpl.openConnectionImpl(ConnectionFactoryImpl.java:364)
	at org.postgresql.core.ConnectionFactory.openConnection(ConnectionFactory.java:54)
	at org.postgresql.jdbc.PgConnection.<init>(PgConnection.java:273)
	at org.postgresql.Driver.makeConnection(Driver.java:446)
	at org.postgresql.Driver.connect(Driver.java:298)
	at com.zaxxer.hikari.util.DriverDataSource.getConnection(DriverDataSource.java:139)
	at com.zaxxer.hikari.pool.PoolBase.newConnection(PoolBase.java:368)
	at com.zaxxer.hikari.pool.PoolBase.newPoolEntry(PoolBase.java:205)
	at com.zaxxer.hikari.pool.HikariPool.createPoolEntry(HikariPool.java:483)
	at com.zaxxer.hikari.pool.HikariPool$PoolEntryCreator.call(HikariPool.java:747)
	at com.zaxxer.hikari.pool.HikariPool$PoolEntryCreator.call(HikariPool.java:726)
	at java.base/java.util.concurrent.FutureTask.run(FutureTask.java:264)
	at java.base/java.util.concurrent.ThreadPoolExecutor.runWorker(ThreadPoolExecutor.java:1136)
	at java.base/java.util.concurrent.ThreadPoolExecutor$Worker.run(ThreadPoolExecutor.java:635)
	... 1 more
Caused by: java.net.UnknownHostException: db.wcjsezlljrxmnymoowjx.supabase.co
	at java.base/sun.nio.ch.NioSocketImpl.connect(NioSocketImpl.java:572)
	at java.base/java.net.SocksSocketImpl.connect(SocksSocketImpl.java:327)
	at java.base/java.net.Socket.connect(Socket.java:633)
	at org.postgresql.core.PGStream.createSocket(PGStream.java:260)
	at org.postgresql.core.PGStream.<init>(PGStream.java:121)
	at org.postgresql.core.v3.ConnectionFactoryImpl.tryConnect(ConnectionFactoryImpl.java:140)
	at org.postgresql.core.v3.ConnectionFactoryImpl.openConnectionImpl(ConnectionFactoryImpl.java:268)
	... 14 more
2026-07-10T12:24:44.699+05:30  WARN 25888 --- [RMS-Backend] [onnection-adder] com.zaxxer.hikari.pool.PoolBase          : HikariPool-3 - Pool is empty, failed to create/setup connection (3a25498f-6e4a-4062-9997-eb02226d9b5e)

org.postgresql.util.PSQLException: The connection attempt failed.
	at org.postgresql.core.v3.ConnectionFactoryImpl.openConnectionImpl(ConnectionFactoryImpl.java:364) ~[postgresql-42.7.5.jar:42.7.5]
	at org.postgresql.core.ConnectionFactory.openConnection(ConnectionFactory.java:54) ~[postgresql-42.7.5.jar:42.7.5]
	at org.postgresql.jdbc.PgConnection.<init>(PgConnection.java:273) ~[postgresql-42.7.5.jar:42.7.5]
	at org.postgresql.Driver.makeConnection(Driver.java:446) ~[postgresql-42.7.5.jar:42.7.5]
	at org.postgresql.Driver.connect(Driver.java:298) ~[postgresql-42.7.5.jar:42.7.5]
	at com.zaxxer.hikari.util.DriverDataSource.getConnection(DriverDataSource.java:139) ~[HikariCP-6.3.0.jar:na]
	at com.zaxxer.hikari.pool.PoolBase.newConnection(PoolBase.java:368) ~[HikariCP-6.3.0.jar:na]
	at com.zaxxer.hikari.pool.PoolBase.newPoolEntry(PoolBase.java:205) ~[HikariCP-6.3.0.jar:na]
	at com.zaxxer.hikari.pool.HikariPool.createPoolEntry(HikariPool.java:483) ~[HikariCP-6.3.0.jar:na]
	at com.zaxxer.hikari.pool.HikariPool$PoolEntryCreator.call(HikariPool.java:747) ~[HikariCP-6.3.0.jar:na]
	at com.zaxxer.hikari.pool.HikariPool$PoolEntryCreator.call(HikariPool.java:726) ~[HikariCP-6.3.0.jar:na]
	at java.base/java.util.concurrent.FutureTask.run(FutureTask.java:264) ~[na:na]
	at java.base/java.util.concurrent.ThreadPoolExecutor.runWorker(ThreadPoolExecutor.java:1136) ~[na:na]
	at java.base/java.util.concurrent.ThreadPoolExecutor$Worker.run(ThreadPoolExecutor.java:635) ~[na:na]
	at java.base/java.lang.Thread.run(Thread.java:842) ~[na:na]
Caused by: java.net.UnknownHostException: db.wcjsezlljrxmnymoowjx.supabase.co
	at java.base/sun.nio.ch.NioSocketImpl.connect(NioSocketImpl.java:572) ~[na:na]
	at java.base/java.net.SocksSocketImpl.connect(SocksSocketImpl.java:327) ~[na:na]
	at java.base/java.net.Socket.connect(Socket.java:633) ~[na:na]
	at org.postgresql.core.PGStream.createSocket(PGStream.java:260) ~[postgresql-42.7.5.jar:42.7.5]
	at org.postgresql.core.PGStream.<init>(PGStream.java:121) ~[postgresql-42.7.5.jar:42.7.5]
	at org.postgresql.core.v3.ConnectionFactoryImpl.tryConnect(ConnectionFactoryImpl.java:140) ~[postgresql-42.7.5.jar:42.7.5]
	at org.postgresql.core.v3.ConnectionFactoryImpl.openConnectionImpl(ConnectionFactoryImpl.java:268) ~[postgresql-42.7.5.jar:42.7.5]
	... 14 common frames omitted

2026-07-10T13:05:41.171+05:30  WARN 25888 --- [RMS-Backend] [onnection-adder] com.zaxxer.hikari.pool.PoolBase          : HikariPool-3 - Pool is empty, failed to create/setup connection (cfc6153d-190c-4e32-acc9-cd49ccb6c026)

org.postgresql.util.PSQLException: The connection attempt failed.
	at org.postgresql.core.v3.ConnectionFactoryImpl.openConnectionImpl(ConnectionFactoryImpl.java:364) ~[postgresql-42.7.5.jar:42.7.5]
	at org.postgresql.core.ConnectionFactory.openConnection(ConnectionFactory.java:54) ~[postgresql-42.7.5.jar:42.7.5]
	at org.postgresql.jdbc.PgConnection.<init>(PgConnection.java:273) ~[postgresql-42.7.5.jar:42.7.5]
	at org.postgresql.Driver.makeConnection(Driver.java:446) ~[postgresql-42.7.5.jar:42.7.5]
	at org.postgresql.Driver.connect(Driver.java:298) ~[postgresql-42.7.5.jar:42.7.5]
	at com.zaxxer.hikari.util.DriverDataSource.getConnection(DriverDataSource.java:139) ~[HikariCP-6.3.0.jar:na]
	at com.zaxxer.hikari.pool.PoolBase.newConnection(PoolBase.java:368) ~[HikariCP-6.3.0.jar:na]
	at com.zaxxer.hikari.pool.PoolBase.newPoolEntry(PoolBase.java:205) ~[HikariCP-6.3.0.jar:na]
	at com.zaxxer.hikari.pool.HikariPool.createPoolEntry(HikariPool.java:483) ~[HikariCP-6.3.0.jar:na]
	at com.zaxxer.hikari.pool.HikariPool$PoolEntryCreator.call(HikariPool.java:747) ~[HikariCP-6.3.0.jar:na]
	at com.zaxxer.hikari.pool.HikariPool$PoolEntryCreator.call(HikariPool.java:726) ~[HikariCP-6.3.0.jar:na]
	at java.base/java.util.concurrent.FutureTask.run(FutureTask.java:264) ~[na:na]
	at java.base/java.util.concurrent.ThreadPoolExecutor.runWorker(ThreadPoolExecutor.java:1136) ~[na:na]
	at java.base/java.util.concurrent.ThreadPoolExecutor$Worker.run(ThreadPoolExecutor.java:635) ~[na:na]
	at java.base/java.lang.Thread.run(Thread.java:842) ~[na:na]
Caused by: java.net.UnknownHostException: db.wcjsezlljrxmnymoowjx.supabase.co
	at java.base/sun.nio.ch.NioSocketImpl.connect(NioSocketImpl.java:572) ~[na:na]
	at java.base/java.net.SocksSocketImpl.connect(SocksSocketImpl.java:327) ~[na:na]
	at java.base/java.net.Socket.connect(Socket.java:633) ~[na:na]
	at org.postgresql.core.PGStream.createSocket(PGStream.java:260) ~[postgresql-42.7.5.jar:42.7.5]
	at org.postgresql.core.PGStream.<init>(PGStream.java:121) ~[postgresql-42.7.5.jar:42.7.5]
	at org.postgresql.core.v3.ConnectionFactoryImpl.tryConnect(ConnectionFactoryImpl.java:140) ~[postgresql-42.7.5.jar:42.7.5]
	at org.postgresql.core.v3.ConnectionFactoryImpl.openConnectionImpl(ConnectionFactoryImpl.java:268) ~[postgresql-42.7.5.jar:42.7.5]
	... 14 common frames omitted

====== getMenuItemsWithFilters() START ======
Input branchId       : 4
Input categoryId     : null
Input subcategoryId  : null
Input searchValue    : null
Input pageNumber     : 0
Input pageSize       : 200
Input dietaryType    : null
Input recommended    : null
Input token          : null
Fetching branch user from DB for branchId: 4
2026-07-10T15:23:16.627+05:30  WARN 25888 --- [RMS-Backend] [nio-8091-exec-1] o.h.engine.jdbc.spi.SqlExceptionHelper   : SQL Error: 0, SQLState: 08001
2026-07-10T15:23:16.627+05:30 ERROR 25888 --- [RMS-Backend] [nio-8091-exec-1] o.h.engine.jdbc.spi.SqlExceptionHelper   : HikariPool-3 - Connection is not available, request timed out after 10728905ms (total=0, active=0, idle=0, waiting=4)
2026-07-10T15:23:16.627+05:30 ERROR 25888 --- [RMS-Backend] [nio-8091-exec-1] o.h.engine.jdbc.spi.SqlExceptionHelper   : The connection attempt failed.
org.springframework.transaction.CannotCreateTransactionException: Could not open JPA EntityManager for transaction
2026-07-10T15:23:16.627+05:30  WARN 25888 --- [RMS-Backend] [nio-8091-exec-9] o.h.engine.jdbc.spi.SqlExceptionHelper   : SQL Error: 0, SQLState: 08001
2026-07-10T15:23:16.631+05:30 ERROR 25888 --- [RMS-Backend] [nio-8091-exec-9] o.h.engine.jdbc.spi.SqlExceptionHelper   : HikariPool-3 - Connection is not available, request timed out after 10728905ms (total=0, active=0, idle=0, waiting=4)
2026-07-10T15:23:16.633+05:30 ERROR 25888 --- [RMS-Backend] [nio-8091-exec-9] o.h.engine.jdbc.spi.SqlExceptionHelper   : The connection attempt failed.
	at org.springframework.orm.jpa.JpaTransactionManager.doBegin(JpaTransactionManager.java:466)
	at org.springframework.transaction.support.AbstractPlatformTransactionManager.startTransaction(AbstractPlatformTransactionManager.java:532)
	at org.springframework.transaction.support.AbstractPlatformTransactionManager.getTransaction(AbstractPlatformTransactionManager.java:405)
	at org.springframework.transaction.interceptor.TransactionAspectSupport.createTransactionIfNecessary(TransactionAspectSupport.java:639)
	at org.springframework.transaction.interceptor.TransactionAspectSupport.invokeWithinTransaction(TransactionAspectSupport.java:374)
	at org.springframework.transaction.interceptor.TransactionInterceptor.invoke(TransactionInterceptor.java:119)
	at org.springframework.aop.framework.ReflectiveMethodInvocation.proceed(ReflectiveMethodInvocation.java:184)
	at org.springframework.dao.support.PersistenceExceptionTranslationInterceptor.invoke(PersistenceExceptionTranslationInterceptor.java:138)
	at org.springframework.aop.framework.ReflectiveMethodInvocation.proceed(ReflectiveMethodInvocation.java:184)
	at org.springframework.data.jpa.repository.support.CrudMethodMetadataPostProcessor$CrudMethodMetadataPopulatingMethodInterceptor.invoke(CrudMethodMetadataPostProcessor.java:165)
	at org.springframework.aop.framework.ReflectiveMethodInvocation.proceed(ReflectiveMethodInvocation.java:184)
	at org.springframework.aop.framework.JdkDynamicAopProxy.invoke(JdkDynamicAopProxy.java:223)
	at jdk.proxy6/jdk.proxy6.$Proxy240.findAll(Unknown Source)
	at com.rms.modules.customer.services.CustMenuCategoryService.getMenuCategoriesWithFilters(CustMenuCategoryService.java:179)
	at com.rms.modules.customer.controllers.CustMenuCategoryController.getMenuItemsWithFiltersPublic(CustMenuCategoryController.java:54)
	at jdk.internal.reflect.GeneratedMethodAccessor320.invoke(Unknown Source)
	at java.base/jdk.internal.reflect.DelegatingMethodAccessorImpl.invoke(DelegatingMethodAccessorImpl.java:43)
	at java.base/java.lang.reflect.Method.invoke(Method.java:568)
	at org.springframework.web.method.support.InvocableHandlerMethod.doInvoke(InvocableHandlerMethod.java:258)
	at org.springframework.web.method.support.InvocableHandlerMethod.invokeForRequest(InvocableHandlerMethod.java:191)
	at org.springframework.web.servlet.mvc.method.annotation.ServletInvocableHandlerMethod.invokeAndHandle(ServletInvocableHandlerMethod.java:118)
	at org.springframework.web.servlet.mvc.method.annotation.RequestMappingHandlerAdapter.invokeHandlerMethod(RequestMappingHandlerAdapter.java:986)
	at org.springframework.web.servlet.mvc.method.annotation.RequestMappingHandlerAdapter.handleInternal(RequestMappingHandlerAdapter.java:891)
	at org.springframework.web.servlet.mvc.method.AbstractHandlerMethodAdapter.handle(AbstractHandlerMethodAdapter.java:87)
	at org.springframework.web.servlet.DispatcherServlet.doDispatch(DispatcherServlet.java:1089)
	at org.springframework.web.servlet.DispatcherServlet.doService(DispatcherServlet.java:979)
	at org.springframework.web.servlet.FrameworkServlet.processRequest(FrameworkServlet.java:1014)
	at org.springframework.web.servlet.FrameworkServlet.doGet(FrameworkServlet.java:903)
	at jakarta.servlet.http.HttpServlet.service(HttpServlet.java:564)
	at org.springframework.web.servlet.FrameworkServlet.service(FrameworkServlet.java:885)
	at jakarta.servlet.http.HttpServlet.service(HttpServlet.java:658)
	at org.apache.catalina.core.ApplicationFilterChain.internalDoFilter(ApplicationFilterChain.java:195)
	at org.apache.catalina.core.ApplicationFilterChain.doFilter(ApplicationFilterChain.java:140)
	at org.apache.tomcat.websocket.server.WsFilter.doFilter(WsFilter.java:51)
	at org.apache.catalina.core.ApplicationFilterChain.internalDoFilter(ApplicationFilterChain.java:164)
	at org.apache.catalina.core.ApplicationFilterChain.doFilter(ApplicationFilterChain.java:140)
	at org.springframework.web.filter.RequestContextFilter.doFilterInternal(RequestContextFilter.java:100)
	at org.springframework.web.filter.OncePerRequestFilter.doFilter(OncePerRequestFilter.java:116)
	at org.apache.catalina.core.ApplicationFilterChain.internalDoFilter(ApplicationFilterChain.java:164)
	at org.apache.catalina.core.ApplicationFilterChain.doFilter(ApplicationFilterChain.java:140)
	at org.springframework.web.filter.FormContentFilter.doFilterInternal(FormContentFilter.java:93)
	at org.springframework.web.filter.OncePerRequestFilter.doFilter(OncePerRequestFilter.java:116)
	at org.apache.catalina.core.ApplicationFilterChain.internalDoFilter(ApplicationFilterChain.java:164)
	at org.apache.catalina.core.ApplicationFilterChain.doFilter(ApplicationFilterChain.java:140)
	at org.springframework.web.filter.CharacterEncodingFilter.doFilterInternal(CharacterEncodingFilter.java:201)
	at org.springframework.web.filter.OncePerRequestFilter.doFilter(OncePerRequestFilter.java:116)
	at org.apache.catalina.core.ApplicationFilterChain.internalDoFilter(ApplicationFilterChain.java:164)
	at org.apache.catalina.core.ApplicationFilterChain.doFilter(ApplicationFilterChain.java:140)
	at org.apache.catalina.core.StandardWrapperValve.invoke(StandardWrapperValve.java:167)
	at org.apache.catalina.core.StandardContextValve.invoke(StandardContextValve.java:90)
	at org.apache.catalina.authenticator.AuthenticatorBase.invoke(AuthenticatorBase.java:483)
	at org.apache.catalina.core.StandardHostValve.invoke(StandardHostValve.java:116)
	at org.apache.catalina.valves.ErrorReportValve.invoke(ErrorReportValve.java:93)
	at org.apache.catalina.core.StandardEngineValve.invoke(StandardEngineValve.java:74)
	at org.apache.catalina.connector.CoyoteAdapter.service(CoyoteAdapter.java:344)
	at org.apache.coyote.http11.Http11Processor.service(Http11Processor.java:398)
	at org.apache.coyote.AbstractProcessorLight.process(AbstractProcessorLight.java:63)
	at org.apache.coyote.AbstractProtocol$ConnectionHandler.process(AbstractProtocol.java:903)
	at org.apache.tomcat.util.net.NioEndpoint$SocketProcessor.doRun(NioEndpoint.java:1740)
	at org.apache.tomcat.util.net.SocketProcessorBase.run(SocketProcessorBase.java:52)
	at org.apache.tomcat.util.threads.ThreadPoolExecutor.runWorker(ThreadPoolExecutor.java:1189)
	at org.apache.tomcat.util.threads.ThreadPoolExecutor$Worker.run(ThreadPoolExecutor.java:658)
	at org.apache.tomcat.util.threads.TaskThread$WrappingRunnable.run(TaskThread.java:63)
	at java.base/java.lang.Thread.run(Thread.java:842)
Caused by: org.hibernate.exception.JDBCConnectionException: Unable to acquire JDBC Connection [HikariPool-3 - Connection is not available, request timed out after 10728905ms (total=0, active=0, idle=0, waiting=4)] [n/a]
	at org.hibernate.exception.internal.SQLExceptionTypeDelegate.convert(SQLExceptionTypeDelegate.java:51)
	at org.hibernate.exception.internal.StandardSQLExceptionConverter.convert(StandardSQLExceptionConverter.java:58)
	at org.hibernate.engine.jdbc.spi.SqlExceptionHelper.convert(SqlExceptionHelper.java:108)
	at org.hibernate.engine.jdbc.spi.SqlExceptionHelper.convert(SqlExceptionHelper.java:94)
	at org.hibernate.resource.jdbc.internal.LogicalConnectionManagedImpl.acquireConnectionIfNeeded(LogicalConnectionManagedImpl.java:129)
	at org.hibernate.resource.jdbc.internal.LogicalConnectionManagedImpl.getPhysicalConnection(LogicalConnectionManagedImpl.java:156)
	at org.springframework.orm.jpa.vendor.HibernateJpaDialect.beginTransaction(HibernateJpaDialect.java:164)
	at org.springframework.orm.jpa.JpaTransactionManager.doBegin(JpaTransactionManager.java:420)
	... 63 more
Caused by: java.sql.SQLTransientConnectionException: HikariPool-3 - Connection is not available, request timed out after 10728905ms (total=0, active=0, idle=0, waiting=4)
	at com.zaxxer.hikari.pool.HikariPool.createTimeoutException(HikariPool.java:709)
	at com.zaxxer.hikari.pool.HikariPool.getConnection(HikariPool.java:188)
	at com.zaxxer.hikari.pool.HikariPool.getConnection(HikariPool.java:146)
	at com.zaxxer.hikari.HikariDataSource.getConnection(HikariDataSource.java:127)
	at org.hibernate.engine.jdbc.connections.internal.DatasourceConnectionProviderImpl.getConnection(DatasourceConnectionProviderImpl.java:126)
	at org.hibernate.internal.NonContextualJdbcConnectionAccess.obtainConnection(NonContextualJdbcConnectionAccess.java:46)
	at org.hibernate.resource.jdbc.internal.LogicalConnectionManagedImpl.acquireConnectionIfNeeded(LogicalConnectionManagedImpl.java:126)
	... 66 more
Caused by: org.postgresql.util.PSQLException: The connection attempt failed.
	at org.postgresql.core.v3.ConnectionFactoryImpl.openConnectionImpl(ConnectionFactoryImpl.java:364)
	at org.postgresql.core.ConnectionFactory.openConnection(ConnectionFactory.java:54)
	at org.postgresql.jdbc.PgConnection.<init>(PgConnection.java:273)
	at org.postgresql.Driver.makeConnection(Driver.java:446)
	at org.postgresql.Driver.connect(Driver.java:298)
	at com.zaxxer.hikari.util.DriverDataSource.getConnection(DriverDataSource.java:139)
	at com.zaxxer.hikari.pool.PoolBase.newConnection(PoolBase.java:368)
	at com.zaxxer.hikari.pool.PoolBase.newPoolEntry(PoolBase.java:205)
	at com.zaxxer.hikari.pool.HikariPool.createPoolEntry(HikariPool.java:483)
	at com.zaxxer.hikari.pool.HikariPool$PoolEntryCreator.call(HikariPool.java:747)
	at com.zaxxer.hikari.pool.HikariPool$PoolEntryCreator.call(HikariPool.java:726)
	at java.base/java.util.concurrent.FutureTask.run(FutureTask.java:264)
	at java.base/java.util.concurrent.ThreadPoolExecutor.runWorker(ThreadPoolExecutor.java:1136)
	at java.base/java.util.concurrent.ThreadPoolExecutor$Worker.run(ThreadPoolExecutor.java:635)
	... 1 more
Caused by: java.net.UnknownHostException: db.wcjsezlljrxmnymoowjx.supabase.co
	at java.base/sun.nio.ch.NioSocketImpl.connect(NioSocketImpl.java:572)
	at java.base/java.net.SocksSocketImpl.connect(SocksSocketImpl.java:327)
	at java.base/java.net.Socket.connect(Socket.java:633)
	at org.postgresql.core.PGStream.createSocket(PGStream.java:260)
	at org.postgresql.core.PGStream.<init>(PGStream.java:121)
	at org.postgresql.core.v3.ConnectionFactoryImpl.tryConnect(ConnectionFactoryImpl.java:140)
	at org.postgresql.core.v3.ConnectionFactoryImpl.openConnectionImpl(ConnectionFactoryImpl.java:268)
	... 14 more
2026-07-10T15:23:26.683+05:30  WARN 25888 --- [RMS-Backend] [l-3:housekeeper] com.zaxxer.hikari.pool.HikariPool        : HikariPool-3 - Thread starvation or clock leap detected (housekeeper delta=2h58m49s36ms940탎100ns).
====== getMenuItemsWithFilters() START ======
Input branchId       : 4
Input categoryId     : null
Input subcategoryId  : null
Input searchValue    : null
Input pageNumber     : 0
Input pageSize       : 200
Input dietaryType    : null
Input recommended    : null
Input token          : null
Fetching branch user from DB for branchId: 4
2026-07-10T15:23:45.356+05:30  WARN 25888 --- [RMS-Backend] [nio-8091-exec-2] o.h.engine.jdbc.spi.SqlExceptionHelper   : SQL Error: 0, SQLState: null
2026-07-10T15:23:45.356+05:30 ERROR 25888 --- [RMS-Backend] [nio-8091-exec-2] o.h.engine.jdbc.spi.SqlExceptionHelper   : HikariPool-3 - Connection is not available, request timed out after 30008ms (total=2, active=2, idle=0, waiting=5)
org.springframework.transaction.CannotCreateTransactionException: Could not open JPA EntityManager for transaction
	at org.springframework.orm.jpa.JpaTransactionManager.doBegin(JpaTransactionManager.java:466)
	at org.springframework.transaction.support.AbstractPlatformTransactionManager.startTransaction(AbstractPlatformTransactionManager.java:532)
	at org.springframework.transaction.support.AbstractPlatformTransactionManager.getTransaction(AbstractPlatformTransactionManager.java:405)
	at org.springframework.transaction.interceptor.TransactionAspectSupport.createTransactionIfNecessary(TransactionAspectSupport.java:639)
	at org.springframework.transaction.interceptor.TransactionAspectSupport.invokeWithinTransaction(TransactionAspectSupport.java:374)
	at org.springframework.transaction.interceptor.TransactionInterceptor.invoke(TransactionInterceptor.java:119)
	at org.springframework.aop.framework.ReflectiveMethodInvocation.proceed(ReflectiveMethodInvocation.java:184)
	at org.springframework.dao.support.PersistenceExceptionTranslationInterceptor.invoke(PersistenceExceptionTranslationInterceptor.java:138)
	at org.springframework.aop.framework.ReflectiveMethodInvocation.proceed(ReflectiveMethodInvocation.java:184)
	at org.springframework.data.jpa.repository.support.CrudMethodMetadataPostProcessor$CrudMethodMetadataPopulatingMethodInterceptor.invoke(CrudMethodMetadataPostProcessor.java:165)
	at org.springframework.aop.framework.ReflectiveMethodInvocation.proceed(ReflectiveMethodInvocation.java:184)
	at org.springframework.aop.framework.JdkDynamicAopProxy.invoke(JdkDynamicAopProxy.java:223)
	at jdk.proxy6/jdk.proxy6.$Proxy240.findAll(Unknown Source)
	at com.rms.modules.customer.services.CustMenuCategoryService.getMenuCategoriesWithFilters(CustMenuCategoryService.java:179)
	at com.rms.modules.customer.controllers.CustMenuCategoryController.getMenuItemsWithFiltersPublic(CustMenuCategoryController.java:54)
	at jdk.internal.reflect.GeneratedMethodAccessor320.invoke(Unknown Source)
	at java.base/jdk.internal.reflect.DelegatingMethodAccessorImpl.invoke(DelegatingMethodAccessorImpl.java:43)
	at java.base/java.lang.reflect.Method.invoke(Method.java:568)
	at org.springframework.web.method.support.InvocableHandlerMethod.doInvoke(InvocableHandlerMethod.java:258)
	at org.springframework.web.method.support.InvocableHandlerMethod.invokeForRequest(InvocableHandlerMethod.java:191)
	at org.springframework.web.servlet.mvc.method.annotation.ServletInvocableHandlerMethod.invokeAndHandle(ServletInvocableHandlerMethod.java:118)
	at org.springframework.web.servlet.mvc.method.annotation.RequestMappingHandlerAdapter.invokeHandlerMethod(RequestMappingHandlerAdapter.java:986)
	at org.springframework.web.servlet.mvc.method.annotation.RequestMappingHandlerAdapter.handleInternal(RequestMappingHandlerAdapter.java:891)
	at org.springframework.web.servlet.mvc.method.AbstractHandlerMethodAdapter.handle(AbstractHandlerMethodAdapter.java:87)
	at org.springframework.web.servlet.DispatcherServlet.doDispatch(DispatcherServlet.java:1089)
	at org.springframework.web.servlet.DispatcherServlet.doService(DispatcherServlet.java:979)
	at org.springframework.web.servlet.FrameworkServlet.processRequest(FrameworkServlet.java:1014)
	at org.springframework.web.servlet.FrameworkServlet.doGet(FrameworkServlet.java:903)
	at jakarta.servlet.http.HttpServlet.service(HttpServlet.java:564)
	at org.springframework.web.servlet.FrameworkServlet.service(FrameworkServlet.java:885)
	at jakarta.servlet.http.HttpServlet.service(HttpServlet.java:658)
	at org.apache.catalina.core.ApplicationFilterChain.internalDoFilter(ApplicationFilterChain.java:195)
	at org.apache.catalina.core.ApplicationFilterChain.doFilter(ApplicationFilterChain.java:140)
	at org.apache.tomcat.websocket.server.WsFilter.doFilter(WsFilter.java:51)
	at org.apache.catalina.core.ApplicationFilterChain.internalDoFilter(ApplicationFilterChain.java:164)
	at org.apache.catalina.core.ApplicationFilterChain.doFilter(ApplicationFilterChain.java:140)
	at org.springframework.web.filter.RequestContextFilter.doFilterInternal(RequestContextFilter.java:100)
	at org.springframework.web.filter.OncePerRequestFilter.doFilter(OncePerRequestFilter.java:116)
	at org.apache.catalina.core.ApplicationFilterChain.internalDoFilter(ApplicationFilterChain.java:164)
	at org.apache.catalina.core.ApplicationFilterChain.doFilter(ApplicationFilterChain.java:140)
	at org.springframework.web.filter.FormContentFilter.doFilterInternal(FormContentFilter.java:93)
	at org.springframework.web.filter.OncePerRequestFilter.doFilter(OncePerRequestFilter.java:116)
	at org.apache.catalina.core.ApplicationFilterChain.internalDoFilter(ApplicationFilterChain.java:164)
	at org.apache.catalina.core.ApplicationFilterChain.doFilter(ApplicationFilterChain.java:140)
	at org.springframework.web.filter.CharacterEncodingFilter.doFilterInternal(CharacterEncodingFilter.java:201)
	at org.springframework.web.filter.OncePerRequestFilter.doFilter(OncePerRequestFilter.java:116)
	at org.apache.catalina.core.ApplicationFilterChain.internalDoFilter(ApplicationFilterChain.java:164)
	at org.apache.catalina.core.ApplicationFilterChain.doFilter(ApplicationFilterChain.java:140)
	at org.apache.catalina.core.StandardWrapperValve.invoke(StandardWrapperValve.java:167)
	at org.apache.catalina.core.StandardContextValve.invoke(StandardContextValve.java:90)
	at org.apache.catalina.authenticator.AuthenticatorBase.invoke(AuthenticatorBase.java:483)
	at org.apache.catalina.core.StandardHostValve.invoke(StandardHostValve.java:116)
	at org.apache.catalina.valves.ErrorReportValve.invoke(ErrorReportValve.java:93)
	at org.apache.catalina.core.StandardEngineValve.invoke(StandardEngineValve.java:74)
	at org.apache.catalina.connector.CoyoteAdapter.service(CoyoteAdapter.java:344)
	at org.apache.coyote.http11.Http11Processor.service(Http11Processor.java:398)
	at org.apache.coyote.AbstractProcessorLight.process(AbstractProcessorLight.java:63)
	at org.apache.coyote.AbstractProtocol$ConnectionHandler.process(AbstractProtocol.java:903)
	at org.apache.tomcat.util.net.NioEndpoint$SocketProcessor.doRun(NioEndpoint.java:1740)
	at org.apache.tomcat.util.net.SocketProcessorBase.run(SocketProcessorBase.java:52)
	at org.apache.tomcat.util.threads.ThreadPoolExecutor.runWorker(ThreadPoolExecutor.java:1189)
	at org.apache.tomcat.util.threads.ThreadPoolExecutor$Worker.run(ThreadPoolExecutor.java:658)
	at org.apache.tomcat.util.threads.TaskThread$WrappingRunnable.run(TaskThread.java:63)
	at java.base/java.lang.Thread.run(Thread.java:842)
Caused by: org.hibernate.exception.JDBCConnectionException: Unable to acquire JDBC Connection [HikariPool-3 - Connection is not available, request timed out after 30008ms (total=2, active=2, idle=0, waiting=5)] [n/a]
	at org.hibernate.exception.internal.SQLExceptionTypeDelegate.convert(SQLExceptionTypeDelegate.java:51)
	at org.hibernate.exception.internal.StandardSQLExceptionConverter.convert(StandardSQLExceptionConverter.java:58)
	at org.hibernate.engine.jdbc.spi.SqlExceptionHelper.convert(SqlExceptionHelper.java:108)
	at org.hibernate.engine.jdbc.spi.SqlExceptionHelper.convert(SqlExceptionHelper.java:94)
	at org.hibernate.resource.jdbc.internal.LogicalConnectionManagedImpl.acquireConnectionIfNeeded(LogicalConnectionManagedImpl.java:129)
	at org.hibernate.resource.jdbc.internal.LogicalConnectionManagedImpl.getPhysicalConnection(LogicalConnectionManagedImpl.java:156)
	at org.springframework.orm.jpa.vendor.HibernateJpaDialect.beginTransaction(HibernateJpaDialect.java:164)
	at org.springframework.orm.jpa.JpaTransactionManager.doBegin(JpaTransactionManager.java:420)
	... 63 more
Caused by: java.sql.SQLTransientConnectionException: HikariPool-3 - Connection is not available, request timed out after 30008ms (total=2, active=2, idle=0, waiting=5)
	at com.zaxxer.hikari.pool.HikariPool.createTimeoutException(HikariPool.java:709)
	at com.zaxxer.hikari.pool.HikariPool.getConnection(HikariPool.java:188)
	at com.zaxxer.hikari.pool.HikariPool.getConnection(HikariPool.java:146)
	at com.zaxxer.hikari.HikariDataSource.getConnection(HikariDataSource.java:127)
	at org.hibernate.engine.jdbc.connections.internal.DatasourceConnectionProviderImpl.getConnection(DatasourceConnectionProviderImpl.java:126)
	at org.hibernate.internal.NonContextualJdbcConnectionAccess.obtainConnection(NonContextualJdbcConnectionAccess.java:46)
	at org.hibernate.resource.jdbc.internal.LogicalConnectionManagedImpl.acquireConnectionIfNeeded(LogicalConnectionManagedImpl.java:126)
	... 66 more
Branch user found. BranchUser ID: 4
---- Building JPA Specification ----
Predicate list initialized
Creating JOIN with branch
Creating LEFT JOIN with category
Creating LEFT JOIN with subcategory
Final predicate count: 4
2026-07-10T15:23:47.395+05:30  WARN 25888 --- [RMS-Backend] [nio-8091-exec-5] o.h.engine.jdbc.spi.SqlExceptionHelper   : SQL Error: 0, SQLState: null
2026-07-10T15:23:47.395+05:30 ERROR 25888 --- [RMS-Backend] [nio-8091-exec-5] o.h.engine.jdbc.spi.SqlExceptionHelper   : HikariPool-3 - Connection is not available, request timed out after 30009ms (total=2, active=2, idle=0, waiting=4)
org.springframework.dao.DataAccessResourceFailureException: Unable to acquire JDBC Connection [HikariPool-3 - Connection is not available, request timed out after 30009ms (total=2, active=2, idle=0, waiting=4)] [n/a]
	at org.springframework.orm.jpa.vendor.HibernateJpaDialect.convertHibernateAccessException(HibernateJpaDialect.java:278)
	at org.springframework.orm.jpa.vendor.HibernateJpaDialect.convertHibernateAccessException(HibernateJpaDialect.java:256)
	at org.springframework.orm.jpa.vendor.HibernateJpaDialect.translateExceptionIfPossible(HibernateJpaDialect.java:241)
	at org.springframework.orm.jpa.AbstractEntityManagerFactoryBean.translateExceptionIfPossible(AbstractEntityManagerFactoryBean.java:560)
	at org.springframework.dao.support.ChainedPersistenceExceptionTranslator.translateExceptionIfPossible(ChainedPersistenceExceptionTranslator.java:61)
	at org.springframework.dao.support.DataAccessUtils.translateIfNecessary(DataAccessUtils.java:343)
	at org.springframework.dao.support.PersistenceExceptionTranslationInterceptor.invoke(PersistenceExceptionTranslationInterceptor.java:160)
	at org.springframework.aop.framework.ReflectiveMethodInvocation.proceed(ReflectiveMethodInvocation.java:184)
	at org.springframework.data.jpa.repository.support.CrudMethodMetadataPostProcessor$CrudMethodMetadataPopulatingMethodInterceptor.invoke(CrudMethodMetadataPostProcessor.java:136)
	at org.springframework.aop.framework.ReflectiveMethodInvocation.proceed(ReflectiveMethodInvocation.java:184)
	at org.springframework.aop.framework.JdkDynamicAopProxy.invoke(JdkDynamicAopProxy.java:223)
	at jdk.proxy6/jdk.proxy6.$Proxy237.findByDomainUrl(Unknown Source)
	at com.rms.modules.customer.controllers.CustBrandingController.resolveTenant(CustBrandingController.java:155)
	at com.rms.modules.customer.controllers.CustBrandingController.buildBrandingResponse(CustBrandingController.java:63)
	at com.rms.modules.customer.controllers.CustBrandingController.getBranding(CustBrandingController.java:52)
	at jdk.internal.reflect.GeneratedMethodAccessor316.invoke(Unknown Source)
	at java.base/jdk.internal.reflect.DelegatingMethodAccessorImpl.invoke(DelegatingMethodAccessorImpl.java:43)
	at java.base/java.lang.reflect.Method.invoke(Method.java:568)
	at org.springframework.web.method.support.InvocableHandlerMethod.doInvoke(InvocableHandlerMethod.java:258)
	at org.springframework.web.method.support.InvocableHandlerMethod.invokeForRequest(InvocableHandlerMethod.java:191)
	at org.springframework.web.servlet.mvc.method.annotation.ServletInvocableHandlerMethod.invokeAndHandle(ServletInvocableHandlerMethod.java:118)
	at org.springframework.web.servlet.mvc.method.annotation.RequestMappingHandlerAdapter.invokeHandlerMethod(RequestMappingHandlerAdapter.java:986)
	at org.springframework.web.servlet.mvc.method.annotation.RequestMappingHandlerAdapter.handleInternal(RequestMappingHandlerAdapter.java:891)
	at org.springframework.web.servlet.mvc.method.AbstractHandlerMethodAdapter.handle(AbstractHandlerMethodAdapter.java:87)
	at org.springframework.web.servlet.DispatcherServlet.doDispatch(DispatcherServlet.java:1089)
	at org.springframework.web.servlet.DispatcherServlet.doService(DispatcherServlet.java:979)
	at org.springframework.web.servlet.FrameworkServlet.processRequest(FrameworkServlet.java:1014)
	at org.springframework.web.servlet.FrameworkServlet.doGet(FrameworkServlet.java:903)
	at jakarta.servlet.http.HttpServlet.service(HttpServlet.java:564)
	at org.springframework.web.servlet.FrameworkServlet.service(FrameworkServlet.java:885)
	at jakarta.servlet.http.HttpServlet.service(HttpServlet.java:658)
	at org.apache.catalina.core.ApplicationFilterChain.internalDoFilter(ApplicationFilterChain.java:195)
	at org.apache.catalina.core.ApplicationFilterChain.doFilter(ApplicationFilterChain.java:140)
	at org.apache.tomcat.websocket.server.WsFilter.doFilter(WsFilter.java:51)
	at org.apache.catalina.core.ApplicationFilterChain.internalDoFilter(ApplicationFilterChain.java:164)
	at org.apache.catalina.core.ApplicationFilterChain.doFilter(ApplicationFilterChain.java:140)
	at org.springframework.web.filter.RequestContextFilter.doFilterInternal(RequestContextFilter.java:100)
	at org.springframework.web.filter.OncePerRequestFilter.doFilter(OncePerRequestFilter.java:116)
	at org.apache.catalina.core.ApplicationFilterChain.internalDoFilter(ApplicationFilterChain.java:164)
	at org.apache.catalina.core.ApplicationFilterChain.doFilter(ApplicationFilterChain.java:140)
	at org.springframework.web.filter.FormContentFilter.doFilterInternal(FormContentFilter.java:93)
	at org.springframework.web.filter.OncePerRequestFilter.doFilter(OncePerRequestFilter.java:116)
	at org.apache.catalina.core.ApplicationFilterChain.internalDoFilter(ApplicationFilterChain.java:164)
	at org.apache.catalina.core.ApplicationFilterChain.doFilter(ApplicationFilterChain.java:140)
	at org.springframework.web.filter.CharacterEncodingFilter.doFilterInternal(CharacterEncodingFilter.java:201)
	at org.springframework.web.filter.OncePerRequestFilter.doFilter(OncePerRequestFilter.java:116)
	at org.apache.catalina.core.ApplicationFilterChain.internalDoFilter(ApplicationFilterChain.java:164)
	at org.apache.catalina.core.ApplicationFilterChain.doFilter(ApplicationFilterChain.java:140)
	at org.apache.catalina.core.StandardWrapperValve.invoke(StandardWrapperValve.java:167)
	at org.apache.catalina.core.StandardContextValve.invoke(StandardContextValve.java:90)
	at org.apache.catalina.authenticator.AuthenticatorBase.invoke(AuthenticatorBase.java:483)
	at org.apache.catalina.core.StandardHostValve.invoke(StandardHostValve.java:116)
	at org.apache.catalina.valves.ErrorReportValve.invoke(ErrorReportValve.java:93)
	at org.apache.catalina.core.StandardEngineValve.invoke(StandardEngineValve.java:74)
	at org.apache.catalina.connector.CoyoteAdapter.service(CoyoteAdapter.java:344)
	at org.apache.coyote.http11.Http11Processor.service(Http11Processor.java:398)
	at org.apache.coyote.AbstractProcessorLight.process(AbstractProcessorLight.java:63)
	at org.apache.coyote.AbstractProtocol$ConnectionHandler.process(AbstractProtocol.java:903)
	at org.apache.tomcat.util.net.NioEndpoint$SocketProcessor.doRun(NioEndpoint.java:1740)
	at org.apache.tomcat.util.net.SocketProcessorBase.run(SocketProcessorBase.java:52)
	at org.apache.tomcat.util.threads.ThreadPoolExecutor.runWorker(ThreadPoolExecutor.java:1189)
	at org.apache.tomcat.util.threads.ThreadPoolExecutor$Worker.run(ThreadPoolExecutor.java:658)
	at org.apache.tomcat.util.threads.TaskThread$WrappingRunnable.run(TaskThread.java:63)
	at java.base/java.lang.Thread.run(Thread.java:842)
Caused by: org.hibernate.exception.JDBCConnectionException: Unable to acquire JDBC Connection [HikariPool-3 - Connection is not available, request timed out after 30009ms (total=2, active=2, idle=0, waiting=4)] [n/a]
	at org.hibernate.exception.internal.SQLExceptionTypeDelegate.convert(SQLExceptionTypeDelegate.java:51)
	at org.hibernate.exception.internal.StandardSQLExceptionConverter.convert(StandardSQLExceptionConverter.java:58)
	at org.hibernate.engine.jdbc.spi.SqlExceptionHelper.convert(SqlExceptionHelper.java:108)
	at org.hibernate.engine.jdbc.spi.SqlExceptionHelper.convert(SqlExceptionHelper.java:94)
	at org.hibernate.resource.jdbc.internal.LogicalConnectionManagedImpl.acquireConnectionIfNeeded(LogicalConnectionManagedImpl.java:129)
	at org.hibernate.resource.jdbc.internal.LogicalConnectionManagedImpl.getPhysicalConnection(LogicalConnectionManagedImpl.java:156)
	at org.hibernate.engine.jdbc.internal.StatementPreparerImpl.connection(StatementPreparerImpl.java:56)
	at org.hibernate.engine.jdbc.internal.StatementPreparerImpl$4.doPrepare(StatementPreparerImpl.java:151)
	at org.hibernate.engine.jdbc.internal.StatementPreparerImpl$StatementPreparationTemplate.prepareStatement(StatementPreparerImpl.java:180)
	at org.hibernate.engine.jdbc.internal.StatementPreparerImpl.prepareQueryStatement(StatementPreparerImpl.java:153)
	at org.hibernate.sql.exec.internal.StandardStatementCreator.createStatement(StandardStatementCreator.java:49)
	at org.hibernate.sql.results.jdbc.internal.DeferredResultSetAccess.executeQuery(DeferredResultSetAccess.java:235)
	at org.hibernate.sql.results.jdbc.internal.DeferredResultSetAccess.getResultSet(DeferredResultSetAccess.java:171)
	at org.hibernate.sql.results.jdbc.internal.JdbcValuesResultSetImpl.<init>(JdbcValuesResultSetImpl.java:74)
	at org.hibernate.sql.exec.internal.JdbcSelectExecutorStandardImpl.resolveJdbcValuesSource(JdbcSelectExecutorStandardImpl.java:355)
	at org.hibernate.sql.exec.internal.JdbcSelectExecutorStandardImpl.doExecuteQuery(JdbcSelectExecutorStandardImpl.java:137)
	at org.hibernate.sql.exec.internal.JdbcSelectExecutorStandardImpl.executeQuery(JdbcSelectExecutorStandardImpl.java:102)
	at org.hibernate.sql.exec.spi.JdbcSelectExecutor.executeQuery(JdbcSelectExecutor.java:91)
	at org.hibernate.sql.exec.spi.JdbcSelectExecutor.list(JdbcSelectExecutor.java:165)
	at org.hibernate.query.sqm.internal.ConcreteSqmSelectQueryPlan.lambda$new$1(ConcreteSqmSelectQueryPlan.java:152)
	at org.hibernate.query.sqm.internal.ConcreteSqmSelectQueryPlan.withCacheableSqmInterpretation(ConcreteSqmSelectQueryPlan.java:442)
	at org.hibernate.query.sqm.internal.ConcreteSqmSelectQueryPlan.performList(ConcreteSqmSelectQueryPlan.java:362)
	at org.hibernate.query.sqm.internal.QuerySqmImpl.doList(QuerySqmImpl.java:380)
	at org.hibernate.query.spi.AbstractSelectionQuery.list(AbstractSelectionQuery.java:143)
	at org.hibernate.query.spi.AbstractSelectionQuery.getSingleResult(AbstractSelectionQuery.java:275)
	at org.springframework.data.jpa.repository.query.JpaQueryExecution$SingleEntityExecution.doExecute(JpaQueryExecution.java:224)
	at org.springframework.data.jpa.repository.query.JpaQueryExecution.execute(JpaQueryExecution.java:93)
	at org.springframework.data.jpa.repository.query.AbstractJpaQuery.doExecute(AbstractJpaQuery.java:159)
	at org.springframework.data.jpa.repository.query.AbstractJpaQuery.execute(AbstractJpaQuery.java:147)
	at org.springframework.data.repository.core.support.RepositoryMethodInvoker.doInvoke(RepositoryMethodInvoker.java:170)
	at org.springframework.data.repository.core.support.RepositoryMethodInvoker.invoke(RepositoryMethodInvoker.java:158)
	at org.springframework.data.repository.core.support.QueryExecutorMethodInterceptor.doInvoke(QueryExecutorMethodInterceptor.java:170)
	at org.springframework.data.repository.core.support.QueryExecutorMethodInterceptor.invoke(QueryExecutorMethodInterceptor.java:149)
	at org.springframework.aop.framework.ReflectiveMethodInvocation.proceed(ReflectiveMethodInvocation.java:184)
	at org.springframework.data.projection.DefaultMethodInvokingMethodInterceptor.invoke(DefaultMethodInvokingMethodInterceptor.java:69)
	at org.springframework.aop.framework.ReflectiveMethodInvocation.proceed(ReflectiveMethodInvocation.java:184)
	at org.springframework.transaction.interceptor.TransactionAspectSupport.invokeWithinTransaction(TransactionAspectSupport.java:380)
	at org.springframework.transaction.interceptor.TransactionInterceptor.invoke(TransactionInterceptor.java:119)
	at org.springframework.aop.framework.ReflectiveMethodInvocation.proceed(ReflectiveMethodInvocation.java:184)
	at org.springframework.dao.support.PersistenceExceptionTranslationInterceptor.invoke(PersistenceExceptionTranslationInterceptor.java:138)
	... 57 more
Caused by: java.sql.SQLTransientConnectionException: HikariPool-3 - Connection is not available, request timed out after 30009ms (total=2, active=2, idle=0, waiting=4)
	at com.zaxxer.hikari.pool.HikariPool.createTimeoutException(HikariPool.java:709)
	at com.zaxxer.hikari.pool.HikariPool.getConnection(HikariPool.java:188)
	at com.zaxxer.hikari.pool.HikariPool.getConnection(HikariPool.java:146)
	at com.zaxxer.hikari.HikariDataSource.getConnection(HikariDataSource.java:127)
	at org.hibernate.engine.jdbc.connections.internal.DatasourceConnectionProviderImpl.getConnection(DatasourceConnectionProviderImpl.java:126)
	at org.hibernate.internal.NonContextualJdbcConnectionAccess.obtainConnection(NonContextualJdbcConnectionAccess.java:46)
	at org.hibernate.resource.jdbc.internal.LogicalConnectionManagedImpl.acquireConnectionIfNeeded(LogicalConnectionManagedImpl.java:126)
	... 92 more
2026-07-10T15:23:48.690+05:30  WARN 25888 --- [RMS-Backend] [nio-8091-exec-9] o.h.engine.jdbc.spi.SqlExceptionHelper   : SQL Error: 0, SQLState: null
2026-07-10T15:23:48.690+05:30 ERROR 25888 --- [RMS-Backend] [nio-8091-exec-9] o.h.engine.jdbc.spi.SqlExceptionHelper   : HikariPool-3 - Connection is not available, request timed out after 30011ms (total=2, active=2, idle=0, waiting=3)
org.springframework.dao.DataAccessResourceFailureException: Unable to acquire JDBC Connection [HikariPool-3 - Connection is not available, request timed out after 30011ms (total=2, active=2, idle=0, waiting=3)] [n/a]
	at org.springframework.orm.jpa.vendor.HibernateJpaDialect.convertHibernateAccessException(HibernateJpaDialect.java:278)
	at org.springframework.orm.jpa.vendor.HibernateJpaDialect.convertHibernateAccessException(HibernateJpaDialect.java:256)
	at org.springframework.orm.jpa.vendor.HibernateJpaDialect.translateExceptionIfPossible(HibernateJpaDialect.java:241)
	at org.springframework.orm.jpa.AbstractEntityManagerFactoryBean.translateExceptionIfPossible(AbstractEntityManagerFactoryBean.java:560)
	at org.springframework.dao.support.ChainedPersistenceExceptionTranslator.translateExceptionIfPossible(ChainedPersistenceExceptionTranslator.java:61)
	at org.springframework.dao.support.DataAccessUtils.translateIfNecessary(DataAccessUtils.java:343)
	at org.springframework.dao.support.PersistenceExceptionTranslationInterceptor.invoke(PersistenceExceptionTranslationInterceptor.java:160)
	at org.springframework.aop.framework.ReflectiveMethodInvocation.proceed(ReflectiveMethodInvocation.java:184)
	at org.springframework.data.jpa.repository.support.CrudMethodMetadataPostProcessor$CrudMethodMetadataPopulatingMethodInterceptor.invoke(CrudMethodMetadataPostProcessor.java:136)
	at org.springframework.aop.framework.ReflectiveMethodInvocation.proceed(ReflectiveMethodInvocation.java:184)
	at org.springframework.aop.framework.JdkDynamicAopProxy.invoke(JdkDynamicAopProxy.java:223)
	at jdk.proxy6/jdk.proxy6.$Proxy237.findByDomainUrl(Unknown Source)
	at com.rms.modules.customer.controllers.CustRestaurantBranchController.resolveTenantRestaurantId(CustRestaurantBranchController.java:136)
	at com.rms.modules.customer.controllers.CustRestaurantBranchController.getPublicActiveBranches(CustRestaurantBranchController.java:70)
	at jdk.internal.reflect.GeneratedMethodAccessor319.invoke(Unknown Source)
	at java.base/jdk.internal.reflect.DelegatingMethodAccessorImpl.invoke(DelegatingMethodAccessorImpl.java:43)
	at java.base/java.lang.reflect.Method.invoke(Method.java:568)
	at org.springframework.web.method.support.InvocableHandlerMethod.doInvoke(InvocableHandlerMethod.java:258)
	at org.springframework.web.method.support.InvocableHandlerMethod.invokeForRequest(InvocableHandlerMethod.java:191)
	at org.springframework.web.servlet.mvc.method.annotation.ServletInvocableHandlerMethod.invokeAndHandle(ServletInvocableHandlerMethod.java:118)
	at org.springframework.web.servlet.mvc.method.annotation.RequestMappingHandlerAdapter.invokeHandlerMethod(RequestMappingHandlerAdapter.java:986)
	at org.springframework.web.servlet.mvc.method.annotation.RequestMappingHandlerAdapter.handleInternal(RequestMappingHandlerAdapter.java:891)
	at org.springframework.web.servlet.mvc.method.AbstractHandlerMethodAdapter.handle(AbstractHandlerMethodAdapter.java:87)
	at org.springframework.web.servlet.DispatcherServlet.doDispatch(DispatcherServlet.java:1089)
	at org.springframework.web.servlet.DispatcherServlet.doService(DispatcherServlet.java:979)
	at org.springframework.web.servlet.FrameworkServlet.processRequest(FrameworkServlet.java:1014)
	at org.springframework.web.servlet.FrameworkServlet.doGet(FrameworkServlet.java:903)
	at jakarta.servlet.http.HttpServlet.service(HttpServlet.java:564)
	at org.springframework.web.servlet.FrameworkServlet.service(FrameworkServlet.java:885)
	at jakarta.servlet.http.HttpServlet.service(HttpServlet.java:658)
	at org.apache.catalina.core.ApplicationFilterChain.internalDoFilter(ApplicationFilterChain.java:195)
	at org.apache.catalina.core.ApplicationFilterChain.doFilter(ApplicationFilterChain.java:140)
	at org.apache.tomcat.websocket.server.WsFilter.doFilter(WsFilter.java:51)
	at org.apache.catalina.core.ApplicationFilterChain.internalDoFilter(ApplicationFilterChain.java:164)
	at org.apache.catalina.core.ApplicationFilterChain.doFilter(ApplicationFilterChain.java:140)
	at org.springframework.web.filter.RequestContextFilter.doFilterInternal(RequestContextFilter.java:100)
	at org.springframework.web.filter.OncePerRequestFilter.doFilter(OncePerRequestFilter.java:116)
	at org.apache.catalina.core.ApplicationFilterChain.internalDoFilter(ApplicationFilterChain.java:164)
	at org.apache.catalina.core.ApplicationFilterChain.doFilter(ApplicationFilterChain.java:140)
	at org.springframework.web.filter.FormContentFilter.doFilterInternal(FormContentFilter.java:93)
	at org.springframework.web.filter.OncePerRequestFilter.doFilter(OncePerRequestFilter.java:116)
	at org.apache.catalina.core.ApplicationFilterChain.internalDoFilter(ApplicationFilterChain.java:164)
	at org.apache.catalina.core.ApplicationFilterChain.doFilter(ApplicationFilterChain.java:140)
	at org.springframework.web.filter.CharacterEncodingFilter.doFilterInternal(CharacterEncodingFilter.java:201)
	at org.springframework.web.filter.OncePerRequestFilter.doFilter(OncePerRequestFilter.java:116)
	at org.apache.catalina.core.ApplicationFilterChain.internalDoFilter(ApplicationFilterChain.java:164)
	at org.apache.catalina.core.ApplicationFilterChain.doFilter(ApplicationFilterChain.java:140)
	at org.apache.catalina.core.StandardWrapperValve.invoke(StandardWrapperValve.java:167)
	at org.apache.catalina.core.StandardContextValve.invoke(StandardContextValve.java:90)
	at org.apache.catalina.authenticator.AuthenticatorBase.invoke(AuthenticatorBase.java:483)
	at org.apache.catalina.core.StandardHostValve.invoke(StandardHostValve.java:116)
	at org.apache.catalina.valves.ErrorReportValve.invoke(ErrorReportValve.java:93)
	at org.apache.catalina.core.StandardEngineValve.invoke(StandardEngineValve.java:74)
	at org.apache.catalina.connector.CoyoteAdapter.service(CoyoteAdapter.java:344)
	at org.apache.coyote.http11.Http11Processor.service(Http11Processor.java:398)
	at org.apache.coyote.AbstractProcessorLight.process(AbstractProcessorLight.java:63)
	at org.apache.coyote.AbstractProtocol$ConnectionHandler.process(AbstractProtocol.java:903)
	at org.apache.tomcat.util.net.NioEndpoint$SocketProcessor.doRun(NioEndpoint.java:1740)
	at org.apache.tomcat.util.net.SocketProcessorBase.run(SocketProcessorBase.java:52)
	at org.apache.tomcat.util.threads.ThreadPoolExecutor.runWorker(ThreadPoolExecutor.java:1189)
	at org.apache.tomcat.util.threads.ThreadPoolExecutor$Worker.run(ThreadPoolExecutor.java:658)
	at org.apache.tomcat.util.threads.TaskThread$WrappingRunnable.run(TaskThread.java:63)
	at java.base/java.lang.Thread.run(Thread.java:842)
Caused by: org.hibernate.exception.JDBCConnectionException: Unable to acquire JDBC Connection [HikariPool-3 - Connection is not available, request timed out after 30011ms (total=2, active=2, idle=0, waiting=3)] [n/a]
	at org.hibernate.exception.internal.SQLExceptionTypeDelegate.convert(SQLExceptionTypeDelegate.java:51)
	at org.hibernate.exception.internal.StandardSQLExceptionConverter.convert(StandardSQLExceptionConverter.java:58)
	at org.hibernate.engine.jdbc.spi.SqlExceptionHelper.convert(SqlExceptionHelper.java:108)
	at org.hibernate.engine.jdbc.spi.SqlExceptionHelper.convert(SqlExceptionHelper.java:94)
	at org.hibernate.resource.jdbc.internal.LogicalConnectionManagedImpl.acquireConnectionIfNeeded(LogicalConnectionManagedImpl.java:129)
	at org.hibernate.resource.jdbc.internal.LogicalConnectionManagedImpl.getPhysicalConnection(LogicalConnectionManagedImpl.java:156)
	at org.hibernate.engine.jdbc.internal.StatementPreparerImpl.connection(StatementPreparerImpl.java:56)
	at org.hibernate.engine.jdbc.internal.StatementPreparerImpl$4.doPrepare(StatementPreparerImpl.java:151)
	at org.hibernate.engine.jdbc.internal.StatementPreparerImpl$StatementPreparationTemplate.prepareStatement(StatementPreparerImpl.java:180)
	at org.hibernate.engine.jdbc.internal.StatementPreparerImpl.prepareQueryStatement(StatementPreparerImpl.java:153)
	at org.hibernate.sql.exec.internal.StandardStatementCreator.createStatement(StandardStatementCreator.java:49)
	at org.hibernate.sql.results.jdbc.internal.DeferredResultSetAccess.executeQuery(DeferredResultSetAccess.java:235)
	at org.hibernate.sql.results.jdbc.internal.DeferredResultSetAccess.getResultSet(DeferredResultSetAccess.java:171)
	at org.hibernate.sql.results.jdbc.internal.JdbcValuesResultSetImpl.<init>(JdbcValuesResultSetImpl.java:74)
	at org.hibernate.sql.exec.internal.JdbcSelectExecutorStandardImpl.resolveJdbcValuesSource(JdbcSelectExecutorStandardImpl.java:355)
	at org.hibernate.sql.exec.internal.JdbcSelectExecutorStandardImpl.doExecuteQuery(JdbcSelectExecutorStandardImpl.java:137)
	at org.hibernate.sql.exec.internal.JdbcSelectExecutorStandardImpl.executeQuery(JdbcSelectExecutorStandardImpl.java:102)
	at org.hibernate.sql.exec.spi.JdbcSelectExecutor.executeQuery(JdbcSelectExecutor.java:91)
	at org.hibernate.sql.exec.spi.JdbcSelectExecutor.list(JdbcSelectExecutor.java:165)
	at org.hibernate.query.sqm.internal.ConcreteSqmSelectQueryPlan.lambda$new$1(ConcreteSqmSelectQueryPlan.java:152)
	at org.hibernate.query.sqm.internal.ConcreteSqmSelectQueryPlan.withCacheableSqmInterpretation(ConcreteSqmSelectQueryPlan.java:442)
	at org.hibernate.query.sqm.internal.ConcreteSqmSelectQueryPlan.performList(ConcreteSqmSelectQueryPlan.java:362)
	at org.hibernate.query.sqm.internal.QuerySqmImpl.doList(QuerySqmImpl.java:380)
	at org.hibernate.query.spi.AbstractSelectionQuery.list(AbstractSelectionQuery.java:143)
	at org.hibernate.query.spi.AbstractSelectionQuery.getSingleResult(AbstractSelectionQuery.java:275)
	at org.springframework.data.jpa.repository.query.JpaQueryExecution$SingleEntityExecution.doExecute(JpaQueryExecution.java:224)
	at org.springframework.data.jpa.repository.query.JpaQueryExecution.execute(JpaQueryExecution.java:93)
	at org.springframework.data.jpa.repository.query.AbstractJpaQuery.doExecute(AbstractJpaQuery.java:159)
	at org.springframework.data.jpa.repository.query.AbstractJpaQuery.execute(AbstractJpaQuery.java:147)
	at org.springframework.data.repository.core.support.RepositoryMethodInvoker.doInvoke(RepositoryMethodInvoker.java:170)
	at org.springframework.data.repository.core.support.RepositoryMethodInvoker.invoke(RepositoryMethodInvoker.java:158)
	at org.springframework.data.repository.core.support.QueryExecutorMethodInterceptor.doInvoke(QueryExecutorMethodInterceptor.java:170)
	at org.springframework.data.repository.core.support.QueryExecutorMethodInterceptor.invoke(QueryExecutorMethodInterceptor.java:149)
	at org.springframework.aop.framework.ReflectiveMethodInvocation.proceed(ReflectiveMethodInvocation.java:184)
	at org.springframework.data.projection.DefaultMethodInvokingMethodInterceptor.invoke(DefaultMethodInvokingMethodInterceptor.java:69)
	at org.springframework.aop.framework.ReflectiveMethodInvocation.proceed(ReflectiveMethodInvocation.java:184)
	at org.springframework.transaction.interceptor.TransactionAspectSupport.invokeWithinTransaction(TransactionAspectSupport.java:380)
	at org.springframework.transaction.interceptor.TransactionInterceptor.invoke(TransactionInterceptor.java:119)
	at org.springframework.aop.framework.ReflectiveMethodInvocation.proceed(ReflectiveMethodInvocation.java:184)
	at org.springframework.dao.support.PersistenceExceptionTranslationInterceptor.invoke(PersistenceExceptionTranslationInterceptor.java:138)
	... 56 more
Caused by: java.sql.SQLTransientConnectionException: HikariPool-3 - Connection is not available, request timed out after 30011ms (total=2, active=2, idle=0, waiting=3)
	at com.zaxxer.hikari.pool.HikariPool.createTimeoutException(HikariPool.java:709)
	at com.zaxxer.hikari.pool.HikariPool.getConnection(HikariPool.java:188)
	at com.zaxxer.hikari.pool.HikariPool.getConnection(HikariPool.java:146)
	at com.zaxxer.hikari.HikariDataSource.getConnection(HikariDataSource.java:127)
	at org.hibernate.engine.jdbc.connections.internal.DatasourceConnectionProviderImpl.getConnection(DatasourceConnectionProviderImpl.java:126)
	at org.hibernate.internal.NonContextualJdbcConnectionAccess.obtainConnection(NonContextualJdbcConnectionAccess.java:46)
	at org.hibernate.resource.jdbc.internal.LogicalConnectionManagedImpl.acquireConnectionIfNeeded(LogicalConnectionManagedImpl.java:126)
	... 91 more
2026-07-10T15:24:12.569+05:30  WARN 25888 --- [RMS-Backend] [nio-8091-exec-6] o.h.engine.jdbc.spi.SqlExceptionHelper   : SQL Error: 0, SQLState: null
2026-07-10T15:24:12.569+05:30 ERROR 25888 --- [RMS-Backend] [nio-8091-exec-6] o.h.engine.jdbc.spi.SqlExceptionHelper   : HikariPool-3 - Connection is not available, request timed out after 30004ms (total=3, active=3, idle=0, waiting=0)
org.springframework.transaction.CannotCreateTransactionException: Could not open JPA EntityManager for transaction
	at org.springframework.orm.jpa.JpaTransactionManager.doBegin(JpaTransactionManager.java:466)
	at org.springframework.transaction.support.AbstractPlatformTransactionManager.startTransaction(AbstractPlatformTransactionManager.java:532)
	at org.springframework.transaction.support.AbstractPlatformTransactionManager.getTransaction(AbstractPlatformTransactionManager.java:405)
	at org.springframework.transaction.interceptor.TransactionAspectSupport.createTransactionIfNecessary(TransactionAspectSupport.java:639)
	at org.springframework.transaction.interceptor.TransactionAspectSupport.invokeWithinTransaction(TransactionAspectSupport.java:374)
	at org.springframework.transaction.interceptor.TransactionInterceptor.invoke(TransactionInterceptor.java:119)
	at org.springframework.aop.framework.ReflectiveMethodInvocation.proceed(ReflectiveMethodInvocation.java:184)
	at org.springframework.dao.support.PersistenceExceptionTranslationInterceptor.invoke(PersistenceExceptionTranslationInterceptor.java:138)
	at org.springframework.aop.framework.ReflectiveMethodInvocation.proceed(ReflectiveMethodInvocation.java:184)
	at org.springframework.data.jpa.repository.support.CrudMethodMetadataPostProcessor$CrudMethodMetadataPopulatingMethodInterceptor.invoke(CrudMethodMetadataPostProcessor.java:165)
	at org.springframework.aop.framework.ReflectiveMethodInvocation.proceed(ReflectiveMethodInvocation.java:184)
	at org.springframework.aop.framework.JdkDynamicAopProxy.invoke(JdkDynamicAopProxy.java:223)
	at jdk.proxy6/jdk.proxy6.$Proxy240.findAll(Unknown Source)
	at com.rms.modules.customer.services.CustMenuCategoryService.getMenuCategoriesWithFilters(CustMenuCategoryService.java:179)
	at com.rms.modules.customer.controllers.CustMenuCategoryController.getMenuItemsWithFiltersPublic(CustMenuCategoryController.java:54)
	at jdk.internal.reflect.GeneratedMethodAccessor320.invoke(Unknown Source)
	at java.base/jdk.internal.reflect.DelegatingMethodAccessorImpl.invoke(DelegatingMethodAccessorImpl.java:43)
	at java.base/java.lang.reflect.Method.invoke(Method.java:568)
	at org.springframework.web.method.support.InvocableHandlerMethod.doInvoke(InvocableHandlerMethod.java:258)
	at org.springframework.web.method.support.InvocableHandlerMethod.invokeForRequest(InvocableHandlerMethod.java:191)
	at org.springframework.web.servlet.mvc.method.annotation.ServletInvocableHandlerMethod.invokeAndHandle(ServletInvocableHandlerMethod.java:118)
	at org.springframework.web.servlet.mvc.method.annotation.RequestMappingHandlerAdapter.invokeHandlerMethod(RequestMappingHandlerAdapter.java:986)
	at org.springframework.web.servlet.mvc.method.annotation.RequestMappingHandlerAdapter.handleInternal(RequestMappingHandlerAdapter.java:891)
	at org.springframework.web.servlet.mvc.method.AbstractHandlerMethodAdapter.handle(AbstractHandlerMethodAdapter.java:87)
	at org.springframework.web.servlet.DispatcherServlet.doDispatch(DispatcherServlet.java:1089)
	at org.springframework.web.servlet.DispatcherServlet.doService(DispatcherServlet.java:979)
	at org.springframework.web.servlet.FrameworkServlet.processRequest(FrameworkServlet.java:1014)
	at org.springframework.web.servlet.FrameworkServlet.doGet(FrameworkServlet.java:903)
	at jakarta.servlet.http.HttpServlet.service(HttpServlet.java:564)
	at org.springframework.web.servlet.FrameworkServlet.service(FrameworkServlet.java:885)
	at jakarta.servlet.http.HttpServlet.service(HttpServlet.java:658)
	at org.apache.catalina.core.ApplicationFilterChain.internalDoFilter(ApplicationFilterChain.java:195)
	at org.apache.catalina.core.ApplicationFilterChain.doFilter(ApplicationFilterChain.java:140)
	at org.apache.tomcat.websocket.server.WsFilter.doFilter(WsFilter.java:51)
	at org.apache.catalina.core.ApplicationFilterChain.internalDoFilter(ApplicationFilterChain.java:164)
	at org.apache.catalina.core.ApplicationFilterChain.doFilter(ApplicationFilterChain.java:140)
	at org.springframework.web.filter.RequestContextFilter.doFilterInternal(RequestContextFilter.java:100)
	at org.springframework.web.filter.OncePerRequestFilter.doFilter(OncePerRequestFilter.java:116)
	at org.apache.catalina.core.ApplicationFilterChain.internalDoFilter(ApplicationFilterChain.java:164)
	at org.apache.catalina.core.ApplicationFilterChain.doFilter(ApplicationFilterChain.java:140)
	at org.springframework.web.filter.FormContentFilter.doFilterInternal(FormContentFilter.java:93)
	at org.springframework.web.filter.OncePerRequestFilter.doFilter(OncePerRequestFilter.java:116)
	at org.apache.catalina.core.ApplicationFilterChain.internalDoFilter(ApplicationFilterChain.java:164)
	at org.apache.catalina.core.ApplicationFilterChain.doFilter(ApplicationFilterChain.java:140)
	at org.springframework.web.filter.CharacterEncodingFilter.doFilterInternal(CharacterEncodingFilter.java:201)
	at org.springframework.web.filter.OncePerRequestFilter.doFilter(OncePerRequestFilter.java:116)
	at org.apache.catalina.core.ApplicationFilterChain.internalDoFilter(ApplicationFilterChain.java:164)
	at org.apache.catalina.core.ApplicationFilterChain.doFilter(ApplicationFilterChain.java:140)
	at org.apache.catalina.core.StandardWrapperValve.invoke(StandardWrapperValve.java:167)
	at org.apache.catalina.core.StandardContextValve.invoke(StandardContextValve.java:90)
	at org.apache.catalina.authenticator.AuthenticatorBase.invoke(AuthenticatorBase.java:483)
	at org.apache.catalina.core.StandardHostValve.invoke(StandardHostValve.java:116)
	at org.apache.catalina.valves.ErrorReportValve.invoke(ErrorReportValve.java:93)
	at org.apache.catalina.core.StandardEngineValve.invoke(StandardEngineValve.java:74)
	at org.apache.catalina.connector.CoyoteAdapter.service(CoyoteAdapter.java:344)
	at org.apache.coyote.http11.Http11Processor.service(Http11Processor.java:398)
	at org.apache.coyote.AbstractProcessorLight.process(AbstractProcessorLight.java:63)
	at org.apache.coyote.AbstractProtocol$ConnectionHandler.process(AbstractProtocol.java:903)
	at org.apache.tomcat.util.net.NioEndpoint$SocketProcessor.doRun(NioEndpoint.java:1740)
	at org.apache.tomcat.util.net.SocketProcessorBase.run(SocketProcessorBase.java:52)
	at org.apache.tomcat.util.threads.ThreadPoolExecutor.runWorker(ThreadPoolExecutor.java:1189)
	at org.apache.tomcat.util.threads.ThreadPoolExecutor$Worker.run(ThreadPoolExecutor.java:658)
	at org.apache.tomcat.util.threads.TaskThread$WrappingRunnable.run(TaskThread.java:63)
	at java.base/java.lang.Thread.run(Thread.java:842)
Caused by: org.hibernate.exception.JDBCConnectionException: Unable to acquire JDBC Connection [HikariPool-3 - Connection is not available, request timed out after 30004ms (total=3, active=3, idle=0, waiting=0)] [n/a]
	at org.hibernate.exception.internal.SQLExceptionTypeDelegate.convert(SQLExceptionTypeDelegate.java:51)
	at org.hibernate.exception.internal.StandardSQLExceptionConverter.convert(StandardSQLExceptionConverter.java:58)
	at org.hibernate.engine.jdbc.spi.SqlExceptionHelper.convert(SqlExceptionHelper.java:108)
	at org.hibernate.engine.jdbc.spi.SqlExceptionHelper.convert(SqlExceptionHelper.java:94)
	at org.hibernate.resource.jdbc.internal.LogicalConnectionManagedImpl.acquireConnectionIfNeeded(LogicalConnectionManagedImpl.java:129)
	at org.hibernate.resource.jdbc.internal.LogicalConnectionManagedImpl.getPhysicalConnection(LogicalConnectionManagedImpl.java:156)
	at org.springframework.orm.jpa.vendor.HibernateJpaDialect.beginTransaction(HibernateJpaDialect.java:164)
	at org.springframework.orm.jpa.JpaTransactionManager.doBegin(JpaTransactionManager.java:420)
	... 63 more
Caused by: java.sql.SQLTransientConnectionException: HikariPool-3 - Connection is not available, request timed out after 30004ms (total=3, active=3, idle=0, waiting=0)
	at com.zaxxer.hikari.pool.HikariPool.createTimeoutException(HikariPool.java:709)
	at com.zaxxer.hikari.pool.HikariPool.getConnection(HikariPool.java:188)
	at com.zaxxer.hikari.pool.HikariPool.getConnection(HikariPool.java:146)
	at com.zaxxer.hikari.HikariDataSource.getConnection(HikariDataSource.java:127)
	at org.hibernate.engine.jdbc.connections.internal.DatasourceConnectionProviderImpl.getConnection(DatasourceConnectionProviderImpl.java:126)
	at org.hibernate.internal.NonContextualJdbcConnectionAccess.obtainConnection(NonContextualJdbcConnectionAccess.java:46)
	at org.hibernate.resource.jdbc.internal.LogicalConnectionManagedImpl.acquireConnectionIfNeeded(LogicalConnectionManagedImpl.java:126)
	... 66 more
Branch user found. BranchUser ID: 4
---- Building JPA Specification ----
Predicate list initialized
Creating JOIN with branch
Creating LEFT JOIN with category
Creating LEFT JOIN with subcategory
Final predicate count: 4
====== getMenuItemsWithFilters() END ======
====== getMenuItemsWithFilters() END ======
====== getMenuItemsWithFilters() START ======
Input branchId       : 4
Input categoryId     : null
Input subcategoryId  : null
Input searchValue    : null
Input pageNumber     : 0
Input pageSize       : 200
Input dietaryType    : null
Input recommended    : null
Input token          : null
Fetching branch user from DB for branchId: 4
2026-07-10T15:29:19.165+05:30  WARN 25888 --- [RMS-Backend] [io-8091-exec-10] com.zaxxer.hikari.pool.PoolBase          : HikariPool-3 - Failed to validate connection org.postgresql.jdbc.PgConnection@2ce88c5c (This connection has been closed.). Possibly consider using a shorter maxLifetime value.
2026-07-10T15:29:19.175+05:30  WARN 25888 --- [RMS-Backend] [nio-8091-exec-4] com.zaxxer.hikari.pool.PoolBase          : HikariPool-3 - Failed to validate connection org.postgresql.jdbc.PgConnection@60863902 (This connection has been closed.). Possibly consider using a shorter maxLifetime value.
2026-07-10T15:29:19.178+05:30  WARN 25888 --- [RMS-Backend] [nio-8091-exec-2] com.zaxxer.hikari.pool.PoolBase          : HikariPool-3 - Failed to validate connection org.postgresql.jdbc.PgConnection@15375115 (This connection has been closed.). Possibly consider using a shorter maxLifetime value.
2026-07-10T15:29:19.182+05:30  WARN 25888 --- [RMS-Backend] [nio-8091-exec-2] com.zaxxer.hikari.pool.PoolBase          : HikariPool-3 - Failed to validate connection org.postgresql.jdbc.PgConnection@6f89c954 (This connection has been closed.). Possibly consider using a shorter maxLifetime value.
2026-07-10T15:29:19.205+05:30  WARN 25888 --- [RMS-Backend] [nio-8091-exec-4] com.zaxxer.hikari.pool.PoolBase          : HikariPool-3 - Failed to validate connection org.postgresql.jdbc.PgConnection@45e5f39f (This connection has been closed.). Possibly consider using a shorter maxLifetime value.
2026-07-10T15:29:19.207+05:30  WARN 25888 --- [RMS-Backend] [io-8091-exec-10] com.zaxxer.hikari.pool.PoolBase          : HikariPool-3 - Failed to validate connection org.postgresql.jdbc.PgConnection@cc0a5bb (This connection has been closed.). Possibly consider using a shorter maxLifetime value.
2026-07-10T15:29:19.207+05:30  WARN 25888 --- [RMS-Backend] [nio-8091-exec-2] com.zaxxer.hikari.pool.PoolBase          : HikariPool-3 - Failed to validate connection org.postgresql.jdbc.PgConnection@21ae9ca1 (This connection has been closed.). Possibly consider using a shorter maxLifetime value.
2026-07-10T15:29:19.209+05:30  WARN 25888 --- [RMS-Backend] [io-8091-exec-10] com.zaxxer.hikari.pool.PoolBase          : HikariPool-3 - Failed to validate connection org.postgresql.jdbc.PgConnection@2618b629 (This connection has been closed.). Possibly consider using a shorter maxLifetime value.
2026-07-10T15:29:19.211+05:30  WARN 25888 --- [RMS-Backend] [nio-8091-exec-4] com.zaxxer.hikari.pool.PoolBase          : HikariPool-3 - Failed to validate connection org.postgresql.jdbc.PgConnection@6442f597 (This connection has been closed.). Possibly consider using a shorter maxLifetime value.
2026-07-10T15:29:19.215+05:30  WARN 25888 --- [RMS-Backend] [nio-8091-exec-2] com.zaxxer.hikari.pool.PoolBase          : HikariPool-3 - Failed to validate connection org.postgresql.jdbc.PgConnection@6a7096e0 (This connection has been closed.). Possibly consider using a shorter maxLifetime value.
Branch user found. BranchUser ID: 4
---- Building JPA Specification ----
Predicate list initialized
Creating JOIN with branch
Creating LEFT JOIN with category
Creating LEFT JOIN with subcategory
Final predicate count: 4
====== getMenuItemsWithFilters() END ======
====== getMenuItemsWithFilters() START ======
Input branchId       : 43
Input categoryId     : null
Input subcategoryId  : null
Input searchValue    : null
Input pageNumber     : 0
Input pageSize       : 200
Input dietaryType    : null
Input recommended    : null
Input token          : null
Fetching branch user from DB for branchId: 43
Branch user found. BranchUser ID: 43
---- Building JPA Specification ----
Predicate list initialized
Creating JOIN with branch
Creating LEFT JOIN with category
Creating LEFT JOIN with subcategory
Final predicate count: 4
====== getMenuItemsWithFilters() END ======
2026-07-10T16:16:26.635+05:30  WARN 25888 --- [RMS-Backend] [l-3:housekeeper] com.zaxxer.hikari.pool.PoolBase          : HikariPool-3 - Failed to validate connection org.postgresql.jdbc.PgConnection@d090bb8 (This connection has been closed.). Possibly consider using a shorter maxLifetime value.
2026-07-10T16:16:26.642+05:30  WARN 25888 --- [RMS-Backend] [l-3:housekeeper] com.zaxxer.hikari.pool.HikariPool        : HikariPool-3 - Thread starvation or clock leap detected (housekeeper delta=38m59s706ms191탎600ns).
2026-07-10T16:16:26.643+05:30  WARN 25888 --- [RMS-Backend] [l-3:housekeeper] com.zaxxer.hikari.pool.PoolBase          : HikariPool-3 - Failed to validate connection org.postgresql.jdbc.PgConnection@32ff0021 (This connection has been closed.). Possibly consider using a shorter maxLifetime value.
2026-07-10T16:16:26.645+05:30  WARN 25888 --- [RMS-Backend] [l-3:housekeeper] com.zaxxer.hikari.pool.PoolBase          : HikariPool-3 - Failed to validate connection org.postgresql.jdbc.PgConnection@303d8af7 (This connection has been closed.). Possibly consider using a shorter maxLifetime value.
2026-07-10T16:16:26.646+05:30  WARN 25888 --- [RMS-Backend] [l-3:housekeeper] com.zaxxer.hikari.pool.PoolBase          : HikariPool-3 - Failed to validate connection org.postgresql.jdbc.PgConnection@75ac0383 (This connection has been closed.). Possibly consider using a shorter maxLifetime value.
2026-07-10T16:16:26.646+05:30  WARN 25888 --- [RMS-Backend] [l-3:housekeeper] com.zaxxer.hikari.pool.PoolBase          : HikariPool-3 - Failed to validate connection org.postgresql.jdbc.PgConnection@1dd6c968 (This connection has been closed.). Possibly consider using a shorter maxLifetime value.
2026-07-10T16:16:26.648+05:30  WARN 25888 --- [RMS-Backend] [l-3:housekeeper] com.zaxxer.hikari.pool.PoolBase          : HikariPool-3 - Failed to validate connection org.postgresql.jdbc.PgConnection@57e23cfb (This connection has been closed.). Possibly consider using a shorter maxLifetime value.
2026-07-10T16:16:26.650+05:30  WARN 25888 --- [RMS-Backend] [l-3:housekeeper] com.zaxxer.hikari.pool.PoolBase          : HikariPool-3 - Failed to validate connection org.postgresql.jdbc.PgConnection@bd47ec2 (This connection has been closed.). Possibly consider using a shorter maxLifetime value.
2026-07-10T16:16:26.650+05:30  WARN 25888 --- [RMS-Backend] [l-3:housekeeper] com.zaxxer.hikari.pool.PoolBase          : HikariPool-3 - Failed to validate connection org.postgresql.jdbc.PgConnection@1e71c420 (This connection has been closed.). Possibly consider using a shorter maxLifetime value.
2026-07-10T16:16:26.652+05:30  WARN 25888 --- [RMS-Backend] [l-3:housekeeper] com.zaxxer.hikari.pool.PoolBase          : HikariPool-3 - Failed to validate connection org.postgresql.jdbc.PgConnection@3547c30f (This connection has been closed.). Possibly consider using a shorter maxLifetime value.
2026-07-10T16:16:26.652+05:30  WARN 25888 --- [RMS-Backend] [l-3:housekeeper] com.zaxxer.hikari.pool.PoolBase          : HikariPool-3 - Failed to validate connection org.postgresql.jdbc.PgConnection@738424b8 (This connection has been closed.). Possibly consider using a shorter maxLifetime value.
2026-07-10T19:45:08.011+05:30  WARN 25888 --- [RMS-Backend] [onnection-adder] com.zaxxer.hikari.pool.PoolBase          : HikariPool-3 - Pool is empty, failed to create/setup connection (19b1e916-ea1e-4ff7-804d-e337228424ea)

org.postgresql.util.PSQLException: The connection attempt failed.
	at org.postgresql.core.v3.ConnectionFactoryImpl.openConnectionImpl(ConnectionFactoryImpl.java:364) ~[postgresql-42.7.5.jar:42.7.5]
	at org.postgresql.core.ConnectionFactory.openConnection(ConnectionFactory.java:54) ~[postgresql-42.7.5.jar:42.7.5]
	at org.postgresql.jdbc.PgConnection.<init>(PgConnection.java:273) ~[postgresql-42.7.5.jar:42.7.5]
	at org.postgresql.Driver.makeConnection(Driver.java:446) ~[postgresql-42.7.5.jar:42.7.5]
	at org.postgresql.Driver.connect(Driver.java:298) ~[postgresql-42.7.5.jar:42.7.5]
	at com.zaxxer.hikari.util.DriverDataSource.getConnection(DriverDataSource.java:139) ~[HikariCP-6.3.0.jar:na]
	at com.zaxxer.hikari.pool.PoolBase.newConnection(PoolBase.java:368) ~[HikariCP-6.3.0.jar:na]
	at com.zaxxer.hikari.pool.PoolBase.newPoolEntry(PoolBase.java:205) ~[HikariCP-6.3.0.jar:na]
	at com.zaxxer.hikari.pool.HikariPool.createPoolEntry(HikariPool.java:483) ~[HikariCP-6.3.0.jar:na]
	at com.zaxxer.hikari.pool.HikariPool$PoolEntryCreator.call(HikariPool.java:747) ~[HikariCP-6.3.0.jar:na]
	at com.zaxxer.hikari.pool.HikariPool$PoolEntryCreator.call(HikariPool.java:726) ~[HikariCP-6.3.0.jar:na]
	at java.base/java.util.concurrent.FutureTask.run(FutureTask.java:264) ~[na:na]
	at java.base/java.util.concurrent.ThreadPoolExecutor.runWorker(ThreadPoolExecutor.java:1136) ~[na:na]
	at java.base/java.util.concurrent.ThreadPoolExecutor$Worker.run(ThreadPoolExecutor.java:635) ~[na:na]
	at java.base/java.lang.Thread.run(Thread.java:842) ~[na:na]
Caused by: java.net.UnknownHostException: db.wcjsezlljrxmnymoowjx.supabase.co
	at java.base/sun.nio.ch.NioSocketImpl.connect(NioSocketImpl.java:572) ~[na:na]
	at java.base/java.net.SocksSocketImpl.connect(SocksSocketImpl.java:327) ~[na:na]
	at java.base/java.net.Socket.connect(Socket.java:633) ~[na:na]
	at org.postgresql.core.PGStream.createSocket(PGStream.java:260) ~[postgresql-42.7.5.jar:42.7.5]
	at org.postgresql.core.PGStream.<init>(PGStream.java:121) ~[postgresql-42.7.5.jar:42.7.5]
	at org.postgresql.core.v3.ConnectionFactoryImpl.tryConnect(ConnectionFactoryImpl.java:140) ~[postgresql-42.7.5.jar:42.7.5]
	at org.postgresql.core.v3.ConnectionFactoryImpl.openConnectionImpl(ConnectionFactoryImpl.java:268) ~[postgresql-42.7.5.jar:42.7.5]
	... 14 common frames omitted

====== getMenuItemsWithFilters() START ======
Input branchId       : 4
Input categoryId     : null
Input subcategoryId  : null
Input searchValue    : null
Input pageNumber     : 0
Input pageSize       : 200
Input dietaryType    : null
Input recommended    : null
Input token          : null
Fetching branch user from DB for branchId: 4
Branch user found. BranchUser ID: 4
---- Building JPA Specification ----
Predicate list initialized
Creating JOIN with branch
Creating LEFT JOIN with category
Creating LEFT JOIN with subcategory
Final predicate count: 4
====== getMenuItemsWithFilters() END ======
====== getMenuItemsWithFilters() START ======
Input branchId       : 43
Input categoryId     : null
Input subcategoryId  : null
Input searchValue    : null
Input pageNumber     : 0
Input pageSize       : 200
Input dietaryType    : null
Input recommended    : null
Input token          : null
Fetching branch user from DB for branchId: 43
Branch user found. BranchUser ID: 43
---- Building JPA Specification ----
Predicate list initialized
Creating JOIN with branch
Creating LEFT JOIN with category
Creating LEFT JOIN with subcategory
Final predicate count: 4
====== getMenuItemsWithFilters() END ======
2026-07-10T19:45:35.411+05:30  WARN 25888 --- [RMS-Backend] [l-3:housekeeper] com.zaxxer.hikari.pool.HikariPool        : HikariPool-3 - Thread starvation or clock leap detected (housekeeper delta=3h29m8s769ms558탎100ns).
====== getMenuItemsWithFilters() START ======
Input branchId       : 43
Input categoryId     : null
Input subcategoryId  : null
Input searchValue    : null
Input pageNumber     : 0
Input pageSize       : 200
Input dietaryType    : null
Input recommended    : null
Input token          : null
Fetching branch user from DB for branchId: 43
Branch user found. BranchUser ID: 43
---- Building JPA Specification ----
Predicate list initialized
Creating JOIN with branch
Creating LEFT JOIN with category
Creating LEFT JOIN with subcategory
Final predicate count: 4
====== getMenuItemsWithFilters() END ======
====== getMenuItemsWithFilters() START ======
Input branchId       : 43
Input categoryId     : null
Input subcategoryId  : null
Input searchValue    : null
Input pageNumber     : 0
Input pageSize       : 200
Input dietaryType    : null
Input recommended    : null
Input token          : null
Fetching branch user from DB for branchId: 43
Branch user found. BranchUser ID: 43
---- Building JPA Specification ----
Predicate list initialized
Creating JOIN with branch
Creating LEFT JOIN with category
Creating LEFT JOIN with subcategory
Final predicate count: 4
====== getMenuItemsWithFilters() END ======
====== getMenuItemsWithFilters() START ======
Input branchId       : 43
Input categoryId     : null
Input subcategoryId  : null
Input searchValue    : null
Input pageNumber     : 0
Input pageSize       : 200
Input dietaryType    : null
Input recommended    : null
Input token          : null
Fetching branch user from DB for branchId: 43
Branch user found. BranchUser ID: 43
---- Building JPA Specification ----
Predicate list initialized
Creating JOIN with branch
Creating LEFT JOIN with category
Creating LEFT JOIN with subcategory
Final predicate count: 4
====== getMenuItemsWithFilters() END ======
====== getMenuItemsWithFilters() START ======
Input branchId       : 43
Input categoryId     : null
Input subcategoryId  : null
Input searchValue    : null
Input pageNumber     : 0
Input pageSize       : 200
Input dietaryType    : null
Input recommended    : null
Input token          : null
Fetching branch user from DB for branchId: 43
Branch user found. BranchUser ID: 43
---- Building JPA Specification ----
Predicate list initialized
Creating JOIN with branch
Creating LEFT JOIN with category
Creating LEFT JOIN with subcategory
Final predicate count: 4
====== getMenuItemsWithFilters() END ======
====== getMenuItemsWithFilters() START ======
Input branchId       : 43
Input categoryId     : null
Input subcategoryId  : null
Input searchValue    : null
Input pageNumber     : 0
Input pageSize       : 200
Input dietaryType    : null
Input recommended    : null
Input token          : null
Fetching branch user from DB for branchId: 43
Branch user found. BranchUser ID: 43
---- Building JPA Specification ----
Predicate list initialized
Creating JOIN with branch
Creating LEFT JOIN with category
Creating LEFT JOIN with subcategory
Final predicate count: 4
====== getMenuItemsWithFilters() END ======
====== getMenuItemsWithFilters() START ======
Input branchId       : 43
Input categoryId     : null
Input subcategoryId  : null
Input searchValue    : null
Input pageNumber     : 0
Input pageSize       : 200
Input dietaryType    : null
Input recommended    : null
Input token          : null
Fetching branch user from DB for branchId: 43
Branch user found. BranchUser ID: 43
---- Building JPA Specification ----
Predicate list initialized
Creating JOIN with branch
Creating LEFT JOIN with category
Creating LEFT JOIN with subcategory
Final predicate count: 4
====== getMenuItemsWithFilters() END ======
====== getMenuItemsWithFilters() START ======
Input branchId       : 43
Input categoryId     : null
Input subcategoryId  : null
Input searchValue    : null
Input pageNumber     : 0
Input pageSize       : 200
Input dietaryType    : null
Input recommended    : null
Input token          : null
Fetching branch user from DB for branchId: 43
Branch user found. BranchUser ID: 43
---- Building JPA Specification ----
Predicate list initialized
Creating JOIN with branch
Creating LEFT JOIN with category
Creating LEFT JOIN with subcategory
Final predicate count: 4
====== getMenuItemsWithFilters() END ======
====== getMenuItemsWithFilters() START ======
Input branchId       : 43
Input categoryId     : null
Input subcategoryId  : null
Input searchValue    : null
Input pageNumber     : 0
Input pageSize       : 200
Input dietaryType    : null
Input recommended    : null
Input token          : null
Fetching branch user from DB for branchId: 43
Branch user found. BranchUser ID: 43
---- Building JPA Specification ----
Predicate list initialized
Creating JOIN with branch
Creating LEFT JOIN with category
Creating LEFT JOIN with subcategory
Final predicate count: 4
====== getMenuItemsWithFilters() END ======
====== getMenuItemsWithFilters() START ======
Input branchId       : 43
Input categoryId     : null
Input subcategoryId  : null
Input searchValue    : null
Input pageNumber     : 0
Input pageSize       : 200
Input dietaryType    : null
Input recommended    : null
Input token          : null
Fetching branch user from DB for branchId: 43
Branch user found. BranchUser ID: 43
---- Building JPA Specification ----
Predicate list initialized
Creating JOIN with branch
Creating LEFT JOIN with category
Creating LEFT JOIN with subcategory
Final predicate count: 4
====== getMenuItemsWithFilters() END ======
====== getMenuItemsWithFilters() START ======
Input branchId       : 43
Input categoryId     : null
Input subcategoryId  : null
Input searchValue    : null
Input pageNumber     : 0
Input pageSize       : 200
Input dietaryType    : null
Input recommended    : null
Input token          : null
Fetching branch user from DB for branchId: 43
Branch user found. BranchUser ID: 43
---- Building JPA Specification ----
Predicate list initialized
Creating JOIN with branch
Creating LEFT JOIN with category
Creating LEFT JOIN with subcategory
Final predicate count: 4
====== getMenuItemsWithFilters() END ======
====== getMenuItemsWithFilters() START ======
Input branchId       : 43
Input categoryId     : null
Input subcategoryId  : null
Input searchValue    : null
Input pageNumber     : 0
Input pageSize       : 200
Input dietaryType    : null
Input recommended    : null
Input token          : null
Fetching branch user from DB for branchId: 43
Branch user found. BranchUser ID: 43
---- Building JPA Specification ----
Predicate list initialized
Creating JOIN with branch
Creating LEFT JOIN with category
Creating LEFT JOIN with subcategory
Final predicate count: 4
====== getMenuItemsWithFilters() END ======
====== getMenuItemsWithFilters() START ======
Input branchId       : 43
Input categoryId     : null
Input subcategoryId  : null
Input searchValue    : null
Input pageNumber     : 0
Input pageSize       : 200
Input dietaryType    : null
Input recommended    : null
Input token          : null
Fetching branch user from DB for branchId: 43
Branch user found. BranchUser ID: 43
---- Building JPA Specification ----
Predicate list initialized
Creating JOIN with branch
Creating LEFT JOIN with category
Creating LEFT JOIN with subcategory
Final predicate count: 4
====== getMenuItemsWithFilters() END ======
====== getMenuItemsWithFilters() START ======
Input branchId       : 43
Input categoryId     : null
Input subcategoryId  : null
Input searchValue    : null
Input pageNumber     : 0
Input pageSize       : 200
Input dietaryType    : null
Input recommended    : null
Input token          : null
Fetching branch user from DB for branchId: 43
Branch user found. BranchUser ID: 43
---- Building JPA Specification ----
Predicate list initialized
Creating JOIN with branch
Creating LEFT JOIN with category
Creating LEFT JOIN with subcategory
Final predicate count: 4
====== getMenuItemsWithFilters() END ======
====== getMenuItemsWithFilters() START ======
Input branchId       : 43
Input categoryId     : null
Input subcategoryId  : null
Input searchValue    : null
Input pageNumber     : 0
Input pageSize       : 200
Input dietaryType    : null
Input recommended    : null
Input token          : null
Fetching branch user from DB for branchId: 43
Branch user found. BranchUser ID: 43
---- Building JPA Specification ----
Predicate list initialized
Creating JOIN with branch
Creating LEFT JOIN with category
Creating LEFT JOIN with subcategory
Final predicate count: 4
====== getMenuItemsWithFilters() END ======
====== getMenuItemsWithFilters() START ======
Input branchId       : 43
Input categoryId     : null
Input subcategoryId  : null
Input searchValue    : null
Input pageNumber     : 0
Input pageSize       : 200
Input dietaryType    : null
Input recommended    : null
Input token          : null
Fetching branch user from DB for branchId: 43
Branch user found. BranchUser ID: 43
---- Building JPA Specification ----
Predicate list initialized
Creating JOIN with branch
Creating LEFT JOIN with category
Creating LEFT JOIN with subcategory
Final predicate count: 4
====== getMenuItemsWithFilters() END ======
====== getMenuItemsWithFilters() START ======
Input branchId       : 43
Input categoryId     : null
Input subcategoryId  : null
Input searchValue    : null
Input pageNumber     : 0
Input pageSize       : 200
Input dietaryType    : null
Input recommended    : null
Input token          : null
Fetching branch user from DB for branchId: 43
Branch user found. BranchUser ID: 43
---- Building JPA Specification ----
Predicate list initialized
Creating JOIN with branch
Creating LEFT JOIN with category
Creating LEFT JOIN with subcategory
Final predicate count: 4
====== getMenuItemsWithFilters() END ======
====== getMenuItemsWithFilters() START ======
Input branchId       : 43
Input categoryId     : null
Input subcategoryId  : null
Input searchValue    : null
Input pageNumber     : 0
Input pageSize       : 200
Input dietaryType    : null
Input recommended    : null
Input token          : null
Fetching branch user from DB for branchId: 43
Branch user found. BranchUser ID: 43
---- Building JPA Specification ----
Predicate list initialized
Creating JOIN with branch
Creating LEFT JOIN with category
Creating LEFT JOIN with subcategory
Final predicate count: 4
====== getMenuItemsWithFilters() END ======
====== getMenuItemsWithFilters() START ======
Input branchId       : 43
Input categoryId     : null
Input subcategoryId  : null
Input searchValue    : null
Input pageNumber     : 0
Input pageSize       : 200
Input dietaryType    : null
Input recommended    : null
Input token          : null
Fetching branch user from DB for branchId: 43
Branch user found. BranchUser ID: 43
---- Building JPA Specification ----
Predicate list initialized
Creating JOIN with branch
Creating LEFT JOIN with category
Creating LEFT JOIN with subcategory
Final predicate count: 4
====== getMenuItemsWithFilters() END ======
====== getMenuItemsWithFilters() START ======
Input branchId       : 43
Input categoryId     : null
Input subcategoryId  : null
Input searchValue    : null
Input pageNumber     : 0
Input pageSize       : 200
Input dietaryType    : null
Input recommended    : null
Input token          : null
Fetching branch user from DB for branchId: 43
Branch user found. BranchUser ID: 43
---- Building JPA Specification ----
Predicate list initialized
Creating JOIN with branch
Creating LEFT JOIN with category
Creating LEFT JOIN with subcategory
Final predicate count: 4
====== getMenuItemsWithFilters() END ======
====== getMenuItemsWithFilters() START ======
Input branchId       : 43
Input categoryId     : null
Input subcategoryId  : null
Input searchValue    : null
Input pageNumber     : 0
Input pageSize       : 200
Input dietaryType    : null
Input recommended    : null
Input token          : null
Fetching branch user from DB for branchId: 43
Branch user found. BranchUser ID: 43
---- Building JPA Specification ----
Predicate list initialized
Creating JOIN with branch
Creating LEFT JOIN with category
Creating LEFT JOIN with subcategory
Final predicate count: 4
====== getMenuItemsWithFilters() END ======
====== getMenuItemsWithFilters() START ======
Input branchId       : 43
Input categoryId     : null
Input subcategoryId  : null
Input searchValue    : null
Input pageNumber     : 0
Input pageSize       : 200
Input dietaryType    : null
Input recommended    : null
Input token          : null
Fetching branch user from DB for branchId: 43
Branch user found. BranchUser ID: 43
---- Building JPA Specification ----
Predicate list initialized
Creating JOIN with branch
Creating LEFT JOIN with category
Creating LEFT JOIN with subcategory
Final predicate count: 4
====== getMenuItemsWithFilters() END ======
====== getMenuItemsWithFilters() START ======
Input branchId       : 43
Input categoryId     : null
Input subcategoryId  : null
Input searchValue    : null
Input pageNumber     : 0
Input pageSize       : 200
Input dietaryType    : null
Input recommended    : null
Input token          : null
Fetching branch user from DB for branchId: 43
Branch user found. BranchUser ID: 43
---- Building JPA Specification ----
Predicate list initialized
Creating JOIN with branch
Creating LEFT JOIN with category
Creating LEFT JOIN with subcategory
Final predicate count: 4
====== getMenuItemsWithFilters() END ======
2026-07-10T23:09:36.342+05:30  WARN 25888 --- [RMS-Backend] [nio-8091-exec-5] com.zaxxer.hikari.pool.PoolBase          : HikariPool-3 - Failed to validate connection org.postgresql.jdbc.PgConnection@42ccb078 (This connection has been closed.). Possibly consider using a shorter maxLifetime value.
2026-07-10T23:09:36.380+05:30  WARN 25888 --- [RMS-Backend] [nio-8091-exec-5] com.zaxxer.hikari.pool.PoolBase          : HikariPool-3 - Failed to validate connection org.postgresql.jdbc.PgConnection@31acf725 (This connection has been closed.). Possibly consider using a shorter maxLifetime value.
2026-07-10T23:09:36.382+05:30  WARN 25888 --- [RMS-Backend] [nio-8091-exec-5] com.zaxxer.hikari.pool.PoolBase          : HikariPool-3 - Failed to validate connection org.postgresql.jdbc.PgConnection@45faf43 (This connection has been closed.). Possibly consider using a shorter maxLifetime value.
2026-07-10T23:09:36.382+05:30  WARN 25888 --- [RMS-Backend] [nio-8091-exec-5] com.zaxxer.hikari.pool.PoolBase          : HikariPool-3 - Failed to validate connection org.postgresql.jdbc.PgConnection@233790c0 (This connection has been closed.). Possibly consider using a shorter maxLifetime value.
2026-07-10T23:09:36.384+05:30  WARN 25888 --- [RMS-Backend] [nio-8091-exec-5] com.zaxxer.hikari.pool.PoolBase          : HikariPool-3 - Failed to validate connection org.postgresql.jdbc.PgConnection@56435d23 (This connection has been closed.). Possibly consider using a shorter maxLifetime value.
2026-07-10T23:09:36.390+05:30  WARN 25888 --- [RMS-Backend] [nio-8091-exec-5] com.zaxxer.hikari.pool.PoolBase          : HikariPool-3 - Failed to validate connection org.postgresql.jdbc.PgConnection@809d11 (This connection has been closed.). Possibly consider using a shorter maxLifetime value.
2026-07-10T23:09:36.392+05:30  WARN 25888 --- [RMS-Backend] [nio-8091-exec-5] com.zaxxer.hikari.pool.PoolBase          : HikariPool-3 - Failed to validate connection org.postgresql.jdbc.PgConnection@795c1ff5 (This connection has been closed.). Possibly consider using a shorter maxLifetime value.
2026-07-10T23:09:36.393+05:30  WARN 25888 --- [RMS-Backend] [nio-8091-exec-5] com.zaxxer.hikari.pool.PoolBase          : HikariPool-3 - Failed to validate connection org.postgresql.jdbc.PgConnection@6672318e (This connection has been closed.). Possibly consider using a shorter maxLifetime value.
2026-07-10T23:09:36.397+05:30  WARN 25888 --- [RMS-Backend] [nio-8091-exec-5] com.zaxxer.hikari.pool.PoolBase          : HikariPool-3 - Failed to validate connection org.postgresql.jdbc.PgConnection@2a94c226 (This connection has been closed.). Possibly consider using a shorter maxLifetime value.
2026-07-10T23:09:36.399+05:30  WARN 25888 --- [RMS-Backend] [nio-8091-exec-5] com.zaxxer.hikari.pool.PoolBase          : HikariPool-3 - Failed to validate connection org.postgresql.jdbc.PgConnection@2e78aa70 (This connection has been closed.). Possibly consider using a shorter maxLifetime value.
2026-07-10T23:09:42.182+05:30  WARN 25888 --- [RMS-Backend] [l-3:housekeeper] com.zaxxer.hikari.pool.HikariPool        : HikariPool-3 - Thread starvation or clock leap detected (housekeeper delta=1h52m5s317ms311탎200ns).
====== getMenuItemsWithFilters() START ======
Input branchId       : 43
Input categoryId     : null
Input subcategoryId  : null
Input searchValue    : null
Input pageNumber     : 0
Input pageSize       : 200
Input dietaryType    : null
Input recommended    : null
Input token          : null
Fetching branch user from DB for branchId: 43
Branch user found. BranchUser ID: 43
---- Building JPA Specification ----
Predicate list initialized
Creating JOIN with branch
Creating LEFT JOIN with category
Creating LEFT JOIN with subcategory
Final predicate count: 4
====== getMenuItemsWithFilters() END ======
====== getMenuItemsWithFilters() START ======
Input branchId       : 43
Input categoryId     : null
Input subcategoryId  : null
Input searchValue    : null
Input pageNumber     : 0
Input pageSize       : 200
Input dietaryType    : null
Input recommended    : null
Input token          : null
Fetching branch user from DB for branchId: 43
Branch user found. BranchUser ID: 43
---- Building JPA Specification ----
Predicate list initialized
Creating JOIN with branch
Creating LEFT JOIN with category
Creating LEFT JOIN with subcategory
Final predicate count: 4
====== getMenuItemsWithFilters() END ======
====== getMenuItemsWithFilters() START ======
Input branchId       : 43
Input categoryId     : null
Input subcategoryId  : null
Input searchValue    : null
Input pageNumber     : 0
Input pageSize       : 200
Input dietaryType    : null
Input recommended    : null
Input token          : null
Fetching branch user from DB for branchId: 43
Branch user found. BranchUser ID: 43
---- Building JPA Specification ----
Predicate list initialized
Creating JOIN with branch
Creating LEFT JOIN with category
Creating LEFT JOIN with subcategory
Final predicate count: 4
====== getMenuItemsWithFilters() END ======
====== getMenuItemsWithFilters() START ======
Input branchId       : 43
Input categoryId     : null
Input subcategoryId  : null
Input searchValue    : null
Input pageNumber     : 0
Input pageSize       : 200
Input dietaryType    : null
Input recommended    : null
Input token          : null
Fetching branch user from DB for branchId: 43
Branch user found. BranchUser ID: 43
---- Building JPA Specification ----
Predicate list initialized
Creating JOIN with branch
Creating LEFT JOIN with category
Creating LEFT JOIN with subcategory
Final predicate count: 4
====== getMenuItemsWithFilters() END ======
====== getMenuItemsWithFilters() START ======
Input branchId       : 43
Input categoryId     : null
Input subcategoryId  : null
Input searchValue    : null
Input pageNumber     : 0
Input pageSize       : 200
Input dietaryType    : null
Input recommended    : null
Input token          : null
Fetching branch user from DB for branchId: 43
Branch user found. BranchUser ID: 43
---- Building JPA Specification ----
Predicate list initialized
Creating JOIN with branch
Creating LEFT JOIN with category
Creating LEFT JOIN with subcategory
Final predicate count: 4
====== getMenuItemsWithFilters() END ======
? [SUBSCRIPTION SCHEDULER] Running at: 2026-07-10T23:59:57.135138200
? [SUBSCRIPTION SCHEDULER] Done
====== getMenuItemsWithFilters() START ======
Input branchId       : 43
Input categoryId     : null
Input subcategoryId  : null
Input searchValue    : null
Input pageNumber     : 0
Input pageSize       : 200
Input dietaryType    : null
Input recommended    : null
Input token          : null
Fetching branch user from DB for branchId: 43
Branch user found. BranchUser ID: 43
---- Building JPA Specification ----
Predicate list initialized
Creating JOIN with branch
Creating LEFT JOIN with category
Creating LEFT JOIN with subcategory
Final predicate count: 4
====== getMenuItemsWithFilters() END ======
====== getMenuItemsWithFilters() START ======
Input branchId       : 43
Input categoryId     : null
Input subcategoryId  : null
Input searchValue    : null
Input pageNumber     : 0
Input pageSize       : 200
Input dietaryType    : null
Input recommended    : null
Input token          : null
Fetching branch user from DB for branchId: 43
Branch user found. BranchUser ID: 43
---- Building JPA Specification ----
Predicate list initialized
Creating JOIN with branch
Creating LEFT JOIN with category
Creating LEFT JOIN with subcategory
Final predicate count: 4
====== getMenuItemsWithFilters() END ======
====== getMenuItemsWithFilters() START ======
Input branchId       : 43
Input categoryId     : null
Input subcategoryId  : null
Input searchValue    : null
Input pageNumber     : 0
Input pageSize       : 200
Input dietaryType    : null
Input recommended    : null
Input token          : null
Fetching branch user from DB for branchId: 43
Branch user found. BranchUser ID: 43
---- Building JPA Specification ----
Predicate list initialized
Creating JOIN with branch
Creating LEFT JOIN with category
Creating LEFT JOIN with subcategory
Final predicate count: 4
====== getMenuItemsWithFilters() END ======
====== getMenuItemsWithFilters() START ======
Input branchId       : 43
Input categoryId     : null
Input subcategoryId  : null
Input searchValue    : null
Input pageNumber     : 0
Input pageSize       : 200
Input dietaryType    : null
Input recommended    : null
Input token          : null
Fetching branch user from DB for branchId: 43
Branch user found. BranchUser ID: 43
---- Building JPA Specification ----
Predicate list initialized
Creating JOIN with branch
Creating LEFT JOIN with category
Creating LEFT JOIN with subcategory
Final predicate count: 4
====== getMenuItemsWithFilters() END ======
====== getMenuItemsWithFilters() START ======
Input branchId       : 43
Input categoryId     : null
Input subcategoryId  : null
Input searchValue    : null
Input pageNumber     : 0
Input pageSize       : 200
Input dietaryType    : null
Input recommended    : null
Input token          : null
Fetching branch user from DB for branchId: 43
Branch user found. BranchUser ID: 43
---- Building JPA Specification ----
Predicate list initialized
Creating JOIN with branch
Creating LEFT JOIN with category
Creating LEFT JOIN with subcategory
Final predicate count: 4
====== getMenuItemsWithFilters() END ======
====== getMenuItemsWithFilters() START ======
Input branchId       : 43
Input categoryId     : null
Input subcategoryId  : null
Input searchValue    : null
Input pageNumber     : 0
Input pageSize       : 200
Input dietaryType    : null
Input recommended    : null
Input token          : null
Fetching branch user from DB for branchId: 43
Branch user found. BranchUser ID: 43
---- Building JPA Specification ----
Predicate list initialized
Creating JOIN with branch
Creating LEFT JOIN with category
Creating LEFT JOIN with subcategory
Final predicate count: 4
====== getMenuItemsWithFilters() END ======
====== getMenuItemsWithFilters() START ======
Input branchId       : 43
Input categoryId     : null
Input subcategoryId  : null
Input searchValue    : null
Input pageNumber     : 0
Input pageSize       : 200
Input dietaryType    : null
Input recommended    : null
Input token          : null
Fetching branch user from DB for branchId: 43
Branch user found. BranchUser ID: 43
---- Building JPA Specification ----
Predicate list initialized
Creating JOIN with branch
Creating LEFT JOIN with category
Creating LEFT JOIN with subcategory
Final predicate count: 4
====== getMenuItemsWithFilters() END ======
====== getMenuItemsWithFilters() START ======
Input branchId       : 43
Input categoryId     : null
Input subcategoryId  : null
Input searchValue    : null
Input pageNumber     : 0
Input pageSize       : 200
Input dietaryType    : null
Input recommended    : null
Input token          : null
Fetching branch user from DB for branchId: 43
Branch user found. BranchUser ID: 43
---- Building JPA Specification ----
Predicate list initialized
Creating JOIN with branch
Creating LEFT JOIN with category
Creating LEFT JOIN with subcategory
Final predicate count: 4
====== getMenuItemsWithFilters() END ======
====== getMenuItemsWithFilters() START ======
Input branchId       : 43
Input categoryId     : null
Input subcategoryId  : null
Input searchValue    : null
Input pageNumber     : 0
Input pageSize       : 200
Input dietaryType    : null
Input recommended    : null
Input token          : null
Fetching branch user from DB for branchId: 43
Branch user found. BranchUser ID: 43
---- Building JPA Specification ----
Predicate list initialized
Creating JOIN with branch
Creating LEFT JOIN with category
Creating LEFT JOIN with subcategory
Final predicate count: 4
====== getMenuItemsWithFilters() END ======
====== getMenuItemsWithFilters() START ======
Input branchId       : 43
Input categoryId     : null
Input subcategoryId  : null
Input searchValue    : null
Input pageNumber     : 0
Input pageSize       : 200
Input dietaryType    : null
Input recommended    : null
Input token          : null
Fetching branch user from DB for branchId: 43
Branch user found. BranchUser ID: 43
---- Building JPA Specification ----
Predicate list initialized
Creating JOIN with branch
Creating LEFT JOIN with category
Creating LEFT JOIN with subcategory
Final predicate count: 4
====== getMenuItemsWithFilters() END ======
====== getMenuItemsWithFilters() START ======
Input branchId       : 43
Input categoryId     : null
Input subcategoryId  : null
Input searchValue    : null
Input pageNumber     : 0
Input pageSize       : 200
Input dietaryType    : null
Input recommended    : null
Input token          : null
Fetching branch user from DB for branchId: 43
Branch user found. BranchUser ID: 43
---- Building JPA Specification ----
Predicate list initialized
Creating JOIN with branch
Creating LEFT JOIN with category
Creating LEFT JOIN with subcategory
Final predicate count: 4
====== getMenuItemsWithFilters() END ======
====== getMenuItemsWithFilters() START ======
Input branchId       : 43
Input categoryId     : null
Input subcategoryId  : null
Input searchValue    : null
Input pageNumber     : 0
Input pageSize       : 200
Input dietaryType    : null
Input recommended    : null
Input token          : null
Fetching branch user from DB for branchId: 43
Branch user found. BranchUser ID: 43
---- Building JPA Specification ----
Predicate list initialized
Creating JOIN with branch
Creating LEFT JOIN with category
Creating LEFT JOIN with subcategory
Final predicate count: 4
====== getMenuItemsWithFilters() END ======
====== getMenuItemsWithFilters() START ======
Input branchId       : 43
Input categoryId     : null
Input subcategoryId  : null
Input searchValue    : null
Input pageNumber     : 0
Input pageSize       : 200
Input dietaryType    : null
Input recommended    : null
Input token          : null
Fetching branch user from DB for branchId: 43
Branch user found. BranchUser ID: 43
---- Building JPA Specification ----
Predicate list initialized
Creating JOIN with branch
Creating LEFT JOIN with category
Creating LEFT JOIN with subcategory
Final predicate count: 4
====== getMenuItemsWithFilters() END ======
====== getMenuItemsWithFilters() START ======
Input branchId       : 43
Input categoryId     : null
Input subcategoryId  : null
Input searchValue    : null
Input pageNumber     : 0
Input pageSize       : 200
Input dietaryType    : null
Input recommended    : null
Input token          : null
Fetching branch user from DB for branchId: 43
Branch user found. BranchUser ID: 43
---- Building JPA Specification ----
Predicate list initialized
Creating JOIN with branch
Creating LEFT JOIN with category
Creating LEFT JOIN with subcategory
Final predicate count: 4
====== getMenuItemsWithFilters() END ======
====== getMenuItemsWithFilters() START ======
Input branchId       : 43
Input categoryId     : null
Input subcategoryId  : null
Input searchValue    : null
Input pageNumber     : 0
Input pageSize       : 200
Input dietaryType    : null
Input recommended    : null
Input token          : null
Fetching branch user from DB for branchId: 43
Branch user found. BranchUser ID: 43
---- Building JPA Specification ----
Predicate list initialized
Creating JOIN with branch
Creating LEFT JOIN with category
Creating LEFT JOIN with subcategory
Final predicate count: 4
====== getMenuItemsWithFilters() END ======
====== getMenuItemsWithFilters() START ======
Input branchId       : 43
Input categoryId     : null
Input subcategoryId  : null
Input searchValue    : null
Input pageNumber     : 0
Input pageSize       : 200
Input dietaryType    : null
Input recommended    : null
Input token          : null
Fetching branch user from DB for branchId: 43
Branch user found. BranchUser ID: 43
---- Building JPA Specification ----
Predicate list initialized
Creating JOIN with branch
Creating LEFT JOIN with category
Creating LEFT JOIN with subcategory
Final predicate count: 4
====== getMenuItemsWithFilters() END ======
====== getMenuItemsWithFilters() START ======
Input branchId       : 43
Input categoryId     : null
Input subcategoryId  : null
Input searchValue    : null
Input pageNumber     : 0
Input pageSize       : 200
Input dietaryType    : null
Input recommended    : null
Input token          : null
Fetching branch user from DB for branchId: 43
Branch user found. BranchUser ID: 43
---- Building JPA Specification ----
Predicate list initialized
Creating JOIN with branch
Creating LEFT JOIN with category
Creating LEFT JOIN with subcategory
Final predicate count: 4
====== getMenuItemsWithFilters() END ======
====== getMenuItemsWithFilters() START ======
Input branchId       : 43
Input categoryId     : null
Input subcategoryId  : null
Input searchValue    : null
Input pageNumber     : 0
Input pageSize       : 200
Input dietaryType    : null
Input recommended    : null
Input token          : null
Fetching branch user from DB for branchId: 43
Branch user found. BranchUser ID: 43
---- Building JPA Specification ----
Predicate list initialized
Creating JOIN with branch
Creating LEFT JOIN with category
Creating LEFT JOIN with subcategory
Final predicate count: 4
====== getMenuItemsWithFilters() END ======
2026-07-11T05:09:05.565+05:30  WARN 25888 --- [RMS-Backend] [nio-8091-exec-7] com.zaxxer.hikari.pool.PoolBase          : HikariPool-3 - Failed to validate connection org.postgresql.jdbc.PgConnection@41c379cb (This connection has been closed.). Possibly consider using a shorter maxLifetime value.
2026-07-11T05:09:05.622+05:30  WARN 25888 --- [RMS-Backend] [nio-8091-exec-7] com.zaxxer.hikari.pool.PoolBase          : HikariPool-3 - Failed to validate connection org.postgresql.jdbc.PgConnection@58965178 (This connection has been closed.). Possibly consider using a shorter maxLifetime value.
2026-07-11T05:09:05.622+05:30  WARN 25888 --- [RMS-Backend] [nio-8091-exec-7] com.zaxxer.hikari.pool.PoolBase          : HikariPool-3 - Failed to validate connection org.postgresql.jdbc.PgConnection@576850d8 (This connection has been closed.). Possibly consider using a shorter maxLifetime value.
2026-07-11T05:09:05.624+05:30  WARN 25888 --- [RMS-Backend] [nio-8091-exec-7] com.zaxxer.hikari.pool.PoolBase          : HikariPool-3 - Failed to validate connection org.postgresql.jdbc.PgConnection@d3f76df (This connection has been closed.). Possibly consider using a shorter maxLifetime value.
2026-07-11T05:09:05.624+05:30  WARN 25888 --- [RMS-Backend] [nio-8091-exec-7] com.zaxxer.hikari.pool.PoolBase          : HikariPool-3 - Failed to validate connection org.postgresql.jdbc.PgConnection@33313654 (This connection has been closed.). Possibly consider using a shorter maxLifetime value.
2026-07-11T05:09:05.627+05:30  WARN 25888 --- [RMS-Backend] [nio-8091-exec-7] com.zaxxer.hikari.pool.PoolBase          : HikariPool-3 - Failed to validate connection org.postgresql.jdbc.PgConnection@59c6acdb (This connection has been closed.). Possibly consider using a shorter maxLifetime value.
2026-07-11T05:09:05.629+05:30  WARN 25888 --- [RMS-Backend] [nio-8091-exec-7] com.zaxxer.hikari.pool.PoolBase          : HikariPool-3 - Failed to validate connection org.postgresql.jdbc.PgConnection@4c3dd9ab (This connection has been closed.). Possibly consider using a shorter maxLifetime value.
2026-07-11T05:09:05.629+05:30  WARN 25888 --- [RMS-Backend] [nio-8091-exec-7] com.zaxxer.hikari.pool.PoolBase          : HikariPool-3 - Failed to validate connection org.postgresql.jdbc.PgConnection@3a42d77d (This connection has been closed.). Possibly consider using a shorter maxLifetime value.
2026-07-11T05:09:05.631+05:30  WARN 25888 --- [RMS-Backend] [nio-8091-exec-7] com.zaxxer.hikari.pool.PoolBase          : HikariPool-3 - Failed to validate connection org.postgresql.jdbc.PgConnection@fbd5f7 (This connection has been closed.). Possibly consider using a shorter maxLifetime value.
2026-07-11T05:09:05.633+05:30  WARN 25888 --- [RMS-Backend] [nio-8091-exec-7] com.zaxxer.hikari.pool.PoolBase          : HikariPool-3 - Failed to validate connection org.postgresql.jdbc.PgConnection@6c371147 (This connection has been closed.). Possibly consider using a shorter maxLifetime value.
2026-07-11T08:49:07.643+05:30  WARN 25888 --- [RMS-Backend] [onnection-adder] com.zaxxer.hikari.pool.PoolBase          : HikariPool-3 - Pool is empty, failed to create/setup connection (23bb34c7-1001-4b18-82b8-f636e58279d2)

org.postgresql.util.PSQLException: The connection attempt failed.
	at org.postgresql.core.v3.ConnectionFactoryImpl.openConnectionImpl(ConnectionFactoryImpl.java:364) ~[postgresql-42.7.5.jar:42.7.5]
	at org.postgresql.core.ConnectionFactory.openConnection(ConnectionFactory.java:54) ~[postgresql-42.7.5.jar:42.7.5]
	at org.postgresql.jdbc.PgConnection.<init>(PgConnection.java:273) ~[postgresql-42.7.5.jar:42.7.5]
	at org.postgresql.Driver.makeConnection(Driver.java:446) ~[postgresql-42.7.5.jar:42.7.5]
	at org.postgresql.Driver.connect(Driver.java:298) ~[postgresql-42.7.5.jar:42.7.5]
	at com.zaxxer.hikari.util.DriverDataSource.getConnection(DriverDataSource.java:139) ~[HikariCP-6.3.0.jar:na]
	at com.zaxxer.hikari.pool.PoolBase.newConnection(PoolBase.java:368) ~[HikariCP-6.3.0.jar:na]
	at com.zaxxer.hikari.pool.PoolBase.newPoolEntry(PoolBase.java:205) ~[HikariCP-6.3.0.jar:na]
	at com.zaxxer.hikari.pool.HikariPool.createPoolEntry(HikariPool.java:483) ~[HikariCP-6.3.0.jar:na]
	at com.zaxxer.hikari.pool.HikariPool$PoolEntryCreator.call(HikariPool.java:747) ~[HikariCP-6.3.0.jar:na]
	at com.zaxxer.hikari.pool.HikariPool$PoolEntryCreator.call(HikariPool.java:726) ~[HikariCP-6.3.0.jar:na]
	at java.base/java.util.concurrent.FutureTask.run(FutureTask.java:264) ~[na:na]
	at java.base/java.util.concurrent.ThreadPoolExecutor.runWorker(ThreadPoolExecutor.java:1136) ~[na:na]
	at java.base/java.util.concurrent.ThreadPoolExecutor$Worker.run(ThreadPoolExecutor.java:635) ~[na:na]
	at java.base/java.lang.Thread.run(Thread.java:842) ~[na:na]
Caused by: java.net.UnknownHostException: db.wcjsezlljrxmnymoowjx.supabase.co
	at java.base/sun.nio.ch.NioSocketImpl.connect(NioSocketImpl.java:572) ~[na:na]
	at java.base/java.net.SocksSocketImpl.connect(SocksSocketImpl.java:327) ~[na:na]
	at java.base/java.net.Socket.connect(Socket.java:633) ~[na:na]
	at org.postgresql.core.PGStream.createSocket(PGStream.java:260) ~[postgresql-42.7.5.jar:42.7.5]
	at org.postgresql.core.PGStream.<init>(PGStream.java:121) ~[postgresql-42.7.5.jar:42.7.5]
	at org.postgresql.core.v3.ConnectionFactoryImpl.tryConnect(ConnectionFactoryImpl.java:140) ~[postgresql-42.7.5.jar:42.7.5]
	at org.postgresql.core.v3.ConnectionFactoryImpl.openConnectionImpl(ConnectionFactoryImpl.java:268) ~[postgresql-42.7.5.jar:42.7.5]
	... 14 common frames omitted

2026-07-11T08:49:17.468+05:30  WARN 25888 --- [RMS-Backend] [l-3:housekeeper] com.zaxxer.hikari.pool.HikariPool        : HikariPool-3 - Thread starvation or clock leap detected (housekeeper delta=4h18m29s905ms136탎500ns).
2026-07-11T11:44:52.068+05:30  WARN 25888 --- [RMS-Backend] [onnection-adder] com.zaxxer.hikari.pool.PoolBase          : HikariPool-3 - Pool is empty, failed to create/setup connection (e5b8fe8f-eabb-496a-bf59-2b9ce72d0d21)

org.postgresql.util.PSQLException: The connection attempt failed.
	at org.postgresql.core.v3.ConnectionFactoryImpl.openConnectionImpl(ConnectionFactoryImpl.java:364) ~[postgresql-42.7.5.jar:42.7.5]
	at org.postgresql.core.ConnectionFactory.openConnection(ConnectionFactory.java:54) ~[postgresql-42.7.5.jar:42.7.5]
	at org.postgresql.jdbc.PgConnection.<init>(PgConnection.java:273) ~[postgresql-42.7.5.jar:42.7.5]
	at org.postgresql.Driver.makeConnection(Driver.java:446) ~[postgresql-42.7.5.jar:42.7.5]
	at org.postgresql.Driver.connect(Driver.java:298) ~[postgresql-42.7.5.jar:42.7.5]
	at com.zaxxer.hikari.util.DriverDataSource.getConnection(DriverDataSource.java:139) ~[HikariCP-6.3.0.jar:na]
	at com.zaxxer.hikari.pool.PoolBase.newConnection(PoolBase.java:368) ~[HikariCP-6.3.0.jar:na]
	at com.zaxxer.hikari.pool.PoolBase.newPoolEntry(PoolBase.java:205) ~[HikariCP-6.3.0.jar:na]
	at com.zaxxer.hikari.pool.HikariPool.createPoolEntry(HikariPool.java:483) ~[HikariCP-6.3.0.jar:na]
	at com.zaxxer.hikari.pool.HikariPool$PoolEntryCreator.call(HikariPool.java:747) ~[HikariCP-6.3.0.jar:na]
	at com.zaxxer.hikari.pool.HikariPool$PoolEntryCreator.call(HikariPool.java:726) ~[HikariCP-6.3.0.jar:na]
	at java.base/java.util.concurrent.FutureTask.run(FutureTask.java:264) ~[na:na]
	at java.base/java.util.concurrent.ThreadPoolExecutor.runWorker(ThreadPoolExecutor.java:1136) ~[na:na]
	at java.base/java.util.concurrent.ThreadPoolExecutor$Worker.run(ThreadPoolExecutor.java:635) ~[na:na]
	at java.base/java.lang.Thread.run(Thread.java:842) ~[na:na]
Caused by: java.net.UnknownHostException: db.wcjsezlljrxmnymoowjx.supabase.co
	at java.base/sun.nio.ch.NioSocketImpl.connect(NioSocketImpl.java:572) ~[na:na]
	at java.base/java.net.SocksSocketImpl.connect(SocksSocketImpl.java:327) ~[na:na]
	at java.base/java.net.Socket.connect(Socket.java:633) ~[na:na]
	at org.postgresql.core.PGStream.createSocket(PGStream.java:260) ~[postgresql-42.7.5.jar:42.7.5]
	at org.postgresql.core.PGStream.<init>(PGStream.java:121) ~[postgresql-42.7.5.jar:42.7.5]
	at org.postgresql.core.v3.ConnectionFactoryImpl.tryConnect(ConnectionFactoryImpl.java:140) ~[postgresql-42.7.5.jar:42.7.5]
	at org.postgresql.core.v3.ConnectionFactoryImpl.openConnectionImpl(ConnectionFactoryImpl.java:268) ~[postgresql-42.7.5.jar:42.7.5]
	... 14 common frames omitted

2026-07-11T11:45:17.061+05:30  WARN 25888 --- [RMS-Backend] [l-3:housekeeper] com.zaxxer.hikari.pool.HikariPool        : HikariPool-3 - Thread starvation or clock leap detected (housekeeper delta=2h56m1s161ms144탎700ns).
Received token for decryption: 7567726c1fa4eb8e9dd1f6be0a25a8a5d6619bcde6a7b1a691ac5382e4b885bb5d9d397132c9384a1117cf251c74dce65d3cc9a36a2d48eea400c18288c0efb889257aae2c54f76e3ab0413384cf912c757c6e677c8cd5e0a4e53613d1f699b3
? Restaurant Dashboard Summary API Hit
2026-07-11T11:45:48.971+05:30  WARN 25888 --- [RMS-Backend] [nio-8091-exec-2] .m.m.a.ExceptionHandlerExceptionResolver : Resolved [org.springframework.web.bind.MissingServletRequestParameterException: Required request parameter 'restId' for method parameter type Long is not present]
Received token for decryption: 7567726c1fa4eb8e9dd1f6be0a25a8a5d6619bcde6a7b1a691ac5382e4b885bb5d9d397132c9384a1117cf251c74dce65d3cc9a36a2d48eea400c18288c0efb889257aae2c54f76e3ab0413384cf912c757c6e677c8cd5e0a4e53613d1f699b3
Decrypted Token: {"id": 42, "userType": "restaurant", "parentId": 1, "branchId": null, "timestamp": 2782129348}
Decrypted Token: {"id": 42, "userType": "restaurant", "parentId": 1, "branchId": null, "timestamp": 2782129348}
Extracted userType from token: restaurant
Extracted userType from token: restaurant
Current Timestamp: 1783750549
Current Timestamp: 1783750549
OTP Expiry Timestamp: 2782129348
OTP Expiry Timestamp: 2782129348
====== TOKEN DECRYPT START ======
====== TOKEN DECRYPT START ======
Encrypted Token : 7567726c1fa4eb8e9dd1f6be0a25a8a5d6619bcde6a7b1a691ac5382e4b885bb5d9d397132c9384a1117cf251c74dce65d3cc9a36a2d48eea400c18288c0efb889257aae2c54f76e3ab0413384cf912c757c6e677c8cd5e0a4e53613d1f699b3
Encrypted Token : 7567726c1fa4eb8e9dd1f6be0a25a8a5d6619bcde6a7b1a691ac5382e4b885bb5d9d397132c9384a1117cf251c74dce65d3cc9a36a2d48eea400c18288c0efb889257aae2c54f76e3ab0413384cf912c757c6e677c8cd5e0a4e53613d1f699b3
Decrypted Token String : {"id": 42, "userType": "restaurant", "parentId": 1, "branchId": null, "timestamp": 2782129348}
Decrypted Token String : {"id": 42, "userType": "restaurant", "parentId": 1, "branchId": null, "timestamp": 2782129348}
Token JSON Type : JSONObject
Token JSON Type : JSONObject
Parsed Token Data : {"branchId":null,"id":42,"userType":"restaurant","parentId":1,"timestamp":2782129348}
Parsed Token Data : {"branchId":null,"id":42,"userType":"restaurant","parentId":1,"timestamp":2782129348}
====== TOKEN DECRYPT END ======
====== TOKEN DECRYPT END ======
====== getMenuItemsWithFilters() START ======
Input branchId       : 43
Input categoryId     : null
Input subcategoryId  : null
Input searchValue    : null
Input pageNumber     : 0
Input pageSize       : 200
Input dietaryType    : null
Input recommended    : null
Input token          : null
Fetching branch user from DB for branchId: 43
Branch user found. BranchUser ID: 43
---- Building JPA Specification ----
Predicate list initialized
Creating JOIN with branch
Creating LEFT JOIN with category
Creating LEFT JOIN with subcategory
Final predicate count: 4
====== getMenuItemsWithFilters() END ======
====== getMenuItemsWithFilters() START ======
Input branchId       : 43
Input categoryId     : null
Input subcategoryId  : null
Input searchValue    : null
Input pageNumber     : 0
Input pageSize       : 200
Input dietaryType    : null
Input recommended    : null
Input token          : null
Fetching branch user from DB for branchId: 43
Branch user found. BranchUser ID: 43
---- Building JPA Specification ----
Predicate list initialized
Creating JOIN with branch
Creating LEFT JOIN with category
Creating LEFT JOIN with subcategory
Final predicate count: 4
====== getMenuItemsWithFilters() END ======
====== getMenuItemsWithFilters() START ======
Input branchId       : 43
Input categoryId     : null
Input subcategoryId  : null
Input searchValue    : null
Input pageNumber     : 0
Input pageSize       : 200
Input dietaryType    : null
Input recommended    : null
Input token          : null
Fetching branch user from DB for branchId: 43
Branch user found. BranchUser ID: 43
---- Building JPA Specification ----
Predicate list initialized
Creating JOIN with branch
Creating LEFT JOIN with category
Creating LEFT JOIN with subcategory
Final predicate count: 4
====== getMenuItemsWithFilters() END ======
====== getMenuItemsWithFilters() START ======
Input branchId       : 43
Input categoryId     : null
Input subcategoryId  : null
Input searchValue    : null
Input pageNumber     : 0
Input pageSize       : 200
Input dietaryType    : null
Input recommended    : null
Input token          : null
Fetching branch user from DB for branchId: 43
Branch user found. BranchUser ID: 43
---- Building JPA Specification ----
Predicate list initialized
Creating JOIN with branch
Creating LEFT JOIN with category
Creating LEFT JOIN with subcategory
Final predicate count: 4
====== getMenuItemsWithFilters() END ======
====== getMenuItemsWithFilters() START ======
Input branchId       : 43
Input categoryId     : null
Input subcategoryId  : null
Input searchValue    : null
Input pageNumber     : 0
Input pageSize       : 200
Input dietaryType    : null
Input recommended    : null
Input token          : null
Fetching branch user from DB for branchId: 43
Branch user found. BranchUser ID: 43
---- Building JPA Specification ----
Predicate list initialized
Creating JOIN with branch
Creating LEFT JOIN with category
Creating LEFT JOIN with subcategory
Final predicate count: 4
====== getMenuItemsWithFilters() END ======
====== getMenuItemsWithFilters() START ======
Input branchId       : 43
Input categoryId     : null
Input subcategoryId  : null
Input searchValue    : null
Input pageNumber     : 0
Input pageSize       : 200
Input dietaryType    : null
Input recommended    : null
Input token          : null
Fetching branch user from DB for branchId: 43
Branch user found. BranchUser ID: 43
---- Building JPA Specification ----
Predicate list initialized
Creating JOIN with branch
Creating LEFT JOIN with category
Creating LEFT JOIN with subcategory
Final predicate count: 4
====== getMenuItemsWithFilters() END ======
====== getMenuItemsWithFilters() START ======
Input branchId       : 43
Input categoryId     : null
Input subcategoryId  : null
Input searchValue    : null
Input pageNumber     : 0
Input pageSize       : 200
Input dietaryType    : null
Input recommended    : null
Input token          : null
Fetching branch user from DB for branchId: 43
Branch user found. BranchUser ID: 43
---- Building JPA Specification ----
Predicate list initialized
Creating JOIN with branch
Creating LEFT JOIN with category
Creating LEFT JOIN with subcategory
Final predicate count: 4
====== getMenuItemsWithFilters() END ======
====== getMenuItemsWithFilters() START ======
Input branchId       : 43
Input categoryId     : null
Input subcategoryId  : null
Input searchValue    : null
Input pageNumber     : 0
Input pageSize       : 200
Input dietaryType    : null
Input recommended    : null
Input token          : null
Fetching branch user from DB for branchId: 43
Branch user found. BranchUser ID: 43
---- Building JPA Specification ----
Predicate list initialized
Creating JOIN with branch
Creating LEFT JOIN with category
Creating LEFT JOIN with subcategory
Final predicate count: 4
====== getMenuItemsWithFilters() END ======
====== getMenuItemsWithFilters() START ======
Input branchId       : 43
Input categoryId     : null
Input subcategoryId  : null
Input searchValue    : null
Input pageNumber     : 0
Input pageSize       : 200
Input dietaryType    : null
Input recommended    : null
Input token          : null
Fetching branch user from DB for branchId: 43
Branch user found. BranchUser ID: 43
---- Building JPA Specification ----
Predicate list initialized
Creating JOIN with branch
Creating LEFT JOIN with category
Creating LEFT JOIN with subcategory
Final predicate count: 4
====== getMenuItemsWithFilters() END ======
====== getMenuItemsWithFilters() START ======
Input branchId       : 43
Input categoryId     : null
Input subcategoryId  : null
Input searchValue    : null
Input pageNumber     : 0
Input pageSize       : 200
Input dietaryType    : null
Input recommended    : null
Input token          : null
Fetching branch user from DB for branchId: 43
Branch user found. BranchUser ID: 43
---- Building JPA Specification ----
Predicate list initialized
Creating JOIN with branch
Creating LEFT JOIN with category
Creating LEFT JOIN with subcategory
Final predicate count: 4
====== getMenuItemsWithFilters() END ======
====== getMenuItemsWithFilters() START ======
Input branchId       : 43
Input categoryId     : null
Input subcategoryId  : null
Input searchValue    : null
Input pageNumber     : 0
Input pageSize       : 200
Input dietaryType    : null
Input recommended    : null
Input token          : null
Fetching branch user from DB for branchId: 43
Branch user found. BranchUser ID: 43
---- Building JPA Specification ----
Predicate list initialized
Creating JOIN with branch
Creating LEFT JOIN with category
Creating LEFT JOIN with subcategory
Final predicate count: 4
====== getMenuItemsWithFilters() END ======
====== getMenuItemsWithFilters() START ======
Input branchId       : 43
Input categoryId     : null
Input subcategoryId  : null
Input searchValue    : null
Input pageNumber     : 0
Input pageSize       : 200
Input dietaryType    : null
Input recommended    : null
Input token          : null
Fetching branch user from DB for branchId: 43
Branch user found. BranchUser ID: 43
---- Building JPA Specification ----
Predicate list initialized
Creating JOIN with branch
Creating LEFT JOIN with category
Creating LEFT JOIN with subcategory
Final predicate count: 4
====== getMenuItemsWithFilters() END ======
====== getMenuItemsWithFilters() START ======
Input branchId       : 43
Input categoryId     : null
Input subcategoryId  : null
Input searchValue    : null
Input pageNumber     : 0
Input pageSize       : 200
Input dietaryType    : null
Input recommended    : null
Input token          : null
Fetching branch user from DB for branchId: 43
Branch user found. BranchUser ID: 43
---- Building JPA Specification ----
Predicate list initialized
Creating JOIN with branch
Creating LEFT JOIN with category
Creating LEFT JOIN with subcategory
Final predicate count: 4
====== getMenuItemsWithFilters() END ======
====== getMenuItemsWithFilters() START ======
Input branchId       : 43
Input categoryId     : null
Input subcategoryId  : null
Input searchValue    : null
Input pageNumber     : 0
Input pageSize       : 200
Input dietaryType    : null
Input recommended    : null
Input token          : null
Fetching branch user from DB for branchId: 43
Branch user found. BranchUser ID: 43
---- Building JPA Specification ----
Predicate list initialized
Creating JOIN with branch
Creating LEFT JOIN with category
Creating LEFT JOIN with subcategory
Final predicate count: 4
====== getMenuItemsWithFilters() END ======
====== getMenuItemsWithFilters() START ======
Input branchId       : 43
Input categoryId     : null
Input subcategoryId  : null
Input searchValue    : null
Input pageNumber     : 0
Input pageSize       : 200
Input dietaryType    : null
Input recommended    : null
Input token          : null
Fetching branch user from DB for branchId: 43
Branch user found. BranchUser ID: 43
---- Building JPA Specification ----
Predicate list initialized
Creating JOIN with branch
Creating LEFT JOIN with category
Creating LEFT JOIN with subcategory
Final predicate count: 4
====== getMenuItemsWithFilters() END ======
====== getMenuItemsWithFilters() START ======
Input branchId       : 43
Input categoryId     : null
Input subcategoryId  : null
Input searchValue    : null
Input pageNumber     : 0
Input pageSize       : 200
Input dietaryType    : null
Input recommended    : null
Input token          : null
Fetching branch user from DB for branchId: 43
Branch user found. BranchUser ID: 43
---- Building JPA Specification ----
Predicate list initialized
Creating JOIN with branch
Creating LEFT JOIN with category
Creating LEFT JOIN with subcategory
Final predicate count: 4
====== getMenuItemsWithFilters() END ======
====== getMenuItemsWithFilters() START ======
Input branchId       : 43
Input categoryId     : null
Input subcategoryId  : null
Input searchValue    : null
Input pageNumber     : 0
Input pageSize       : 200
Input dietaryType    : null
Input recommended    : null
Input token          : null
Fetching branch user from DB for branchId: 43
Branch user found. BranchUser ID: 43
---- Building JPA Specification ----
Predicate list initialized
Creating JOIN with branch
Creating LEFT JOIN with category
Creating LEFT JOIN with subcategory
Final predicate count: 4
====== getMenuItemsWithFilters() END ======
====== getMenuItemsWithFilters() START ======
Input branchId       : 43
Input categoryId     : null
Input subcategoryId  : null
Input searchValue    : null
Input pageNumber     : 0
Input pageSize       : 200
Input dietaryType    : null
Input recommended    : null
Input token          : null
Fetching branch user from DB for branchId: 43
Branch user found. BranchUser ID: 43
---- Building JPA Specification ----
Predicate list initialized
Creating JOIN with branch
Creating LEFT JOIN with category
Creating LEFT JOIN with subcategory
Final predicate count: 4
====== getMenuItemsWithFilters() END ======
====== getMenuItemsWithFilters() START ======
Input branchId       : 43
Input categoryId     : null
Input subcategoryId  : null
Input searchValue    : null
Input pageNumber     : 0
Input pageSize       : 200
Input dietaryType    : null
Input recommended    : null
Input token          : null
Fetching branch user from DB for branchId: 43
Branch user found. BranchUser ID: 43
---- Building JPA Specification ----
Predicate list initialized
Creating JOIN with branch
Creating LEFT JOIN with category
Creating LEFT JOIN with subcategory
Final predicate count: 4
====== getMenuItemsWithFilters() END ======
====== getMenuItemsWithFilters() START ======
Input branchId       : 43
Input categoryId     : null
Input subcategoryId  : null
Input searchValue    : null
Input pageNumber     : 0
Input pageSize       : 200
Input dietaryType    : null
Input recommended    : null
Input token          : null
Fetching branch user from DB for branchId: 43
Branch user found. BranchUser ID: 43
---- Building JPA Specification ----
Predicate list initialized
Creating JOIN with branch
Creating LEFT JOIN with category
Creating LEFT JOIN with subcategory
Final predicate count: 4
====== getMenuItemsWithFilters() END ======
====== getMenuItemsWithFilters() START ======
Input branchId       : 43
Input categoryId     : null
Input subcategoryId  : null
Input searchValue    : null
Input pageNumber     : 0
Input pageSize       : 200
Input dietaryType    : null
Input recommended    : null
Input token          : null
Fetching branch user from DB for branchId: 43
Branch user found. BranchUser ID: 43
---- Building JPA Specification ----
Predicate list initialized
Creating JOIN with branch
Creating LEFT JOIN with category
Creating LEFT JOIN with subcategory
Final predicate count: 4
====== getMenuItemsWithFilters() END ======
====== getMenuItemsWithFilters() START ======
Input branchId       : 43
Input categoryId     : null
Input subcategoryId  : null
Input searchValue    : null
Input pageNumber     : 0
Input pageSize       : 200
Input dietaryType    : null
Input recommended    : null
Input token          : null
Fetching branch user from DB for branchId: 43
Branch user found. BranchUser ID: 43
---- Building JPA Specification ----
Predicate list initialized
Creating JOIN with branch
Creating LEFT JOIN with category
Creating LEFT JOIN with subcategory
Final predicate count: 4
====== getMenuItemsWithFilters() END ======
====== getMenuItemsWithFilters() START ======
Input branchId       : 43
Input categoryId     : null
Input subcategoryId  : null
Input searchValue    : null
Input pageNumber     : 0
Input pageSize       : 200
Input dietaryType    : null
Input recommended    : null
Input token          : null
Fetching branch user from DB for branchId: 43
Branch user found. BranchUser ID: 43
---- Building JPA Specification ----
Predicate list initialized
Creating JOIN with branch
Creating LEFT JOIN with category
Creating LEFT JOIN with subcategory
Final predicate count: 4
====== getMenuItemsWithFilters() END ======
====== getMenuItemsWithFilters() START ======
Input branchId       : 43
Input categoryId     : null
Input subcategoryId  : null
Input searchValue    : null
Input pageNumber     : 0
Input pageSize       : 200
Input dietaryType    : null
Input recommended    : null
Input token          : null
Fetching branch user from DB for branchId: 43
Branch user found. BranchUser ID: 43
---- Building JPA Specification ----
Predicate list initialized
Creating JOIN with branch
Creating LEFT JOIN with category
Creating LEFT JOIN with subcategory
Final predicate count: 4
====== getMenuItemsWithFilters() END ======
====== getMenuItemsWithFilters() START ======
Input branchId       : 43
Input categoryId     : null
Input subcategoryId  : null
Input searchValue    : null
Input pageNumber     : 0
Input pageSize       : 200
Input dietaryType    : null
Input recommended    : null
Input token          : null
Fetching branch user from DB for branchId: 43
Branch user found. BranchUser ID: 43
---- Building JPA Specification ----
Predicate list initialized
Creating JOIN with branch
Creating LEFT JOIN with category
Creating LEFT JOIN with subcategory
Final predicate count: 4
====== getMenuItemsWithFilters() END ======
====== getMenuItemsWithFilters() START ======
Input branchId       : 43
Input categoryId     : null
Input subcategoryId  : null
Input searchValue    : null
Input pageNumber     : 0
Input pageSize       : 200
Input dietaryType    : null
Input recommended    : null
Input token          : null
Fetching branch user from DB for branchId: 43
Branch user found. BranchUser ID: 43
---- Building JPA Specification ----
Predicate list initialized
Creating JOIN with branch
Creating LEFT JOIN with category
Creating LEFT JOIN with subcategory
Final predicate count: 4
====== getMenuItemsWithFilters() END ======
====== getMenuItemsWithFilters() START ======
Input branchId       : 43
Input categoryId     : null
Input subcategoryId  : null
Input searchValue    : null
Input pageNumber     : 0
Input pageSize       : 200
Input dietaryType    : null
Input recommended    : null
Input token          : null
Fetching branch user from DB for branchId: 43
Branch user found. BranchUser ID: 43
---- Building JPA Specification ----
Predicate list initialized
Creating JOIN with branch
Creating LEFT JOIN with category
Creating LEFT JOIN with subcategory
Final predicate count: 4
====== getMenuItemsWithFilters() END ======
====== getMenuItemsWithFilters() START ======
Input branchId       : 43
Input categoryId     : null
Input subcategoryId  : null
Input searchValue    : null
Input pageNumber     : 0
Input pageSize       : 200
Input dietaryType    : null
Input recommended    : null
Input token          : null
Fetching branch user from DB for branchId: 43
Branch user found. BranchUser ID: 43
---- Building JPA Specification ----
Predicate list initialized
Creating JOIN with branch
Creating LEFT JOIN with category
Creating LEFT JOIN with subcategory
Final predicate count: 4
====== getMenuItemsWithFilters() END ======
====== getMenuItemsWithFilters() START ======
Input branchId       : 43
Input categoryId     : null
Input subcategoryId  : null
Input searchValue    : null
Input pageNumber     : 0
Input pageSize       : 200
Input dietaryType    : null
Input recommended    : null
Input token          : null
Fetching branch user from DB for branchId: 43
Branch user found. BranchUser ID: 43
---- Building JPA Specification ----
Predicate list initialized
Creating JOIN with branch
Creating LEFT JOIN with category
Creating LEFT JOIN with subcategory
Final predicate count: 4
====== getMenuItemsWithFilters() END ======
